image_index,alpha_deg,channel,wavelength_nm,period_um,natural_blur_deg,macro_pixel_row,macro_pixel_col,macro_pixel_pitch_um,elementary_grating_size_um,pixel_intensity_norm,duty_cycle
1,-10.0,R,620.0,1.1622270142601614,14.209353319244416,0,0,60.0,5.0,0.0,0.0
1,-10.0,R,620.0,1.1622270142601614,14.209353319244416,0,1,60.0,5.0,0.0,0.0
1,-10.0,R,620.0,1.1622270142601614,14.209353319244416,0,2,60.0,5.0,0.0,0.0
1,-10.0,R,620.0,1.1622270142601614,14.209353319244416,0,3,60.0,5.0,0.0,0.0
1,-10.0,R,620.0,1.1622270142601614,14.209353319244416,0,4,60.0,5.0,0.0,0.0
1,-10.0,R,620.0,1.1622270142601614,14.209353319244416,0,5,60.0,5.0,0.0,0.0
1,-10.0,R,620.0,1.1622270142601614,14.209353319244416,0,6,60.0,5.0,0.0,0.0
1,-10.0,R,620.0,1.1622270142601614,14.209353319244416,0,7,60.0,5.0,0.0,0.0
1,-10.0,R,620.0,1.1622270142601614,14.209353319244416,0,8,60.0,5.0,0.0,0.0
1,-10.0,R,620.0,1.1622270142601614,14.209353319244416,0,9,60.0,5.0,0.0,0.0
1,-10.0,R,620.0,1.1622270142601614,14.209353319244416,0,10,60.0,5.0,0.0,0.0
1,-10.0,R,620.0,1.1622270142601614,14.209353319244416,0,11,60.0,5.0,0.0,0.0
1,-10.0,R,620.0,1.1622270142601614,14.209353319244416,0,12,60.0,5.0,0.0,0.0
1,-10.0,R,620.0,1.1622270142601614,14.209353319244416,0,13,60.0,5.0,0.0,0.0
1,-10.0,R,620.0,1.1622270142601614,14.209353319244416,0,14,60.0,5.0,0.0,0.0
1,-10.0,R,620.0,1.1622270142601614,14.209353319244416,0,15,60.0,5.0,0.0,0.0
1,-10.0,R,620.0,1.1622270142601614,14.209353319244416,0,16,60.0,5.0,0.0,0.0
1,-10.0,R,620.0,1.1622270142601614,14.209353319244416,0,17,60.0,5.0,0.0,0.0
1,-10.0,R,620.0,1.1622270142601614,14.209353319244416,0,18,60.0,5.0,0.0,0.0
1,-10.0,R,620.0,1.1622270142601614,14.209353319244416,0,19,60.0,5.0,0.0,0.0
1,-10.0,R,620.0,1.1622270142601614,14.209353319244416,0,20,60.0,5.0,0.0,0.0
1,-10.0,R,620.0,1.1622270142601614,14.209353319244416,0,21,60.0,5.0,0.0,0.0
1,-10.0,R,620.0,1.1622270142601614,14.209353319244416,0,22,60.0,5.0,0.0,0.0
1,-10.0,R,620.0,1.1622270142601614,14.209353319244416,0,23,60.0,5.0,0.0,0.0
1,-10.0,R,620.0,1.1622270142601614,14.209353319244416,0,24,60.0,5.0,0.0,0.0
1,-10.0,R,620.0,1.1622270142601614,14.209353319244416,0,25,60.0,5.0,0.0,0.0
1,-10.0,R,620.0,1.1622270142601614,14.209353319244416,0,26,60.0,5.0,0.0,0.0
1,-10.0,R,620.0,1.1622270142601614,14.209353319244416,0,27,60.0,5.0,0.0,0.0
1,-10.0,R,620.0,1.1622270142601614,14.209353319244416,0,28,60.0,5.0,0.0,0.0
1,-10.0,R,620.0,1.1622270142601614,14.209353319244416,0,29,60.0,5.0,0.0,0.0
1,-10.0,R,620.0,1.1622270142601614,14.209353319244416,0,30,60.0,5.0,0.0,0.0
1,-10.0,R,620.0,1.1622270142601614,14.209353319244416,0,31,60.0,5.0,0.0,0.0
1,-10.0,R,620.0,1.1622270142601614,14.209353319244416,0,32,60.0,5.0,0.0,0.0
1,-10.0,R,620.0,1.1622270142601614,14.209353319244416,0,33,60.0,5.0,0.0,0.0
1,-10.0,R,620.0,1.1622270142601614,14.209353319244416,0,34,60.0,5.0,0.0,0.0
1,-10.0,R,620.0,1.1622270142601614,14.209353319244416,0,35,60.0,5.0,0.0,0.0
1,-10.0,R,620.0,1.1622270142601614,14.209353319244416,1,0,60.0,5.0,0.0,0.0
1,-10.0,R,620.0,1.1622270142601614,14.209353319244416,1,1,60.0,5.0,0.0,0.0
1,-10.0,R,620.0,1.1622270142601614,14.209353319244416,1,2,60.0,5.0,0.0,0.0
1,-10.0,R,620.0,1.1622270142601614,14.209353319244416,1,3,60.0,5.0,0.0,0.0
1,-10.0,R,620.0,1.1622270142601614,14.209353319244416,1,4,60.0,5.0,0.0,0.0
1,-10.0,R,620.0,1.1622270142601614,14.209353319244416,1,5,60.0,5.0,0.0,0.0
1,-10.0,R,620.0,1.1622270142601614,14.209353319244416,1,6,60.0,5.0,0.0,0.0
1,-10.0,R,620.0,1.1622270142601614,14.209353319244416,1,7,60.0,5.0,0.0,0.0
1,-10.0,R,620.0,1.1622270142601614,14.209353319244416,1,8,60.0,5.0,0.0,0.0
1,-10.0,R,620.0,1.1622270142601614,14.209353319244416,1,9,60.0,5.0,0.0,0.0
1,-10.0,R,620.0,1.1622270142601614,14.209353319244416,1,10,60.0,5.0,0.0,0.0
1,-10.0,R,620.0,1.1622270142601614,14.209353319244416,1,11,60.0,5.0,0.0,0.0
1,-10.0,R,620.0,1.1622270142601614,14.209353319244416,1,12,60.0,5.0,0.0,0.0
1,-10.0,R,620.0,1.1622270142601614,14.209353319244416,1,13,60.0,5.0,0.0,0.0
1,-10.0,R,620.0,1.1622270142601614,14.209353319244416,1,14,60.0,5.0,0.0,0.0
1,-10.0,R,620.0,1.1622270142601614,14.209353319244416,1,15,60.0,5.0,0.0,0.0
1,-10.0,R,620.0,1.1622270142601614,14.209353319244416,1,16,60.0,5.0,0.0,0.0
1,-10.0,R,620.0,1.1622270142601614,14.209353319244416,1,17,60.0,5.0,0.0,0.0
1,-10.0,R,620.0,1.1622270142601614,14.209353319244416,1,18,60.0,5.0,0.0,0.0
1,-10.0,R,620.0,1.1622270142601614,14.209353319244416,1,19,60.0,5.0,0.0,0.0
1,-10.0,R,620.0,1.1622270142601614,14.209353319244416,1,20,60.0,5.0,0.0,0.0
1,-10.0,R,620.0,1.1622270142601614,14.209353319244416,1,21,60.0,5.0,0.0,0.0
1,-10.0,R,620.0,1.1622270142601614,14.209353319244416,1,22,60.0,5.0,0.0,0.0
1,-10.0,R,620.0,1.1622270142601614,14.209353319244416,1,23,60.0,5.0,0.0,0.0
1,-10.0,R,620.0,1.1622270142601614,14.209353319244416,1,24,60.0,5.0,0.0,0.0
1,-10.0,R,620.0,1.1622270142601614,14.209353319244416,1,25,60.0,5.0,0.0,0.0
1,-10.0,R,620.0,1.1622270142601614,14.209353319244416,1,26,60.0,5.0,0.0,0.0
1,-10.0,R,620.0,1.1622270142601614,14.209353319244416,1,27,60.0,5.0,0.0,0.0
1,-10.0,R,620.0,1.1622270142601614,14.209353319244416,1,28,60.0,5.0,0.0,0.0
1,-10.0,R,620.0,1.1622270142601614,14.209353319244416,1,29,60.0,5.0,0.0,0.0
1,-10.0,R,620.0,1.1622270142601614,14.209353319244416,1,30,60.0,5.0,0.0,0.0
1,-10.0,R,620.0,1.1622270142601614,14.209353319244416,1,31,60.0,5.0,0.0,0.0
1,-10.0,R,620.0,1.1622270142601614,14.209353319244416,1,32,60.0,5.0,0.0,0.0
1,-10.0,R,620.0,1.1622270142601614,14.209353319244416,1,33,60.0,5.0,0.0,0.0
1,-10.0,R,620.0,1.1622270142601614,14.209353319244416,1,34,60.0,5.0,0.0,0.0
1,-10.0,R,620.0,1.1622270142601614,14.209353319244416,1,35,60.0,5.0,0.0,0.0
1,-10.0,R,620.0,1.1622270142601614,14.209353319244416,2,0,60.0,5.0,0.0,0.0
1,-10.0,R,620.0,1.1622270142601614,14.209353319244416,2,1,60.0,5.0,0.0,0.0
1,-10.0,R,620.0,1.1622270142601614,14.209353319244416,2,2,60.0,5.0,0.0,0.0
1,-10.0,R,620.0,1.1622270142601614,14.209353319244416,2,3,60.0,5.0,0.0,0.0
1,-10.0,R,620.0,1.1622270142601614,14.209353319244416,2,4,60.0,5.0,0.0,0.0
1,-10.0,R,620.0,1.1622270142601614,14.209353319244416,2,5,60.0,5.0,0.0,0.0
1,-10.0,R,620.0,1.1622270142601614,14.209353319244416,2,6,60.0,5.0,0.0,0.0
1,-10.0,R,620.0,1.1622270142601614,14.209353319244416,2,7,60.0,5.0,0.0,0.0
1,-10.0,R,620.0,1.1622270142601614,14.209353319244416,2,8,60.0,5.0,0.0,0.0
1,-10.0,R,620.0,1.1622270142601614,14.209353319244416,2,9,60.0,5.0,0.0,0.0
1,-10.0,R,620.0,1.1622270142601614,14.209353319244416,2,10,60.0,5.0,0.0,0.0
1,-10.0,R,620.0,1.1622270142601614,14.209353319244416,2,11,60.0,5.0,0.0,0.0
1,-10.0,R,620.0,1.1622270142601614,14.209353319244416,2,12,60.0,5.0,0.0,0.0
1,-10.0,R,620.0,1.1622270142601614,14.209353319244416,2,13,60.0,5.0,0.0,0.0
1,-10.0,R,620.0,1.1622270142601614,14.209353319244416,2,14,60.0,5.0,0.0,0.0
1,-10.0,R,620.0,1.1622270142601614,14.209353319244416,2,15,60.0,5.0,0.0,0.0
1,-10.0,R,620.0,1.1622270142601614,14.209353319244416,2,16,60.0,5.0,0.0,0.0
1,-10.0,R,620.0,1.1622270142601614,14.209353319244416,2,17,60.0,5.0,0.0,0.0
1,-10.0,R,620.0,1.1622270142601614,14.209353319244416,2,18,60.0,5.0,0.0,0.0
1,-10.0,R,620.0,1.1622270142601614,14.209353319244416,2,19,60.0,5.0,0.0,0.0
1,-10.0,R,620.0,1.1622270142601614,14.209353319244416,2,20,60.0,5.0,0.0,0.0
1,-10.0,R,620.0,1.1622270142601614,14.209353319244416,2,21,60.0,5.0,0.0,0.0
1,-10.0,R,620.0,1.1622270142601614,14.209353319244416,2,22,60.0,5.0,0.0,0.0
1,-10.0,R,620.0,1.1622270142601614,14.209353319244416,2,23,60.0,5.0,0.0,0.0
1,-10.0,R,620.0,1.1622270142601614,14.209353319244416,2,24,60.0,5.0,0.0,0.0
1,-10.0,R,620.0,1.1622270142601614,14.209353319244416,2,25,60.0,5.0,0.0,0.0
1,-10.0,R,620.0,1.1622270142601614,14.209353319244416,2,26,60.0,5.0,0.0,0.0
1,-10.0,R,620.0,1.1622270142601614,14.209353319244416,2,27,60.0,5.0,0.0,0.0
1,-10.0,R,620.0,1.1622270142601614,14.209353319244416,2,28,60.0,5.0,0.0,0.0
1,-10.0,R,620.0,1.1622270142601614,14.209353319244416,2,29,60.0,5.0,0.0,0.0
1,-10.0,R,620.0,1.1622270142601614,14.209353319244416,2,30,60.0,5.0,0.0,0.0
1,-10.0,R,620.0,1.1622270142601614,14.209353319244416,2,31,60.0,5.0,0.0,0.0
1,-10.0,R,620.0,1.1622270142601614,14.209353319244416,2,32,60.0,5.0,0.0,0.0
1,-10.0,R,620.0,1.1622270142601614,14.209353319244416,2,33,60.0,5.0,0.0,0.0
1,-10.0,R,620.0,1.1622270142601614,14.209353319244416,2,34,60.0,5.0,0.0,0.0
1,-10.0,R,620.0,1.1622270142601614,14.209353319244416,2,35,60.0,5.0,0.0,0.0
1,-10.0,R,620.0,1.1622270142601614,14.209353319244416,3,0,60.0,5.0,0.0,0.0
1,-10.0,R,620.0,1.1622270142601614,14.209353319244416,3,1,60.0,5.0,0.0,0.0
1,-10.0,R,620.0,1.1622270142601614,14.209353319244416,3,2,60.0,5.0,0.0,0.0
1,-10.0,R,620.0,1.1622270142601614,14.209353319244416,3,3,60.0,5.0,0.0,0.0
1,-10.0,R,620.0,1.1622270142601614,14.209353319244416,3,4,60.0,5.0,0.0,0.0
1,-10.0,R,620.0,1.1622270142601614,14.209353319244416,3,5,60.0,5.0,0.0,0.0
1,-10.0,R,620.0,1.1622270142601614,14.209353319244416,3,6,60.0,5.0,0.0,0.0
1,-10.0,R,620.0,1.1622270142601614,14.209353319244416,3,7,60.0,5.0,0.0,0.0
1,-10.0,R,620.0,1.1622270142601614,14.209353319244416,3,8,60.0,5.0,0.0,0.0
1,-10.0,R,620.0,1.1622270142601614,14.209353319244416,3,9,60.0,5.0,0.0,0.0
1,-10.0,R,620.0,1.1622270142601614,14.209353319244416,3,10,60.0,5.0,0.0,0.0
1,-10.0,R,620.0,1.1622270142601614,14.209353319244416,3,11,60.0,5.0,0.0,0.0
1,-10.0,R,620.0,1.1622270142601614,14.209353319244416,3,12,60.0,5.0,0.0,0.0
1,-10.0,R,620.0,1.1622270142601614,14.209353319244416,3,13,60.0,5.0,0.0,0.0
1,-10.0,R,620.0,1.1622270142601614,14.209353319244416,3,14,60.0,5.0,0.0,0.0
1,-10.0,R,620.0,1.1622270142601614,14.209353319244416,3,15,60.0,5.0,0.0,0.0
1,-10.0,R,620.0,1.1622270142601614,14.209353319244416,3,16,60.0,5.0,0.0,0.0
1,-10.0,R,620.0,1.1622270142601614,14.209353319244416,3,17,60.0,5.0,0.0,0.0
1,-10.0,R,620.0,1.1622270142601614,14.209353319244416,3,18,60.0,5.0,0.0,0.0
1,-10.0,R,620.0,1.1622270142601614,14.209353319244416,3,19,60.0,5.0,0.0,0.0
1,-10.0,R,620.0,1.1622270142601614,14.209353319244416,3,20,60.0,5.0,0.0,0.0
1,-10.0,R,620.0,1.1622270142601614,14.209353319244416,3,21,60.0,5.0,0.0,0.0
1,-10.0,R,620.0,1.1622270142601614,14.209353319244416,3,22,60.0,5.0,0.0,0.0
1,-10.0,R,620.0,1.1622270142601614,14.209353319244416,3,23,60.0,5.0,0.0,0.0
1,-10.0,R,620.0,1.1622270142601614,14.209353319244416,3,24,60.0,5.0,0.0,0.0
1,-10.0,R,620.0,1.1622270142601614,14.209353319244416,3,25,60.0,5.0,0.0,0.0
1,-10.0,R,620.0,1.1622270142601614,14.209353319244416,3,26,60.0,5.0,0.0,0.0
1,-10.0,R,620.0,1.1622270142601614,14.209353319244416,3,27,60.0,5.0,0.0,0.0
1,-10.0,R,620.0,1.1622270142601614,14.209353319244416,3,28,60.0,5.0,0.0,0.0
1,-10.0,R,620.0,1.1622270142601614,14.209353319244416,3,29,60.0,5.0,0.0,0.0
1,-10.0,R,620.0,1.1622270142601614,14.209353319244416,3,30,60.0,5.0,0.0,0.0
1,-10.0,R,620.0,1.1622270142601614,14.209353319244416,3,31,60.0,5.0,0.0,0.0
1,-10.0,R,620.0,1.1622270142601614,14.209353319244416,3,32,60.0,5.0,0.0,0.0
1,-10.0,R,620.0,1.1622270142601614,14.209353319244416,3,33,60.0,5.0,0.0,0.0
1,-10.0,R,620.0,1.1622270142601614,14.209353319244416,3,34,60.0,5.0,0.0,0.0
1,-10.0,R,620.0,1.1622270142601614,14.209353319244416,3,35,60.0,5.0,0.0,0.0
1,-10.0,R,620.0,1.1622270142601614,14.209353319244416,4,0,60.0,5.0,0.0,0.0
1,-10.0,R,620.0,1.1622270142601614,14.209353319244416,4,1,60.0,5.0,0.0,0.0
1,-10.0,R,620.0,1.1622270142601614,14.209353319244416,4,2,60.0,5.0,0.0,0.0
1,-10.0,R,620.0,1.1622270142601614,14.209353319244416,4,3,60.0,5.0,0.0,0.0
1,-10.0,R,620.0,1.1622270142601614,14.209353319244416,4,4,60.0,5.0,0.0,0.0
1,-10.0,R,620.0,1.1622270142601614,14.209353319244416,4,5,60.0,5.0,0.00392156862745098,0.01994638965273254
1,-10.0,R,620.0,1.1622270142601614,14.209353319244416,4,6,60.0,5.0,0.01568627450980392,0.03997164583041206
1,-10.0,R,620.0,1.1622270142601614,14.209353319244416,4,7,60.0,5.0,0.01568627450980392,0.03997164583041206
1,-10.0,R,620.0,1.1622270142601614,14.209353319244416,4,8,60.0,5.0,0.0,0.0
1,-10.0,R,620.0,1.1622270142601614,14.209353319244416,4,9,60.0,5.0,0.0,0.0
1,-10.0,R,620.0,1.1622270142601614,14.209353319244416,4,10,60.0,5.0,0.0,0.0
1,-10.0,R,620.0,1.1622270142601614,14.209353319244416,4,11,60.0,5.0,0.0,0.0
1,-10.0,R,620.0,1.1622270142601614,14.209353319244416,4,12,60.0,5.0,0.00392156862745098,0.01994638965273254
1,-10.0,R,620.0,1.1622270142601614,14.209353319244416,4,13,60.0,5.0,0.00392156862745098,0.01994638965273254
1,-10.0,R,620.0,1.1622270142601614,14.209353319244416,4,14,60.0,5.0,0.00392156862745098,0.01994638965273254
1,-10.0,R,620.0,1.1622270142601614,14.209353319244416,4,15,60.0,5.0,0.00392156862745098,0.01994638965273254
1,-10.0,R,620.0,1.1622270142601614,14.209353319244416,4,16,60.0,5.0,0.00784313725490196,0.028226977679718004
1,-10.0,R,620.0,1.1622270142601614,14.209353319244416,4,17,60.0,5.0,0.00392156862745098,0.01994638965273254
1,-10.0,R,620.0,1.1622270142601614,14.209353319244416,4,18,60.0,5.0,0.00784313725490196,0.028226977679718004
1,-10.0,R,620.0,1.1622270142601614,14.209353319244416,4,19,60.0,5.0,0.00392156862745098,0.01994638965273254
1,-10.0,R,620.0,1.1622270142601614,14.209353319244416,4,20,60.0,5.0,0.00392156862745098,0.01994638965273254
1,-10.0,R,620.0,1.1622270142601614,14.209353319244416,4,21,60.0,5.0,0.00784313725490196,0.028226977679718004
1,-10.0,R,620.0,1.1622270142601614,14.209353319244416,4,22,60.0,5.0,0.00392156862745098,0.01994638965273254
1,-10.0,R,620.0,1.1622270142601614,14.209353319244416,4,23,60.0,5.0,0.0,0.0
1,-10.0,R,620.0,1.1622270142601614,14.209353319244416,4,24,60.0,5.0,0.0,0.0
1,-10.0,R,620.0,1.1622270142601614,14.209353319244416,4,25,60.0,5.0,0.00784313725490196,0.028226977679718004
1,-10.0,R,620.0,1.1622270142601614,14.209353319244416,4,26,60.0,5.0,0.00784313725490196,0.028226977679718004
1,-10.0,R,620.0,1.1622270142601614,14.209353319244416,4,27,60.0,5.0,0.0,0.0
1,-10.0,R,620.0,1.1622270142601614,14.209353319244416,4,28,60.0,5.0,0.0,0.0
1,-10.0,R,620.0,1.1622270142601614,14.209353319244416,4,29,60.0,5.0,0.0,0.0
1,-10.0,R,620.0,1.1622270142601614,14.209353319244416,4,30,60.0,5.0,0.0,0.0
1,-10.0,R,620.0,1.1622270142601614,14.209353319244416,4,31,60.0,5.0,0.0,0.0
1,-10.0,R,620.0,1.1622270142601614,14.209353319244416,4,32,60.0,5.0,0.0,0.0
1,-10.0,R,620.0,1.1622270142601614,14.209353319244416,4,33,60.0,5.0,0.0,0.0
1,-10.0,R,620.0,1.1622270142601614,14.209353319244416,4,34,60.0,5.0,0.0,0.0
1,-10.0,R,620.0,1.1622270142601614,14.209353319244416,4,35,60.0,5.0,0.0,0.0
1,-10.0,R,620.0,1.1622270142601614,14.209353319244416,5,0,60.0,5.0,0.0,0.0
1,-10.0,R,620.0,1.1622270142601614,14.209353319244416,5,1,60.0,5.0,0.0,0.0
1,-10.0,R,620.0,1.1622270142601614,14.209353319244416,5,2,60.0,5.0,0.0,0.0
1,-10.0,R,620.0,1.1622270142601614,14.209353319244416,5,3,60.0,5.0,0.00392156862745098,0.01994638965273254
1,-10.0,R,620.0,1.1622270142601614,14.209353319244416,5,4,60.0,5.0,0.00392156862745098,0.01994638965273254
1,-10.0,R,620.0,1.1622270142601614,14.209353319244416,5,5,60.0,5.0,0.0,0.0
1,-10.0,R,620.0,1.1622270142601614,14.209353319244416,5,6,60.0,5.0,0.03137254901960784,0.05667903330417266
1,-10.0,R,620.0,1.1622270142601614,14.209353319244416,5,7,60.0,5.0,0.03529411764705882,0.060157486757451334
1,-10.0,R,620.0,1.1622270142601614,14.209353319244416,5,8,60.0,5.0,0.00392156862745098,0.01994638965273254
1,-10.0,R,620.0,1.1622270142601614,14.209353319244416,5,9,60.0,5.0,0.00784313725490196,0.028226977679718004
1,-10.0,R,620.0,1.1622270142601614,14.209353319244416,5,10,60.0,5.0,0.0,0.0
1,-10.0,R,620.0,1.1622270142601614,14.209353319244416,5,11,60.0,5.0,0.0,0.0
1,-10.0,R,620.0,1.1622270142601614,14.209353319244416,5,12,60.0,5.0,0.0,0.0
1,-10.0,R,620.0,1.1622270142601614,14.209353319244416,5,13,60.0,5.0,0.0,0.0
1,-10.0,R,620.0,1.1622270142601614,14.209353319244416,5,14,60.0,5.0,0.0,0.0
1,-10.0,R,620.0,1.1622270142601614,14.209353319244416,5,15,60.0,5.0,0.0,0.0
1,-10.0,R,620.0,1.1622270142601614,14.209353319244416,5,16,60.0,5.0,0.0,0.0
1,-10.0,R,620.0,1.1622270142601614,14.209353319244416,5,17,60.0,5.0,0.0,0.0
1,-10.0,R,620.0,1.1622270142601614,14.209353319244416,5,18,60.0,5.0,0.0,0.0
1,-10.0,R,620.0,1.1622270142601614,14.209353319244416,5,19,60.0,5.0,0.0,0.0
1,-10.0,R,620.0,1.1622270142601614,14.209353319244416,5,20,60.0,5.0,0.0,0.0
1,-10.0,R,620.0,1.1622270142601614,14.209353319244416,5,21,60.0,5.0,0.0,0.0
1,-10.0,R,620.0,1.1622270142601614,14.209353319244416,5,22,60.0,5.0,0.0,0.0
1,-10.0,R,620.0,1.1622270142601614,14.209353319244416,5,23,60.0,5.0,0.0,0.0
1,-10.0,R,620.0,1.1622270142601614,14.209353319244416,5,24,60.0,5.0,0.0,0.0
1,-10.0,R,620.0,1.1622270142601614,14.209353319244416,5,25,60.0,5.0,0.0,0.0
1,-10.0,R,620.0,1.1622270142601614,14.209353319244416,5,26,60.0,5.0,0.0,0.0
1,-10.0,R,620.0,1.1622270142601614,14.209353319244416,5,27,60.0,5.0,0.0,0.0
1,-10.0,R,620.0,1.1622270142601614,14.209353319244416,5,28,60.0,5.0,0.0,0.0
1,-10.0,R,620.0,1.1622270142601614,14.209353319244416,5,29,60.0,5.0,0.0,0.0
1,-10.0,R,620.0,1.1622270142601614,14.209353319244416,5,30,60.0,5.0,0.0,0.0
1,-10.0,R,620.0,1.1622270142601614,14.209353319244416,5,31,60.0,5.0,0.0,0.0
1,-10.0,R,620.0,1.1622270142601614,14.209353319244416,5,32,60.0,5.0,0.0,0.0
1,-10.0,R,620.0,1.1622270142601614,14.209353319244416,5,33,60.0,5.0,0.0,0.0
1,-10.0,R,620.0,1.1622270142601614,14.209353319244416,5,34,60.0,5.0,0.0,0.0
1,-10.0,R,620.0,1.1622270142601614,14.209353319244416,5,35,60.0,5.0,0.0,0.0
1,-10.0,R,620.0,1.1622270142601614,14.209353319244416,6,0,60.0,5.0,0.0,0.0
1,-10.0,R,620.0,1.1622270142601614,14.209353319244416,6,1,60.0,5.0,0.0,0.0
1,-10.0,R,620.0,1.1622270142601614,14.209353319244416,6,2,60.0,5.0,0.0,0.0
1,-10.0,R,620.0,1.1622270142601614,14.209353319244416,6,3,60.0,5.0,0.0,0.0
1,-10.0,R,620.0,1.1622270142601614,14.209353319244416,6,4,60.0,5.0,0.0,0.0
1,-10.0,R,620.0,1.1622270142601614,14.209353319244416,6,5,60.0,5.0,0.12156862745098039,0.11336555669651052
1,-10.0,R,620.0,1.1622270142601614,14.209353319244416,6,6,60.0,5.0,0.11764705882352941,0.11144213027334762
1,-10.0,R,620.0,1.1622270142601614,14.209353319244416,6,7,60.0,5.0,0.27058823529411763,0.17413550547828363
1,-10.0,R,620.0,1.1622270142601614,14.209353319244416,6,8,60.0,5.0,0.07450980392156863,0.08800426979263411
1,-10.0,R,620.0,1.1622270142601614,14.209353319244416,6,9,60.0,5.0,0.0,0.0
1,-10.0,R,620.0,1.1622270142601614,14.209353319244416,6,10,60.0,5.0,0.01568627450980392,0.03997164583041206
1,-10.0,R,620.0,1.1622270142601614,14.209353319244416,6,11,60.0,5.0,0.0,0.0
1,-10.0,R,620.0,1.1622270142601614,14.209353319244416,6,12,60.0,5.0,0.20392156862745098,0.14913829006235088
1,-10.0,R,620.0,1.1622270142601614,14.209353319244416,6,13,60.0,5.0,0.1411764705882353,0.12260956282279944
1,-10.0,R,620.0,1.1622270142601614,14.209353319244416,6,14,60.0,5.0,0.0784313725490196,0.09035304440877327
1,-10.0,R,620.0,1.1622270142601614,14.209353319244416,6,15,60.0,5.0,0.07450980392156863,0.08800426979263411
1,-10.0,R,620.0,1.1622270142601614,14.209353319244416,6,16,60.0,5.0,0.21568627450980393,0.15373730807570263
1,-10.0,R,620.0,1.1622270142601614,14.209353319244416,6,17,60.0,5.0,0.30196078431372547,0.1851854165236684
1,-10.0,R,620.0,1.1622270142601614,14.209353319244416,6,18,60.0,5.0,0.3058823529411765,0.18654239242284085
1,-10.0,R,620.0,1.1622270142601614,14.209353319244416,6,19,60.0,5.0,0.10196078431372549,0.10345212448837855
1,-10.0,R,620.0,1.1622270142601614,14.209353319244416,6,20,60.0,5.0,0.06274509803921569,0.08059162758159863
1,-10.0,R,620.0,1.1622270142601614,14.209353319244416,6,21,60.0,5.0,0.23921568627450981,0.16267352538779695
1,-10.0,R,620.0,1.1622270142601614,14.209353319244416,6,22,60.0,5.0,0.050980392156862744,0.07249578895933438
1,-10.0,R,620.0,1.1622270142601614,14.209353319244416,6,23,60.0,5.0,0.011764705882352941,0.0345936127618576
1,-10.0,R,620.0,1.1622270142601614,14.209353319244416,6,24,60.0,5.0,0.0196078431372549,0.04471926097515774
1,-10.0,R,620.0,1.1622270142601614,14.209353319244416,6,25,60.0,5.0,0.2235294117647059,0.1567527086383188
1,-10.0,R,620.0,1.1622270142601614,14.209353319244416,6,26,60.0,5.0,0.30980392156862746,0.18789451147862046
1,-10.0,R,620.0,1.1622270142601614,14.209353319244416,6,27,60.0,5.0,0.0,0.0
1,-10.0,R,620.0,1.1622270142601614,14.209353319244416,6,28,60.0,5.0,0.00392156862745098,0.01994638965273254
1,-10.0,R,620.0,1.1622270142601614,14.209353319244416,6,29,60.0,5.0,0.0,0.0
1,-10.0,R,620.0,1.1622270142601614,14.209353319244416,6,30,60.0,5.0,0.0,0.0
1,-10.0,R,620.0,1.1622270142601614,14.209353319244416,6,31,60.0,5.0,0.0,0.0
1,-10.0,R,620.0,1.1622270142601614,14.209353319244416,6,32,60.0,5.0,0.0,0.0
1,-10.0,R,620.0,1.1622270142601614,14.209353319244416,6,33,60.0,5.0,0.0,0.0
1,-10.0,R,620.0,1.1622270142601614,14.209353319244416,6,34,60.0,5.0,0.0,0.0
1,-10.0,R,620.0,1.1622270142601614,14.209353319244416,6,35,60.0,5.0,0.0,0.0
1,-10.0,R,620.0,1.1622270142601614,14.209353319244416,7,0,60.0,5.0,0.0,0.0
1,-10.0,R,620.0,1.1622270142601614,14.209353319244416,7,1,60.0,5.0,0.0,0.0
1,-10.0,R,620.0,1.1622270142601614,14.209353319244416,7,2,60.0,5.0,0.0,0.0
1,-10.0,R,620.0,1.1622270142601614,14.209353319244416,7,3,60.0,5.0,0.054901960784313725,0.0752836212383225
1,-10.0,R,620.0,1.1622270142601614,14.209353319244416,7,4,60.0,5.0,0.050980392156862744,0.07249578895933438
1,-10.0,R,620.0,1.1622270142601614,14.209353319244416,7,5,60.0,5.0,0.25098039215686274,0.16702677744422859
1,-10.0,R,620.0,1.1622270142601614,14.209353319244416,7,6,60.0,5.0,0.19215686274509805,0.14443943567870407
1,-10.0,R,620.0,1.1622270142601614,14.209353319244416,7,7,60.0,5.0,0.26666666666666666,0.1727273908759613
1,-10.0,R,620.0,1.1622270142601614,14.209353319244416,7,8,60.0,5.0,0.47843137254901963,0.24313236161726806
1,-10.0,R,620.0,1.1622270142601614,14.209353319244416,7,9,60.0,5.0,0.27058823529411763,0.17413550547828363
1,-10.0,R,620.0,1.1622270142601614,14.209353319244416,7,10,60.0,5.0,0.027450980392156862,0.05298297410946823
1,-10.0,R,620.0,1.1622270142601614,14.209353319244416,7,11,60.0,5.0,0.0,0.0
1,-10.0,R,620.0,1.1622270142601614,14.209353319244416,7,12,60.0,5.0,0.3607843137254902,0.205092759971859
1,-10.0,R,620.0,1.1622270142601614,14.209353319244416,7,13,60.0,5.0,0.5372549019607843,0.26186960369612183
1,-10.0,R,620.0,1.1622270142601614,14.209353319244416,7,14,60.0,5.0,0.5333333333333333,0.26061820480353987
1,-10.0,R,620.0,1.1622270142601614,14.209353319244416,7,15,60.0,5.0,0.49019607843137253,0.24687911483972108
1,-10.0,R,620.0,1.1622270142601614,14.209353319244416,7,16,60.0,5.0,0.49411764705882355,0.24812754570923665
1,-10.0,R,620.0,1.1622270142601614,14.209353319244416,7,17,60.0,5.0,0.5215686274509804,0.25686763838273197
1,-10.0,R,620.0,1.1622270142601614,14.209353319244416,7,18,60.0,5.0,0.5764705882352941,0.27443725197219737
1,-10.0,R,620.0,1.1622270142601614,14.209353319244416,7,19,60.0,5.0,0.5019607843137255,0.2506241386314801
1,-10.0,R,620.0,1.1622270142601614,14.209353319244416,7,20,60.0,5.0,0.5843137254901961,0.2769667381789195
1,-10.0,R,620.0,1.1622270142601614,14.209353319244416,7,21,60.0,5.0,0.5882352941176471,0.2782340239492319
1,-10.0,R,620.0,1.1622270142601614,14.209353319244416,7,22,60.0,5.0,0.615686274509804,0.2871608136518181
1,-10.0,R,620.0,1.1622270142601614,14.209353319244416,7,23,60.0,5.0,0.34509803921568627,0.19986829362396183
1,-10.0,R,620.0,1.1622270142601614,14.209353319244416,7,24,60.0,5.0,0.5098039215686274,0.2531208851602789
1,-10.0,R,620.0,1.1622270142601614,14.209353319244416,7,25,60.0,5.0,0.6392156862745098,0.294907240028141
1,-10.0,R,620.0,1.1622270142601614,14.209353319244416,7,26,60.0,5.0,0.35294117647058826,0.2024871245093228
1,-10.0,R,620.0,1.1622270142601614,14.209353319244416,7,27,60.0,5.0,0.0,0.0
1,-10.0,R,620.0,1.1622270142601614,14.209353319244416,7,28,60.0,5.0,0.011764705882352941,0.0345936127618576
1,-10.0,R,620.0,1.1622270142601614,14.209353319244416,7,29,60.0,5.0,0.0,0.0
1,-10.0,R,620.0,1.1622270142601614,14.209353319244416,7,30,60.0,5.0,0.0,0.0
1,-10.0,R,620.0,1.1622270142601614,14.209353319244416,7,31,60.0,5.0,0.0,0.0
1,-10.0,R,620.0,1.1622270142601614,14.209353319244416,7,32,60.0,5.0,0.0,0.0
1,-10.0,R,620.0,1.1622270142601614,14.209353319244416,7,33,60.0,5.0,0.0,0.0
1,-10.0,R,620.0,1.1622270142601614,14.209353319244416,7,34,60.0,5.0,0.0,0.0
1,-10.0,R,620.0,1.1622270142601614,14.209353319244416,7,35,60.0,5.0,0.0,0.0
1,-10.0,R,620.0,1.1622270142601614,14.209353319244416,8,0,60.0,5.0,0.0,0.0
1,-10.0,R,620.0,1.1622270142601614,14.209353319244416,8,1,60.0,5.0,0.0,0.0
1,-10.0,R,620.0,1.1622270142601614,14.209353319244416,8,2,60.0,5.0,0.047058823529411764,0.06960448727306395
1,-10.0,R,620.0,1.1622270142601614,14.209353319244416,8,3,60.0,5.0,0.25882352941176473,0.16989114055384089
1,-10.0,R,620.0,1.1622270142601614,14.209353319244416,8,4,60.0,5.0,0.11372549019607843,0.10949071206008622
1,-10.0,R,620.0,1.1622270142601614,14.209353319244416,8,5,60.0,5.0,0.3176470588235294,0.19058476853837517
1,-10.0,R,620.0,1.1622270142601614,14.209353319244416,8,6,60.0,5.0,0.22745098039215686,0.15824621238176176
1,-10.0,R,620.0,1.1622270142601614,14.209353319244416,8,7,60.0,5.0,0.6313725490196078,0.2923139141785014
1,-10.0,R,620.0,1.1622270142601614,14.209353319244416,8,8,60.0,5.0,0.9803921568627451,0.4552807390248422
1,-10.0,R,620.0,1.1622270142601614,14.209353319244416,8,9,60.0,5.0,0.5215686274509804,0.25686763838273197
1,-10.0,R,620.0,1.1622270142601614,14.209353319244416,8,10,60.0,5.0,0.10588235294117647,0.105497495924501
1,-10.0,R,620.0,1.1622270142601614,14.209353319244416,8,11,60.0,5.0,0.047058823529411764,0.06960448727306395
1,-10.0,R,620.0,1.1622270142601614,14.209353319244416,8,12,60.0,5.0,0.25098039215686274,0.16702677744422859
1,-10.0,R,620.0,1.1622270142601614,14.209353319244416,8,13,60.0,5.0,0.4235294117647059,0.2255627480278026
1,-10.0,R,620.0,1.1622270142601614,14.209353319244416,8,14,60.0,5.0,0.3764705882352941,0.2102679541390965
1,-10.0,R,620.0,1.1622270142601614,14.209353319244416,8,15,60.0,5.0,0.4196078431372549,0.22429882357250014
1,-10.0,R,620.0,1.1622270142601614,14.209353319244416,8,16,60.0,5.0,0.403921568627451,0.21922588034904109
1,-10.0,R,620.0,1.1622270142601614,14.209353319244416,8,17,60.0,5.0,0.3568627450980392,0.20379153547696685
1,-10.0,R,620.0,1.1622270142601614,14.209353319244416,8,18,60.0,5.0,0.3607843137254902,0.205092759971859
1,-10.0,R,620.0,1.1622270142601614,14.209353319244416,8,19,60.0,5.0,0.4470588235294118,0.23311665261528658
1,-10.0,R,620.0,1.1622270142601614,14.209353319244416,8,20,60.0,5.0,0.5254901960784314,0.25811730014959144
1,-10.0,R,620.0,1.1622270142601614,14.209353319244416,8,21,60.0,5.0,0.3803921568627451,0.21155484953700343
1,-10.0,R,620.0,1.1622270142601614,14.209353319244416,8,22,60.0,5.0,0.48627450980392156,0.24563049188224292
1,-10.0,R,620.0,1.1622270142601614,14.209353319244416,8,23,60.0,5.0,0.23529411764705882,0.1612063368033418
1,-10.0,R,620.0,1.1622270142601614,14.209353319244416,8,24,60.0,5.0,0.4196078431372549,0.22429882357250014
1,-10.0,R,620.0,1.1622270142601614,14.209353319244416,8,25,60.0,5.0,0.4980392156862745,0.24937586136851997
1,-10.0,R,620.0,1.1622270142601614,14.209353319244416,8,26,60.0,5.0,0.1803921568627451,0.13962955546331615
1,-10.0,R,620.0,1.1622270142601614,14.209353319244416,8,27,60.0,5.0,0.011764705882352941,0.0345936127618576
1,-10.0,R,620.0,1.1622270142601614,14.209353319244416,8,28,60.0,5.0,0.0,0.0
1,-10.0,R,620.0,1.1622270142601614,14.209353319244416,8,29,60.0,5.0,0.0,0.0
1,-10.0,R,620.0,1.1622270142601614,14.209353319244416,8,30,60.0,5.0,0.011764705882352941,0.0345936127618576
1,-10.0,R,620.0,1.1622270142601614,14.209353319244416,8,31,60.0,5.0,0.00784313725490196,0.028226977679718004
1,-10.0,R,620.0,1.1622270142601614,14.209353319244416,8,32,60.0,5.0,0.0,0.0
1,-10.0,R,620.0,1.1622270142601614,14.209353319244416,8,33,60.0,5.0,0.0,0.0
1,-10.0,R,620.0,1.1622270142601614,14.209353319244416,8,34,60.0,5.0,0.0,0.0
1,-10.0,R,620.0,1.1622270142601614,14.209353319244416,8,35,60.0,5.0,0.0,0.0
1,-10.0,R,620.0,1.1622270142601614,14.209353319244416,9,0,60.0,5.0,0.0,0.0
1,-10.0,R,620.0,1.1622270142601614,14.209353319244416,9,1,60.0,5.0,0.0,0.0
1,-10.0,R,620.0,1.1622270142601614,14.209353319244416,9,2,60.0,5.0,0.0392156862745098,0.06345418699423495
1,-10.0,R,620.0,1.1622270142601614,14.209353319244416,9,3,60.0,5.0,0.1843137254901961,0.14124594593397474
1,-10.0,R,620.0,1.1622270142601614,14.209353319244416,9,4,60.0,5.0,0.1568627450980392,0.12962243684422406
1,-10.0,R,620.0,1.1622270142601614,14.209353319244416,9,5,60.0,5.0,0.17647058823529413,0.13799940258341492
1,-10.0,R,620.0,1.1622270142601614,14.209353319244416,9,6,60.0,5.0,0.11764705882352941,0.11144213027334762
1,-10.0,R,620.0,1.1622270142601614,14.209353319244416,9,7,60.0,5.0,0.48627450980392156,0.24563049188224292
1,-10.0,R,620.0,1.1622270142601614,14.209353319244416,9,8,60.0,5.0,0.803921568627451,0.3539825294714606
1,-10.0,R,620.0,1.1622270142601614,14.209353319244416,9,9,60.0,5.0,0.611764705882353,0.28587893707637224
1,-10.0,R,620.0,1.1622270142601614,14.209353319244416,9,10,60.0,5.0,0.29411764705882354,0.18245628008006537
1,-10.0,R,620.0,1.1622270142601614,14.209353319244416,9,11,60.0,5.0,0.03137254901960784,0.05667903330417266
1,-10.0,R,620.0,1.1622270142601614,14.209353319244416,9,12,60.0,5.0,0.0,0.0
1,-10.0,R,620.0,1.1622270142601614,14.209353319244416,9,13,60.0,5.0,0.0,0.0
1,-10.0,R,620.0,1.1622270142601614,14.209353319244416,9,14,60.0,5.0,0.0,0.0
1,-10.0,R,620.0,1.1622270142601614,14.209353319244416,9,15,60.0,5.0,0.0,0.0
1,-10.0,R,620.0,1.1622270142601614,14.209353319244416,9,16,60.0,5.0,0.0,0.0
1,-10.0,R,620.0,1.1622270142601614,14.209353319244416,9,17,60.0,5.0,0.043137254901960784,0.06659618536329842
1,-10.0,R,620.0,1.1622270142601614,14.209353319244416,9,18,60.0,5.0,0.07058823529411765,0.08559793231834631
1,-10.0,R,620.0,1.1622270142601614,14.209353319244416,9,19,60.0,5.0,0.0,0.0
1,-10.0,R,620.0,1.1622270142601614,14.209353319244416,9,20,60.0,5.0,0.0,0.0
1,-10.0,R,620.0,1.1622270142601614,14.209353319244416,9,21,60.0,5.0,0.023529411764705882,0.049020040417914766
1,-10.0,R,620.0,1.1622270142601614,14.209353319244416,9,22,60.0,5.0,0.03137254901960784,0.05667903330417266
1,-10.0,R,620.0,1.1622270142601614,14.209353319244416,9,23,60.0,5.0,0.0,0.0
1,-10.0,R,620.0,1.1622270142601614,14.209353319244416,9,24,60.0,5.0,0.01568627450980392,0.03997164583041206
1,-10.0,R,620.0,1.1622270142601614,14.209353319244416,9,25,60.0,5.0,0.0,0.0
1,-10.0,R,620.0,1.1622270142601614,14.209353319244416,9,26,60.0,5.0,0.0,0.0
1,-10.0,R,620.0,1.1622270142601614,14.209353319244416,9,27,60.0,5.0,0.0,0.0
1,-10.0,R,620.0,1.1622270142601614,14.209353319244416,9,28,60.0,5.0,0.03137254901960784,0.05667903330417266
1,-10.0,R,620.0,1.1622270142601614,14.209353319244416,9,29,60.0,5.0,0.00784313725490196,0.028226977679718004
1,-10.0,R,620.0,1.1622270142601614,14.209353319244416,9,30,60.0,5.0,0.0,0.0
1,-10.0,R,620.0,1.1622270142601614,14.209353319244416,9,31,60.0,5.0,0.0,0.0
1,-10.0,R,620.0,1.1622270142601614,14.209353319244416,9,32,60.0,5.0,0.0,0.0
1,-10.0,R,620.0,1.1622270142601614,14.209353319244416,9,33,60.0,5.0,0.0,0.0
1,-10.0,R,620.0,1.1622270142601614,14.209353319244416,9,34,60.0,5.0,0.0,0.0
1,-10.0,R,620.0,1.1622270142601614,14.209353319244416,9,35,60.0,5.0,0.0,0.0
1,-10.0,R,620.0,1.1622270142601614,14.209353319244416,10,0,60.0,5.0,0.0,0.0
1,-10.0,R,620.0,1.1622270142601614,14.209353319244416,10,1,60.0,5.0,0.0,0.0
1,-10.0,R,620.0,1.1622270142601614,14.209353319244416,10,2,60.0,5.0,0.00392156862745098,0.01994638965273254
1,-10.0,R,620.0,1.1622270142601614,14.209353319244416,10,3,60.0,5.0,0.23529411764705882,0.1612063368033418
1,-10.0,R,620.0,1.1622270142601614,14.209353319244416,10,4,60.0,5.0,0.19215686274509805,0.14443943567870407
1,-10.0,R,620.0,1.1622270142601614,14.209353319244416,10,5,60.0,5.0,0.17254901960784313,0.13635495410892096
1,-10.0,R,620.0,1.1622270142601614,14.209353319244416,10,6,60.0,5.0,0.20392156862745098,0.14913829006235088
1,-10.0,R,620.0,1.1622270142601614,14.209353319244416,10,7,60.0,5.0,0.14901960784313725,0.12615408206482107
1,-10.0,R,620.0,1.1622270142601614,14.209353319244416,10,8,60.0,5.0,0.43529411764705883,0.22934555060680878
1,-10.0,R,620.0,1.1622270142601614,14.209353319244416,10,9,60.0,5.0,0.4745098039215686,0.24188269985040858
1,-10.0,R,620.0,1.1622270142601614,14.209353319244416,10,10,60.0,5.0,0.15294117647058825,0.12789737021175648
1,-10.0,R,620.0,1.1622270142601614,14.209353319244416,10,11,60.0,5.0,0.2196078431372549,0.15524984546857312
1,-10.0,R,620.0,1.1622270142601614,14.209353319244416,10,12,60.0,5.0,0.15294117647058825,0.12789737021175648
1,-10.0,R,620.0,1.1622270142601614,14.209353319244416,10,13,60.0,5.0,0.32941176470588235,0.19458731326097745
1,-10.0,R,620.0,1.1622270142601614,14.209353319244416,10,14,60.0,5.0,0.17647058823529413,0.13799940258341492
1,-10.0,R,620.0,1.1622270142601614,14.209353319244416,10,15,60.0,5.0,0.21568627450980393,0.15373730807570263
1,-10.0,R,620.0,1.1622270142601614,14.209353319244416,10,16,60.0,5.0,0.22745098039215686,0.15824621238176176
1,-10.0,R,620.0,1.1622270142601614,14.209353319244416,10,17,60.0,5.0,0.38823529411764707,0.21412106292362781
1,-10.0,R,620.0,1.1622270142601614,14.209353319244416,10,18,60.0,5.0,0.48627450980392156,0.24563049188224292
1,-10.0,R,620.0,1.1622270142601614,14.209353319244416,10,19,60.0,5.0,0.24705882352941178,0.16558349319631221
1,-10.0,R,620.0,1.1622270142601614,14.209353319244416,10,20,60.0,5.0,0.2235294117647059,0.1567527086383188
1,-10.0,R,620.0,1.1622270142601614,14.209353319244416,10,21,60.0,5.0,0.4196078431372549,0.22429882357250014
1,-10.0,R,620.0,1.1622270142601614,14.209353319244416,10,22,60.0,5.0,0.2784313725490196,0.17693271574931582
1,-10.0,R,620.0,1.1622270142601614,14.209353319244416,10,23,60.0,5.0,0.4823529411764706,0.24438159985259414
1,-10.0,R,620.0,1.1622270142601614,14.209353319244416,10,24,60.0,5.0,0.596078431372549,0.2807741196509589
1,-10.0,R,620.0,1.1622270142601614,14.209353319244416,10,25,60.0,5.0,0.36470588235294116,0.20639090758999576
1,-10.0,R,620.0,1.1622270142601614,14.209353319244416,10,26,60.0,5.0,0.2627450980392157,0.17131267163863242
1,-10.0,R,620.0,1.1622270142601614,14.209353319244416,10,27,60.0,5.0,0.2823529411764706,0.17832219301287253
1,-10.0,R,620.0,1.1622270142601614,14.209353319244416,10,28,60.0,5.0,0.396078431372549,0.21667782097214075
1,-10.0,R,620.0,1.1622270142601614,14.209353319244416,10,29,60.0,5.0,0.38823529411764707,0.21412106292362781
1,-10.0,R,620.0,1.1622270142601614,14.209353319244416,10,30,60.0,5.0,0.30196078431372547,0.1851854165236684
1,-10.0,R,620.0,1.1622270142601614,14.209353319244416,10,31,60.0,5.0,0.16862745098039217,0.1346956468623352
1,-10.0,R,620.0,1.1622270142601614,14.209353319244416,10,32,60.0,5.0,0.0,0.0
1,-10.0,R,620.0,1.1622270142601614,14.209353319244416,10,33,60.0,5.0,0.00392156862745098,0.01994638965273254
1,-10.0,R,620.0,1.1622270142601614,14.209353319244416,10,34,60.0,5.0,0.0,0.0
1,-10.0,R,620.0,1.1622270142601614,14.209353319244416,10,35,60.0,5.0,0.0,0.0
1,-10.0,R,620.0,1.1622270142601614,14.209353319244416,11,0,60.0,5.0,0.0,0.0
1,-10.0,R,620.0,1.1622270142601614,14.209353319244416,11,1,60.0,5.0,0.0,0.0
1,-10.0,R,620.0,1.1622270142601614,14.209353319244416,11,2,60.0,5.0,0.00392156862745098,0.01994638965273254
1,-10.0,R,620.0,1.1622270142601614,14.209353319244416,11,3,60.0,5.0,0.011764705882352941,0.0345936127618576
1,-10.0,R,620.0,1.1622270142601614,14.209353319244416,11,4,60.0,5.0,0.11372549019607843,0.10949071206008622
1,-10.0,R,620.0,1.1622270142601614,14.209353319244416,11,5,60.0,5.0,0.11372549019607843,0.10949071206008622
1,-10.0,R,620.0,1.1622270142601614,14.209353319244416,11,6,60.0,5.0,0.11764705882352941,0.11144213027334762
1,-10.0,R,620.0,1.1622270142601614,14.209353319244416,11,7,60.0,5.0,0.12941176470588237,0.11713408480877087
1,-10.0,R,620.0,1.1622270142601614,14.209353319244416,11,8,60.0,5.0,0.36470588235294116,0.20639090758999576
1,-10.0,R,620.0,1.1622270142601614,14.209353319244416,11,9,60.0,5.0,0.6588235294117647,0.3014463569594737
1,-10.0,R,620.0,1.1622270142601614,14.209353319244416,11,10,60.0,5.0,0.47058823529411764,0.2406325369904614
1,-10.0,R,620.0,1.1622270142601614,14.209353319244416,11,11,60.0,5.0,0.0,0.0
1,-10.0,R,620.0,1.1622270142601614,14.209353319244416,11,12,60.0,5.0,0.30196078431372547,0.1851854165236684
1,-10.0,R,620.0,1.1622270142601614,14.209353319244416,11,13,60.0,5.0,0.6039215686274509,0.2833221790278593
1,-10.0,R,620.0,1.1622270142601614,14.209353319244416,11,14,60.0,5.0,0.4470588235294118,0.23311665261528658
1,-10.0,R,620.0,1.1622270142601614,14.209353319244416,11,15,60.0,5.0,0.5843137254901961,0.2769667381789195
1,-10.0,R,620.0,1.1622270142601614,14.209353319244416,11,16,60.0,5.0,0.5568627450980392,0.26813921872280133
1,-10.0,R,620.0,1.1622270142601614,14.209353319244416,11,17,60.0,5.0,0.5372549019607843,0.26186960369612183
1,-10.0,R,620.0,1.1622270142601614,14.209353319244416,11,18,60.0,5.0,0.5529411764705883,0.2668833473847134
1,-10.0,R,620.0,1.1622270142601614,14.209353319244416,11,19,60.0,5.0,0.6352941176470588,0.29360909241000427
1,-10.0,R,620.0,1.1622270142601614,14.209353319244416,11,20,60.0,5.0,0.6078431372549019,0.28459942396084814
1,-10.0,R,620.0,1.1622270142601614,14.209353319244416,11,21,60.0,5.0,0.5725490196078431,0.27317487906213705
1,-10.0,R,620.0,1.1622270142601614,14.209353319244416,11,22,60.0,5.0,0.25098039215686274,0.16702677744422859
1,-10.0,R,620.0,1.1622270142601614,14.209353319244416,11,23,60.0,5.0,0.592156862745098,0.2795031214917875
1,-10.0,R,620.0,1.1622270142601614,14.209353319244416,11,24,60.0,5.0,0.4980392156862745,0.24937586136851997
1,-10.0,R,620.0,1.1622270142601614,14.209353319244416,11,25,60.0,5.0,0.5882352941176471,0.2782340239492319
1,-10.0,R,620.0,1.1622270142601614,14.209353319244416,11,26,60.0,5.0,0.7176470588235294,0.32167780698712745
1,-10.0,R,620.0,1.1622270142601614,14.209353319244416,11,27,60.0,5.0,0.5294117647058824,0.2593674630095386
1,-10.0,R,620.0,1.1622270142601614,14.209353319244416,11,28,60.0,5.0,0.615686274509804,0.2871608136518181
1,-10.0,R,620.0,1.1622270142601614,14.209353319244416,11,29,60.0,5.0,0.6392156862745098,0.294907240028141
1,-10.0,R,620.0,1.1622270142601614,14.209353319244416,11,30,60.0,5.0,0.4549019607843137,0.23562531267856862
1,-10.0,R,620.0,1.1622270142601614,14.209353319244416,11,31,60.0,5.0,0.44313725490196076,0.23186078127719867
1,-10.0,R,620.0,1.1622270142601614,14.209353319244416,11,32,60.0,5.0,0.00392156862745098,0.01994638965273254
1,-10.0,R,620.0,1.1622270142601614,14.209353319244416,11,33,60.0,5.0,0.00784313725490196,0.028226977679718004
1,-10.0,R,620.0,1.1622270142601614,14.209353319244416,11,34,60.0,5.0,0.0,0.0
1,-10.0,R,620.0,1.1622270142601614,14.209353319244416,11,35,60.0,5.0,0.0,0.0
1,-10.0,R,620.0,1.1622270142601614,14.209353319244416,12,0,60.0,5.0,0.0,0.0
1,-10.0,R,620.0,1.1622270142601614,14.209353319244416,12,1,60.0,5.0,0.0,0.0
1,-10.0,R,620.0,1.1622270142601614,14.209353319244416,12,2,60.0,5.0,0.0,0.0
1,-10.0,R,620.0,1.1622270142601614,14.209353319244416,12,3,60.0,5.0,0.0,0.0
1,-10.0,R,620.0,1.1622270142601614,14.209353319244416,12,4,60.0,5.0,0.0,0.0
1,-10.0,R,620.0,1.1622270142601614,14.209353319244416,12,5,60.0,5.0,0.0392156862745098,0.06345418699423495
1,-10.0,R,620.0,1.1622270142601614,14.209353319244416,12,6,60.0,5.0,0.1450980392156863,0.12439176642144965
1,-10.0,R,620.0,1.1622270142601614,14.209353319244416,12,7,60.0,5.0,0.16470588235294117,0.1330208851941153
1,-10.0,R,620.0,1.1622270142601614,14.209353319244416,12,8,60.0,5.0,0.3254901960784314,0.19325732867442041
1,-10.0,R,620.0,1.1622270142601614,14.209353319244416,12,9,60.0,5.0,0.6784313725490196,0.308076808304903
1,-10.0,R,620.0,1.1622270142601614,14.209353319244416,12,10,60.0,5.0,0.15294117647058825,0.12789737021175648
1,-10.0,R,620.0,1.1622270142601614,14.209353319244416,12,11,60.0,5.0,0.00392156862745098,0.01994638965273254
1,-10.0,R,620.0,1.1622270142601614,14.209353319244416,12,12,60.0,5.0,0.22745098039215686,0.15824621238176176
1,-10.0,R,620.0,1.1622270142601614,14.209353319244416,12,13,60.0,5.0,0.3215686274509804,0.19192319169509703
1,-10.0,R,620.0,1.1622270142601614,14.209353319244416,12,14,60.0,5.0,0.4588235294117647,0.23687826177997542
1,-10.0,R,620.0,1.1622270142601614,14.209353319244416,12,15,60.0,5.0,0.3333333333333333,0.19591327601530364
1,-10.0,R,620.0,1.1622270142601614,14.209353319244416,12,16,60.0,5.0,0.43529411764705883,0.22934555060680878
1,-10.0,R,620.0,1.1622270142601614,14.209353319244416,12,17,60.0,5.0,0.2549019607843137,0.1684625831810239
1,-10.0,R,620.0,1.1622270142601614,14.209353319244416,12,18,60.0,5.0,0.24313725490196078,0.1641324917521111
1,-10.0,R,620.0,1.1622270142601614,14.209353319244416,12,19,60.0,5.0,0.26666666666666666,0.1727273908759613
1,-10.0,R,620.0,1.1622270142601614,14.209353319244416,12,20,60.0,5.0,0.23529411764705882,0.1612063368033418
1,-10.0,R,620.0,1.1622270142601614,14.209353319244416,12,21,60.0,5.0,0.3176470588235294,0.19058476853837517
1,-10.0,R,620.0,1.1622270142601614,14.209353319244416,12,22,60.0,5.0,0.10196078431372549,0.10345212448837855
1,-10.0,R,620.0,1.1622270142601614,14.209353319244416,12,23,60.0,5.0,0.15294117647058825,0.12789737021175648
1,-10.0,R,620.0,1.1622270142601614,14.209353319244416,12,24,60.0,5.0,0.07058823529411765,0.08559793231834631
1,-10.0,R,620.0,1.1622270142601614,14.209353319244416,12,25,60.0,5.0,0.24705882352941178,0.16558349319631221
1,-10.0,R,620.0,1.1622270142601614,14.209353319244416,12,26,60.0,5.0,0.40784313725490196,0.2204968785082125
1,-10.0,R,620.0,1.1622270142601614,14.209353319244416,12,27,60.0,5.0,0.25882352941176473,0.16989114055384089
1,-10.0,R,620.0,1.1622270142601614,14.209353319244416,12,28,60.0,5.0,0.2549019607843137,0.1684625831810239
1,-10.0,R,620.0,1.1622270142601614,14.209353319244416,12,29,60.0,5.0,0.19607843137254902,0.14601747052853942
1,-10.0,R,620.0,1.1622270142601614,14.209353319244416,12,30,60.0,5.0,0.25098039215686274,0.16702677744422859
1,-10.0,R,620.0,1.1622270142601614,14.209353319244416,12,31,60.0,5.0,0.2235294117647059,0.1567527086383188
1,-10.0,R,620.0,1.1622270142601614,14.209353319244416,12,32,60.0,5.0,0.00392156862745098,0.01994638965273254
1,-10.0,R,620.0,1.1622270142601614,14.209353319244416,12,33,60.0,5.0,0.0,0.0
1,-10.0,R,620.0,1.1622270142601614,14.209353319244416,12,34,60.0,5.0,0.0,0.0
1,-10.0,R,620.0,1.1622270142601614,14.209353319244416,12,35,60.0,5.0,0.0,0.0
1,-10.0,R,620.0,1.1622270142601614,14.209353319244416,13,0,60.0,5.0,0.0,0.0
1,-10.0,R,620.0,1.1622270142601614,14.209353319244416,13,1,60.0,5.0,0.0,0.0
1,-10.0,R,620.0,1.1622270142601614,14.209353319244416,13,2,60.0,5.0,0.0,0.0
1,-10.0,R,620.0,1.1622270142601614,14.209353319244416,13,3,60.0,5.0,0.00392156862745098,0.01994638965273254
1,-10.0,R,620.0,1.1622270142601614,14.209353319244416,13,4,60.0,5.0,0.00392156862745098,0.01994638965273254
1,-10.0,R,620.0,1.1622270142601614,14.209353319244416,13,5,60.0,5.0,0.027450980392156862,0.05298297410946823
1,-10.0,R,620.0,1.1622270142601614,14.209353319244416,13,6,60.0,5.0,0.0392156862745098,0.06345418699423495
1,-10.0,R,620.0,1.1622270142601614,14.209353319244416,13,7,60.0,5.0,0.050980392156862744,0.07249578895933438
1,-10.0,R,620.0,1.1622270142601614,14.209353319244416,13,8,60.0,5.0,0.2627450980392157,0.17131267163863242
1,-10.0,R,620.0,1.1622270142601614,14.209353319244416,13,9,60.0,5.0,0.2901960784313726,0.18108380148135117
1,-10.0,R,620.0,1.1622270142601614,14.209353319244416,13,10,60.0,5.0,0.0,0.0
1,-10.0,R,620.0,1.1622270142601614,14.209353319244416,13,11,60.0,5.0,0.00392156862745098,0.01994638965273254
1,-10.0,R,620.0,1.1622270142601614,14.209353319244416,13,12,60.0,5.0,0.0,0.0
1,-10.0,R,620.0,1.1622270142601614,14.209353319244416,13,13,60.0,5.0,0.0,0.0
1,-10.0,R,620.0,1.1622270142601614,14.209353319244416,13,14,60.0,5.0,0.07058823529411765,0.08559793231834631
1,-10.0,R,620.0,1.1622270142601614,14.209353319244416,13,15,60.0,5.0,0.00784313725490196,0.028226977679718004
1,-10.0,R,620.0,1.1622270142601614,14.209353319244416,13,16,60.0,5.0,0.050980392156862744,0.07249578895933438
1,-10.0,R,620.0,1.1622270142601614,14.209353319244416,13,17,60.0,5.0,0.0,0.0
1,-10.0,R,620.0,1.1622270142601614,14.209353319244416,13,18,60.0,5.0,0.0,0.0
1,-10.0,R,620.0,1.1622270142601614,14.209353319244416,13,19,60.0,5.0,0.0,0.0
1,-10.0,R,620.0,1.1622270142601614,14.209353319244416,13,20,60.0,5.0,0.0,0.0
1,-10.0,R,620.0,1.1622270142601614,14.209353319244416,13,21,60.0,5.0,0.0,0.0
1,-10.0,R,620.0,1.1622270142601614,14.209353319244416,13,22,60.0,5.0,0.0,0.0
1,-10.0,R,620.0,1.1622270142601614,14.209353319244416,13,23,60.0,5.0,0.0,0.0
1,-10.0,R,620.0,1.1622270142601614,14.209353319244416,13,24,60.0,5.0,0.0,0.0
1,-10.0,R,620.0,1.1622270142601614,14.209353319244416,13,25,60.0,5.0,0.0,0.0
1,-10.0,R,620.0,1.1622270142601614,14.209353319244416,13,26,60.0,5.0,0.0196078431372549,0.04471926097515774
1,-10.0,R,620.0,1.1622270142601614,14.209353319244416,13,27,60.0,5.0,0.0,0.0
1,-10.0,R,620.0,1.1622270142601614,14.209353319244416,13,28,60.0,5.0,0.0,0.0
1,-10.0,R,620.0,1.1622270142601614,14.209353319244416,13,29,60.0,5.0,0.0,0.0
1,-10.0,R,620.0,1.1622270142601614,14.209353319244416,13,30,60.0,5.0,0.0,0.0
1,-10.0,R,620.0,1.1622270142601614,14.209353319244416,13,31,60.0,5.0,0.0,0.0
1,-10.0,R,620.0,1.1622270142601614,14.209353319244416,13,32,60.0,5.0,0.0,0.0
1,-10.0,R,620.0,1.1622270142601614,14.209353319244416,13,33,60.0,5.0,0.0,0.0
1,-10.0,R,620.0,1.1622270142601614,14.209353319244416,13,34,60.0,5.0,0.0,0.0
1,-10.0,R,620.0,1.1622270142601614,14.209353319244416,13,35,60.0,5.0,0.0,0.0
1,-10.0,R,620.0,1.1622270142601614,14.209353319244416,14,0,60.0,5.0,0.0,0.0
1,-10.0,R,620.0,1.1622270142601614,14.209353319244416,14,1,60.0,5.0,0.0,0.0
1,-10.0,R,620.0,1.1622270142601614,14.209353319244416,14,2,60.0,5.0,0.0,0.0
1,-10.0,R,620.0,1.1622270142601614,14.209353319244416,14,3,60.0,5.0,0.0,0.0
1,-10.0,R,620.0,1.1622270142601614,14.209353319244416,14,4,60.0,5.0,0.0,0.0
1,-10.0,R,620.0,1.1622270142601614,14.209353319244416,14,5,60.0,5.0,0.0,0.0
1,-10.0,R,620.0,1.1622270142601614,14.209353319244416,14,6,60.0,5.0,0.0,0.0
1,-10.0,R,620.0,1.1622270142601614,14.209353319244416,14,7,60.0,5.0,0.00392156862745098,0.01994638965273254
1,-10.0,R,620.0,1.1622270142601614,14.209353319244416,14,8,60.0,5.0,0.011764705882352941,0.0345936127618576
1,-10.0,R,620.0,1.1622270142601614,14.209353319244416,14,9,60.0,5.0,0.0,0.0
1,-10.0,R,620.0,1.1622270142601614,14.209353319244416,14,10,60.0,5.0,0.00392156862745098,0.01994638965273254
1,-10.0,R,620.0,1.1622270142601614,14.209353319244416,14,11,60.0,5.0,0.0,0.0
1,-10.0,R,620.0,1.1622270142601614,14.209353319244416,14,12,60.0,5.0,0.00392156862745098,0.01994638965273254
1,-10.0,R,620.0,1.1622270142601614,14.209353319244416,14,13,60.0,5.0,0.00784313725490196,0.028226977679718004
1,-10.0,R,620.0,1.1622270142601614,14.209353319244416,14,14,60.0,5.0,0.0,0.0
1,-10.0,R,620.0,1.1622270142601614,14.209353319244416,14,15,60.0,5.0,0.0,0.0
1,-10.0,R,620.0,1.1622270142601614,14.209353319244416,14,16,60.0,5.0,0.0,0.0
1,-10.0,R,620.0,1.1622270142601614,14.209353319244416,14,17,60.0,5.0,0.00784313725490196,0.028226977679718004
1,-10.0,R,620.0,1.1622270142601614,14.209353319244416,14,18,60.0,5.0,0.00784313725490196,0.028226977679718004
1,-10.0,R,620.0,1.1622270142601614,14.209353319244416,14,19,60.0,5.0,0.00784313725490196,0.028226977679718004
1,-10.0,R,620.0,1.1622270142601614,14.209353319244416,14,20,60.0,5.0,0.00784313725490196,0.028226977679718004
1,-10.0,R,620.0,1.1622270142601614,14.209353319244416,14,21,60.0,5.0,0.00784313725490196,0.028226977679718004
1,-10.0,R,620.0,1.1622270142601614,14.209353319244416,14,22,60.0,5.0,0.00392156862745098,0.01994638965273254
1,-10.0,R,620.0,1.1622270142601614,14.209353319244416,14,23,60.0,5.0,0.00392156862745098,0.01994638965273254
1,-10.0,R,620.0,1.1622270142601614,14.209353319244416,14,24,60.0,5.0,0.00392156862745098,0.01994638965273254
1,-10.0,R,620.0,1.1622270142601614,14.209353319244416,14,25,60.0,5.0,0.00784313725490196,0.028226977679718004
1,-10.0,R,620.0,1.1622270142601614,14.209353319244416,14,26,60.0,5.0,0.0,0.0
1,-10.0,R,620.0,1.1622270142601614,14.209353319244416,14,27,60.0,5.0,0.00392156862745098,0.01994638965273254
1,-10.0,R,620.0,1.1622270142601614,14.209353319244416,14,28,60.0,5.0,0.00784313725490196,0.028226977679718004
1,-10.0,R,620.0,1.1622270142601614,14.209353319244416,14,29,60.0,5.0,0.00784313725490196,0.028226977679718004
1,-10.0,R,620.0,1.1622270142601614,14.209353319244416,14,30,60.0,5.0,0.00784313725490196,0.028226977679718004
1,-10.0,R,620.0,1.1622270142601614,14.209353319244416,14,31,60.0,5.0,0.00784313725490196,0.028226977679718004
1,-10.0,R,620.0,1.1622270142601614,14.209353319244416,14,32,60.0,5.0,0.0,0.0
1,-10.0,R,620.0,1.1622270142601614,14.209353319244416,14,33,60.0,5.0,0.0,0.0
1,-10.0,R,620.0,1.1622270142601614,14.209353319244416,14,34,60.0,5.0,0.0,0.0
1,-10.0,R,620.0,1.1622270142601614,14.209353319244416,14,35,60.0,5.0,0.0,0.0
1,-10.0,R,620.0,1.1622270142601614,14.209353319244416,15,0,60.0,5.0,0.0,0.0
1,-10.0,R,620.0,1.1622270142601614,14.209353319244416,15,1,60.0,5.0,0.0,0.0
1,-10.0,R,620.0,1.1622270142601614,14.209353319244416,15,2,60.0,5.0,0.0,0.0
1,-10.0,R,620.0,1.1622270142601614,14.209353319244416,15,3,60.0,5.0,0.0,0.0
1,-10.0,R,620.0,1.1622270142601614,14.209353319244416,15,4,60.0,5.0,0.0,0.0
1,-10.0,R,620.0,1.1622270142601614,14.209353319244416,15,5,60.0,5.0,0.0,0.0
1,-10.0,R,620.0,1.1622270142601614,14.209353319244416,15,6,60.0,5.0,0.0,0.0
1,-10.0,R,620.0,1.1622270142601614,14.209353319244416,15,7,60.0,5.0,0.0,0.0
1,-10.0,R,620.0,1.1622270142601614,14.209353319244416,15,8,60.0,5.0,0.0,0.0
1,-10.0,R,620.0,1.1622270142601614,14.209353319244416,15,9,60.0,5.0,0.00784313725490196,0.028226977679718004
1,-10.0,R,620.0,1.1622270142601614,14.209353319244416,15,10,60.0,5.0,0.0,0.0
1,-10.0,R,620.0,1.1622270142601614,14.209353319244416,15,11,60.0,5.0,0.0,0.0
1,-10.0,R,620.0,1.1622270142601614,14.209353319244416,15,12,60.0,5.0,0.0,0.0
1,-10.0,R,620.0,1.1622270142601614,14.209353319244416,15,13,60.0,5.0,0.0,0.0
1,-10.0,R,620.0,1.1622270142601614,14.209353319244416,15,14,60.0,5.0,0.00392156862745098,0.01994638965273254
1,-10.0,R,620.0,1.1622270142601614,14.209353319244416,15,15,60.0,5.0,0.0,0.0
1,-10.0,R,620.0,1.1622270142601614,14.209353319244416,15,16,60.0,5.0,0.00392156862745098,0.01994638965273254
1,-10.0,R,620.0,1.1622270142601614,14.209353319244416,15,17,60.0,5.0,0.0,0.0
1,-10.0,R,620.0,1.1622270142601614,14.209353319244416,15,18,60.0,5.0,0.0,0.0
1,-10.0,R,620.0,1.1622270142601614,14.209353319244416,15,19,60.0,5.0,0.0,0.0
1,-10.0,R,620.0,1.1622270142601614,14.209353319244416,15,20,60.0,5.0,0.0,0.0
1,-10.0,R,620.0,1.1622270142601614,14.209353319244416,15,21,60.0,5.0,0.0,0.0
1,-10.0,R,620.0,1.1622270142601614,14.209353319244416,15,22,60.0,5.0,0.0,0.0
1,-10.0,R,620.0,1.1622270142601614,14.209353319244416,15,23,60.0,5.0,0.0,0.0
1,-10.0,R,620.0,1.1622270142601614,14.209353319244416,15,24,60.0,5.0,0.0,0.0
1,-10.0,R,620.0,1.1622270142601614,14.209353319244416,15,25,60.0,5.0,0.0,0.0
1,-10.0,R,620.0,1.1622270142601614,14.209353319244416,15,26,60.0,5.0,0.00392156862745098,0.01994638965273254
1,-10.0,R,620.0,1.1622270142601614,14.209353319244416,15,27,60.0,5.0,0.0,0.0
1,-10.0,R,620.0,1.1622270142601614,14.209353319244416,15,28,60.0,5.0,0.0,0.0
1,-10.0,R,620.0,1.1622270142601614,14.209353319244416,15,29,60.0,5.0,0.0,0.0
1,-10.0,R,620.0,1.1622270142601614,14.209353319244416,15,30,60.0,5.0,0.0,0.0
1,-10.0,R,620.0,1.1622270142601614,14.209353319244416,15,31,60.0,5.0,0.0,0.0
1,-10.0,R,620.0,1.1622270142601614,14.209353319244416,15,32,60.0,5.0,0.0,0.0
1,-10.0,R,620.0,1.1622270142601614,14.209353319244416,15,33,60.0,5.0,0.0,0.0
1,-10.0,R,620.0,1.1622270142601614,14.209353319244416,15,34,60.0,5.0,0.0,0.0
1,-10.0,R,620.0,1.1622270142601614,14.209353319244416,15,35,60.0,5.0,0.0,0.0
1,-10.0,R,620.0,1.1622270142601614,14.209353319244416,16,0,60.0,5.0,0.0,0.0
1,-10.0,R,620.0,1.1622270142601614,14.209353319244416,16,1,60.0,5.0,0.0,0.0
1,-10.0,R,620.0,1.1622270142601614,14.209353319244416,16,2,60.0,5.0,0.0,0.0
1,-10.0,R,620.0,1.1622270142601614,14.209353319244416,16,3,60.0,5.0,0.0,0.0
1,-10.0,R,620.0,1.1622270142601614,14.209353319244416,16,4,60.0,5.0,0.0,0.0
1,-10.0,R,620.0,1.1622270142601614,14.209353319244416,16,5,60.0,5.0,0.0,0.0
1,-10.0,R,620.0,1.1622270142601614,14.209353319244416,16,6,60.0,5.0,0.0,0.0
1,-10.0,R,620.0,1.1622270142601614,14.209353319244416,16,7,60.0,5.0,0.0,0.0
1,-10.0,R,620.0,1.1622270142601614,14.209353319244416,16,8,60.0,5.0,0.0,0.0
1,-10.0,R,620.0,1.1622270142601614,14.209353319244416,16,9,60.0,5.0,0.0,0.0
1,-10.0,R,620.0,1.1622270142601614,14.209353319244416,16,10,60.0,5.0,0.0,0.0
1,-10.0,R,620.0,1.1622270142601614,14.209353319244416,16,11,60.0,5.0,0.0,0.0
1,-10.0,R,620.0,1.1622270142601614,14.209353319244416,16,12,60.0,5.0,0.0,0.0
1,-10.0,R,620.0,1.1622270142601614,14.209353319244416,16,13,60.0,5.0,0.0,0.0
1,-10.0,R,620.0,1.1622270142601614,14.209353319244416,16,14,60.0,5.0,0.0,0.0
1,-10.0,R,620.0,1.1622270142601614,14.209353319244416,16,15,60.0,5.0,0.0,0.0
1,-10.0,R,620.0,1.1622270142601614,14.209353319244416,16,16,60.0,5.0,0.0,0.0
1,-10.0,R,620.0,1.1622270142601614,14.209353319244416,16,17,60.0,5.0,0.0,0.0
1,-10.0,R,620.0,1.1622270142601614,14.209353319244416,16,18,60.0,5.0,0.0,0.0
1,-10.0,R,620.0,1.1622270142601614,14.209353319244416,16,19,60.0,5.0,0.0,0.0
1,-10.0,R,620.0,1.1622270142601614,14.209353319244416,16,20,60.0,5.0,0.0,0.0
1,-10.0,R,620.0,1.1622270142601614,14.209353319244416,16,21,60.0,5.0,0.0,0.0
1,-10.0,R,620.0,1.1622270142601614,14.209353319244416,16,22,60.0,5.0,0.0,0.0
1,-10.0,R,620.0,1.1622270142601614,14.209353319244416,16,23,60.0,5.0,0.0,0.0
1,-10.0,R,620.0,1.1622270142601614,14.209353319244416,16,24,60.0,5.0,0.0,0.0
1,-10.0,R,620.0,1.1622270142601614,14.209353319244416,16,25,60.0,5.0,0.0,0.0
1,-10.0,R,620.0,1.1622270142601614,14.209353319244416,16,26,60.0,5.0,0.0,0.0
1,-10.0,R,620.0,1.1622270142601614,14.209353319244416,16,27,60.0,5.0,0.0,0.0
1,-10.0,R,620.0,1.1622270142601614,14.209353319244416,16,28,60.0,5.0,0.0,0.0
1,-10.0,R,620.0,1.1622270142601614,14.209353319244416,16,29,60.0,5.0,0.0,0.0
1,-10.0,R,620.0,1.1622270142601614,14.209353319244416,16,30,60.0,5.0,0.0,0.0
1,-10.0,R,620.0,1.1622270142601614,14.209353319244416,16,31,60.0,5.0,0.0,0.0
1,-10.0,R,620.0,1.1622270142601614,14.209353319244416,16,32,60.0,5.0,0.0,0.0
1,-10.0,R,620.0,1.1622270142601614,14.209353319244416,16,33,60.0,5.0,0.0,0.0
1,-10.0,R,620.0,1.1622270142601614,14.209353319244416,16,34,60.0,5.0,0.0,0.0
1,-10.0,R,620.0,1.1622270142601614,14.209353319244416,16,35,60.0,5.0,0.0,0.0
1,-10.0,R,620.0,1.1622270142601614,14.209353319244416,17,0,60.0,5.0,0.0,0.0
1,-10.0,R,620.0,1.1622270142601614,14.209353319244416,17,1,60.0,5.0,0.0,0.0
1,-10.0,R,620.0,1.1622270142601614,14.209353319244416,17,2,60.0,5.0,0.0,0.0
1,-10.0,R,620.0,1.1622270142601614,14.209353319244416,17,3,60.0,5.0,0.0,0.0
1,-10.0,R,620.0,1.1622270142601614,14.209353319244416,17,4,60.0,5.0,0.0,0.0
1,-10.0,R,620.0,1.1622270142601614,14.209353319244416,17,5,60.0,5.0,0.0,0.0
1,-10.0,R,620.0,1.1622270142601614,14.209353319244416,17,6,60.0,5.0,0.0,0.0
1,-10.0,R,620.0,1.1622270142601614,14.209353319244416,17,7,60.0,5.0,0.0,0.0
1,-10.0,R,620.0,1.1622270142601614,14.209353319244416,17,8,60.0,5.0,0.0,0.0
1,-10.0,R,620.0,1.1622270142601614,14.209353319244416,17,9,60.0,5.0,0.0,0.0
1,-10.0,R,620.0,1.1622270142601614,14.209353319244416,17,10,60.0,5.0,0.0,0.0
1,-10.0,R,620.0,1.1622270142601614,14.209353319244416,17,11,60.0,5.0,0.0,0.0
1,-10.0,R,620.0,1.1622270142601614,14.209353319244416,17,12,60.0,5.0,0.0,0.0
1,-10.0,R,620.0,1.1622270142601614,14.209353319244416,17,13,60.0,5.0,0.0,0.0
1,-10.0,R,620.0,1.1622270142601614,14.209353319244416,17,14,60.0,5.0,0.0,0.0
1,-10.0,R,620.0,1.1622270142601614,14.209353319244416,17,15,60.0,5.0,0.0,0.0
1,-10.0,R,620.0,1.1622270142601614,14.209353319244416,17,16,60.0,5.0,0.0,0.0
1,-10.0,R,620.0,1.1622270142601614,14.209353319244416,17,17,60.0,5.0,0.0,0.0
1,-10.0,R,620.0,1.1622270142601614,14.209353319244416,17,18,60.0,5.0,0.0,0.0
1,-10.0,R,620.0,1.1622270142601614,14.209353319244416,17,19,60.0,5.0,0.0,0.0
1,-10.0,R,620.0,1.1622270142601614,14.209353319244416,17,20,60.0,5.0,0.0,0.0
1,-10.0,R,620.0,1.1622270142601614,14.209353319244416,17,21,60.0,5.0,0.0,0.0
1,-10.0,R,620.0,1.1622270142601614,14.209353319244416,17,22,60.0,5.0,0.0,0.0
1,-10.0,R,620.0,1.1622270142601614,14.209353319244416,17,23,60.0,5.0,0.0,0.0
1,-10.0,R,620.0,1.1622270142601614,14.209353319244416,17,24,60.0,5.0,0.0,0.0
1,-10.0,R,620.0,1.1622270142601614,14.209353319244416,17,25,60.0,5.0,0.0,0.0
1,-10.0,R,620.0,1.1622270142601614,14.209353319244416,17,26,60.0,5.0,0.0,0.0
1,-10.0,R,620.0,1.1622270142601614,14.209353319244416,17,27,60.0,5.0,0.0,0.0
1,-10.0,R,620.0,1.1622270142601614,14.209353319244416,17,28,60.0,5.0,0.0,0.0
1,-10.0,R,620.0,1.1622270142601614,14.209353319244416,17,29,60.0,5.0,0.0,0.0
1,-10.0,R,620.0,1.1622270142601614,14.209353319244416,17,30,60.0,5.0,0.0,0.0
1,-10.0,R,620.0,1.1622270142601614,14.209353319244416,17,31,60.0,5.0,0.0,0.0
1,-10.0,R,620.0,1.1622270142601614,14.209353319244416,17,32,60.0,5.0,0.0,0.0
1,-10.0,R,620.0,1.1622270142601614,14.209353319244416,17,33,60.0,5.0,0.0,0.0
1,-10.0,R,620.0,1.1622270142601614,14.209353319244416,17,34,60.0,5.0,0.0,0.0
1,-10.0,R,620.0,1.1622270142601614,14.209353319244416,17,35,60.0,5.0,0.0,0.0
1,-10.0,R,620.0,1.1622270142601614,14.209353319244416,18,0,60.0,5.0,0.0,0.0
1,-10.0,R,620.0,1.1622270142601614,14.209353319244416,18,1,60.0,5.0,0.0,0.0
1,-10.0,R,620.0,1.1622270142601614,14.209353319244416,18,2,60.0,5.0,0.0,0.0
1,-10.0,R,620.0,1.1622270142601614,14.209353319244416,18,3,60.0,5.0,0.0,0.0
1,-10.0,R,620.0,1.1622270142601614,14.209353319244416,18,4,60.0,5.0,0.0,0.0
1,-10.0,R,620.0,1.1622270142601614,14.209353319244416,18,5,60.0,5.0,0.0,0.0
1,-10.0,R,620.0,1.1622270142601614,14.209353319244416,18,6,60.0,5.0,0.0,0.0
1,-10.0,R,620.0,1.1622270142601614,14.209353319244416,18,7,60.0,5.0,0.0,0.0
1,-10.0,R,620.0,1.1622270142601614,14.209353319244416,18,8,60.0,5.0,0.0,0.0
1,-10.0,R,620.0,1.1622270142601614,14.209353319244416,18,9,60.0,5.0,0.0,0.0
1,-10.0,R,620.0,1.1622270142601614,14.209353319244416,18,10,60.0,5.0,0.0,0.0
1,-10.0,R,620.0,1.1622270142601614,14.209353319244416,18,11,60.0,5.0,0.0,0.0
1,-10.0,R,620.0,1.1622270142601614,14.209353319244416,18,12,60.0,5.0,0.0,0.0
1,-10.0,R,620.0,1.1622270142601614,14.209353319244416,18,13,60.0,5.0,0.0,0.0
1,-10.0,R,620.0,1.1622270142601614,14.209353319244416,18,14,60.0,5.0,0.0,0.0
1,-10.0,R,620.0,1.1622270142601614,14.209353319244416,18,15,60.0,5.0,0.0,0.0
1,-10.0,R,620.0,1.1622270142601614,14.209353319244416,18,16,60.0,5.0,0.0,0.0
1,-10.0,R,620.0,1.1622270142601614,14.209353319244416,18,17,60.0,5.0,0.0,0.0
1,-10.0,R,620.0,1.1622270142601614,14.209353319244416,18,18,60.0,5.0,0.0,0.0
1,-10.0,R,620.0,1.1622270142601614,14.209353319244416,18,19,60.0,5.0,0.0,0.0
1,-10.0,R,620.0,1.1622270142601614,14.209353319244416,18,20,60.0,5.0,0.0,0.0
1,-10.0,R,620.0,1.1622270142601614,14.209353319244416,18,21,60.0,5.0,0.0,0.0
1,-10.0,R,620.0,1.1622270142601614,14.209353319244416,18,22,60.0,5.0,0.0,0.0
1,-10.0,R,620.0,1.1622270142601614,14.209353319244416,18,23,60.0,5.0,0.0,0.0
1,-10.0,R,620.0,1.1622270142601614,14.209353319244416,18,24,60.0,5.0,0.0,0.0
1,-10.0,R,620.0,1.1622270142601614,14.209353319244416,18,25,60.0,5.0,0.0,0.0
1,-10.0,R,620.0,1.1622270142601614,14.209353319244416,18,26,60.0,5.0,0.0,0.0
1,-10.0,R,620.0,1.1622270142601614,14.209353319244416,18,27,60.0,5.0,0.0,0.0
1,-10.0,R,620.0,1.1622270142601614,14.209353319244416,18,28,60.0,5.0,0.0,0.0
1,-10.0,R,620.0,1.1622270142601614,14.209353319244416,18,29,60.0,5.0,0.0,0.0
1,-10.0,R,620.0,1.1622270142601614,14.209353319244416,18,30,60.0,5.0,0.0,0.0
1,-10.0,R,620.0,1.1622270142601614,14.209353319244416,18,31,60.0,5.0,0.0,0.0
1,-10.0,R,620.0,1.1622270142601614,14.209353319244416,18,32,60.0,5.0,0.0,0.0
1,-10.0,R,620.0,1.1622270142601614,14.209353319244416,18,33,60.0,5.0,0.0,0.0
1,-10.0,R,620.0,1.1622270142601614,14.209353319244416,18,34,60.0,5.0,0.0,0.0
1,-10.0,R,620.0,1.1622270142601614,14.209353319244416,18,35,60.0,5.0,0.0,0.0
1,-10.0,R,620.0,1.1622270142601614,14.209353319244416,19,0,60.0,5.0,0.0,0.0
1,-10.0,R,620.0,1.1622270142601614,14.209353319244416,19,1,60.0,5.0,0.0,0.0
1,-10.0,R,620.0,1.1622270142601614,14.209353319244416,19,2,60.0,5.0,0.0,0.0
1,-10.0,R,620.0,1.1622270142601614,14.209353319244416,19,3,60.0,5.0,0.0,0.0
1,-10.0,R,620.0,1.1622270142601614,14.209353319244416,19,4,60.0,5.0,0.0,0.0
1,-10.0,R,620.0,1.1622270142601614,14.209353319244416,19,5,60.0,5.0,0.0,0.0
1,-10.0,R,620.0,1.1622270142601614,14.209353319244416,19,6,60.0,5.0,0.0,0.0
1,-10.0,R,620.0,1.1622270142601614,14.209353319244416,19,7,60.0,5.0,0.0,0.0
1,-10.0,R,620.0,1.1622270142601614,14.209353319244416,19,8,60.0,5.0,0.0,0.0
1,-10.0,R,620.0,1.1622270142601614,14.209353319244416,19,9,60.0,5.0,0.0,0.0
1,-10.0,R,620.0,1.1622270142601614,14.209353319244416,19,10,60.0,5.0,0.0,0.0
1,-10.0,R,620.0,1.1622270142601614,14.209353319244416,19,11,60.0,5.0,0.0,0.0
1,-10.0,R,620.0,1.1622270142601614,14.209353319244416,19,12,60.0,5.0,0.0,0.0
1,-10.0,R,620.0,1.1622270142601614,14.209353319244416,19,13,60.0,5.0,0.0,0.0
1,-10.0,R,620.0,1.1622270142601614,14.209353319244416,19,14,60.0,5.0,0.0,0.0
1,-10.0,R,620.0,1.1622270142601614,14.209353319244416,19,15,60.0,5.0,0.0,0.0
1,-10.0,R,620.0,1.1622270142601614,14.209353319244416,19,16,60.0,5.0,0.0,0.0
1,-10.0,R,620.0,1.1622270142601614,14.209353319244416,19,17,60.0,5.0,0.0,0.0
1,-10.0,R,620.0,1.1622270142601614,14.209353319244416,19,18,60.0,5.0,0.0,0.0
1,-10.0,R,620.0,1.1622270142601614,14.209353319244416,19,19,60.0,5.0,0.0,0.0
1,-10.0,R,620.0,1.1622270142601614,14.209353319244416,19,20,60.0,5.0,0.0,0.0
1,-10.0,R,620.0,1.1622270142601614,14.209353319244416,19,21,60.0,5.0,0.0,0.0
1,-10.0,R,620.0,1.1622270142601614,14.209353319244416,19,22,60.0,5.0,0.0,0.0
1,-10.0,R,620.0,1.1622270142601614,14.209353319244416,19,23,60.0,5.0,0.0,0.0
1,-10.0,R,620.0,1.1622270142601614,14.209353319244416,19,24,60.0,5.0,0.0,0.0
1,-10.0,R,620.0,1.1622270142601614,14.209353319244416,19,25,60.0,5.0,0.0,0.0
1,-10.0,R,620.0,1.1622270142601614,14.209353319244416,19,26,60.0,5.0,0.0,0.0
1,-10.0,R,620.0,1.1622270142601614,14.209353319244416,19,27,60.0,5.0,0.0,0.0
1,-10.0,R,620.0,1.1622270142601614,14.209353319244416,19,28,60.0,5.0,0.0,0.0
1,-10.0,R,620.0,1.1622270142601614,14.209353319244416,19,29,60.0,5.0,0.0,0.0
1,-10.0,R,620.0,1.1622270142601614,14.209353319244416,19,30,60.0,5.0,0.0,0.0
1,-10.0,R,620.0,1.1622270142601614,14.209353319244416,19,31,60.0,5.0,0.0,0.0
1,-10.0,R,620.0,1.1622270142601614,14.209353319244416,19,32,60.0,5.0,0.0,0.0
1,-10.0,R,620.0,1.1622270142601614,14.209353319244416,19,33,60.0,5.0,0.0,0.0
1,-10.0,R,620.0,1.1622270142601614,14.209353319244416,19,34,60.0,5.0,0.0,0.0
1,-10.0,R,620.0,1.1622270142601614,14.209353319244416,19,35,60.0,5.0,0.0,0.0
1,-10.0,G,540.0,1.0122622382265922,12.375888374825783,0,0,60.0,5.0,0.0,0.0
1,-10.0,G,540.0,1.0122622382265922,12.375888374825783,0,1,60.0,5.0,0.0,0.0
1,-10.0,G,540.0,1.0122622382265922,12.375888374825783,0,2,60.0,5.0,0.0,0.0
1,-10.0,G,540.0,1.0122622382265922,12.375888374825783,0,3,60.0,5.0,0.0,0.0
1,-10.0,G,540.0,1.0122622382265922,12.375888374825783,0,4,60.0,5.0,0.0,0.0
1,-10.0,G,540.0,1.0122622382265922,12.375888374825783,0,5,60.0,5.0,0.0,0.0
1,-10.0,G,540.0,1.0122622382265922,12.375888374825783,0,6,60.0,5.0,0.0,0.0
1,-10.0,G,540.0,1.0122622382265922,12.375888374825783,0,7,60.0,5.0,0.0,0.0
1,-10.0,G,540.0,1.0122622382265922,12.375888374825783,0,8,60.0,5.0,0.0,0.0
1,-10.0,G,540.0,1.0122622382265922,12.375888374825783,0,9,60.0,5.0,0.0,0.0
1,-10.0,G,540.0,1.0122622382265922,12.375888374825783,0,10,60.0,5.0,0.0,0.0
1,-10.0,G,540.0,1.0122622382265922,12.375888374825783,0,11,60.0,5.0,0.0,0.0
1,-10.0,G,540.0,1.0122622382265922,12.375888374825783,0,12,60.0,5.0,0.0,0.0
1,-10.0,G,540.0,1.0122622382265922,12.375888374825783,0,13,60.0,5.0,0.0,0.0
1,-10.0,G,540.0,1.0122622382265922,12.375888374825783,0,14,60.0,5.0,0.0,0.0
1,-10.0,G,540.0,1.0122622382265922,12.375888374825783,0,15,60.0,5.0,0.0,0.0
1,-10.0,G,540.0,1.0122622382265922,12.375888374825783,0,16,60.0,5.0,0.0,0.0
1,-10.0,G,540.0,1.0122622382265922,12.375888374825783,0,17,60.0,5.0,0.0,0.0
1,-10.0,G,540.0,1.0122622382265922,12.375888374825783,0,18,60.0,5.0,0.0,0.0
1,-10.0,G,540.0,1.0122622382265922,12.375888374825783,0,19,60.0,5.0,0.0,0.0
1,-10.0,G,540.0,1.0122622382265922,12.375888374825783,0,20,60.0,5.0,0.0,0.0
1,-10.0,G,540.0,1.0122622382265922,12.375888374825783,0,21,60.0,5.0,0.0,0.0
1,-10.0,G,540.0,1.0122622382265922,12.375888374825783,0,22,60.0,5.0,0.0,0.0
1,-10.0,G,540.0,1.0122622382265922,12.375888374825783,0,23,60.0,5.0,0.0,0.0
1,-10.0,G,540.0,1.0122622382265922,12.375888374825783,0,24,60.0,5.0,0.0,0.0
1,-10.0,G,540.0,1.0122622382265922,12.375888374825783,0,25,60.0,5.0,0.0,0.0
1,-10.0,G,540.0,1.0122622382265922,12.375888374825783,0,26,60.0,5.0,0.0,0.0
1,-10.0,G,540.0,1.0122622382265922,12.375888374825783,0,27,60.0,5.0,0.0,0.0
1,-10.0,G,540.0,1.0122622382265922,12.375888374825783,0,28,60.0,5.0,0.0,0.0
1,-10.0,G,540.0,1.0122622382265922,12.375888374825783,0,29,60.0,5.0,0.0,0.0
1,-10.0,G,540.0,1.0122622382265922,12.375888374825783,0,30,60.0,5.0,0.0,0.0
1,-10.0,G,540.0,1.0122622382265922,12.375888374825783,0,31,60.0,5.0,0.0,0.0
1,-10.0,G,540.0,1.0122622382265922,12.375888374825783,0,32,60.0,5.0,0.0,0.0
1,-10.0,G,540.0,1.0122622382265922,12.375888374825783,0,33,60.0,5.0,0.0,0.0
1,-10.0,G,540.0,1.0122622382265922,12.375888374825783,0,34,60.0,5.0,0.0,0.0
1,-10.0,G,540.0,1.0122622382265922,12.375888374825783,0,35,60.0,5.0,0.0,0.0
1,-10.0,G,540.0,1.0122622382265922,12.375888374825783,1,0,60.0,5.0,0.0,0.0
1,-10.0,G,540.0,1.0122622382265922,12.375888374825783,1,1,60.0,5.0,0.0,0.0
1,-10.0,G,540.0,1.0122622382265922,12.375888374825783,1,2,60.0,5.0,0.0,0.0
1,-10.0,G,540.0,1.0122622382265922,12.375888374825783,1,3,60.0,5.0,0.0,0.0
1,-10.0,G,540.0,1.0122622382265922,12.375888374825783,1,4,60.0,5.0,0.0,0.0
1,-10.0,G,540.0,1.0122622382265922,12.375888374825783,1,5,60.0,5.0,0.0,0.0
1,-10.0,G,540.0,1.0122622382265922,12.375888374825783,1,6,60.0,5.0,0.0,0.0
1,-10.0,G,540.0,1.0122622382265922,12.375888374825783,1,7,60.0,5.0,0.0,0.0
1,-10.0,G,540.0,1.0122622382265922,12.375888374825783,1,8,60.0,5.0,0.0,0.0
1,-10.0,G,540.0,1.0122622382265922,12.375888374825783,1,9,60.0,5.0,0.0,0.0
1,-10.0,G,540.0,1.0122622382265922,12.375888374825783,1,10,60.0,5.0,0.0,0.0
1,-10.0,G,540.0,1.0122622382265922,12.375888374825783,1,11,60.0,5.0,0.0,0.0
1,-10.0,G,540.0,1.0122622382265922,12.375888374825783,1,12,60.0,5.0,0.0,0.0
1,-10.0,G,540.0,1.0122622382265922,12.375888374825783,1,13,60.0,5.0,0.0,0.0
1,-10.0,G,540.0,1.0122622382265922,12.375888374825783,1,14,60.0,5.0,0.0,0.0
1,-10.0,G,540.0,1.0122622382265922,12.375888374825783,1,15,60.0,5.0,0.0,0.0
1,-10.0,G,540.0,1.0122622382265922,12.375888374825783,1,16,60.0,5.0,0.0,0.0
1,-10.0,G,540.0,1.0122622382265922,12.375888374825783,1,17,60.0,5.0,0.0,0.0
1,-10.0,G,540.0,1.0122622382265922,12.375888374825783,1,18,60.0,5.0,0.0,0.0
1,-10.0,G,540.0,1.0122622382265922,12.375888374825783,1,19,60.0,5.0,0.0,0.0
1,-10.0,G,540.0,1.0122622382265922,12.375888374825783,1,20,60.0,5.0,0.0,0.0
1,-10.0,G,540.0,1.0122622382265922,12.375888374825783,1,21,60.0,5.0,0.0,0.0
1,-10.0,G,540.0,1.0122622382265922,12.375888374825783,1,22,60.0,5.0,0.0,0.0
1,-10.0,G,540.0,1.0122622382265922,12.375888374825783,1,23,60.0,5.0,0.0,0.0
1,-10.0,G,540.0,1.0122622382265922,12.375888374825783,1,24,60.0,5.0,0.0,0.0
1,-10.0,G,540.0,1.0122622382265922,12.375888374825783,1,25,60.0,5.0,0.0,0.0
1,-10.0,G,540.0,1.0122622382265922,12.375888374825783,1,26,60.0,5.0,0.0,0.0
1,-10.0,G,540.0,1.0122622382265922,12.375888374825783,1,27,60.0,5.0,0.0,0.0
1,-10.0,G,540.0,1.0122622382265922,12.375888374825783,1,28,60.0,5.0,0.0,0.0
1,-10.0,G,540.0,1.0122622382265922,12.375888374825783,1,29,60.0,5.0,0.0,0.0
1,-10.0,G,540.0,1.0122622382265922,12.375888374825783,1,30,60.0,5.0,0.0,0.0
1,-10.0,G,540.0,1.0122622382265922,12.375888374825783,1,31,60.0,5.0,0.0,0.0
1,-10.0,G,540.0,1.0122622382265922,12.375888374825783,1,32,60.0,5.0,0.0,0.0
1,-10.0,G,540.0,1.0122622382265922,12.375888374825783,1,33,60.0,5.0,0.0,0.0
1,-10.0,G,540.0,1.0122622382265922,12.375888374825783,1,34,60.0,5.0,0.0,0.0
1,-10.0,G,540.0,1.0122622382265922,12.375888374825783,1,35,60.0,5.0,0.0,0.0
1,-10.0,G,540.0,1.0122622382265922,12.375888374825783,2,0,60.0,5.0,0.0,0.0
1,-10.0,G,540.0,1.0122622382265922,12.375888374825783,2,1,60.0,5.0,0.0,0.0
1,-10.0,G,540.0,1.0122622382265922,12.375888374825783,2,2,60.0,5.0,0.0,0.0
1,-10.0,G,540.0,1.0122622382265922,12.375888374825783,2,3,60.0,5.0,0.0,0.0
1,-10.0,G,540.0,1.0122622382265922,12.375888374825783,2,4,60.0,5.0,0.0,0.0
1,-10.0,G,540.0,1.0122622382265922,12.375888374825783,2,5,60.0,5.0,0.0,0.0
1,-10.0,G,540.0,1.0122622382265922,12.375888374825783,2,6,60.0,5.0,0.0,0.0
1,-10.0,G,540.0,1.0122622382265922,12.375888374825783,2,7,60.0,5.0,0.0,0.0
1,-10.0,G,540.0,1.0122622382265922,12.375888374825783,2,8,60.0,5.0,0.0,0.0
1,-10.0,G,540.0,1.0122622382265922,12.375888374825783,2,9,60.0,5.0,0.0,0.0
1,-10.0,G,540.0,1.0122622382265922,12.375888374825783,2,10,60.0,5.0,0.0,0.0
1,-10.0,G,540.0,1.0122622382265922,12.375888374825783,2,11,60.0,5.0,0.0,0.0
1,-10.0,G,540.0,1.0122622382265922,12.375888374825783,2,12,60.0,5.0,0.0,0.0
1,-10.0,G,540.0,1.0122622382265922,12.375888374825783,2,13,60.0,5.0,0.0,0.0
1,-10.0,G,540.0,1.0122622382265922,12.375888374825783,2,14,60.0,5.0,0.0,0.0
1,-10.0,G,540.0,1.0122622382265922,12.375888374825783,2,15,60.0,5.0,0.0,0.0
1,-10.0,G,540.0,1.0122622382265922,12.375888374825783,2,16,60.0,5.0,0.0,0.0
1,-10.0,G,540.0,1.0122622382265922,12.375888374825783,2,17,60.0,5.0,0.0,0.0
1,-10.0,G,540.0,1.0122622382265922,12.375888374825783,2,18,60.0,5.0,0.0,0.0
1,-10.0,G,540.0,1.0122622382265922,12.375888374825783,2,19,60.0,5.0,0.0,0.0
1,-10.0,G,540.0,1.0122622382265922,12.375888374825783,2,20,60.0,5.0,0.0,0.0
1,-10.0,G,540.0,1.0122622382265922,12.375888374825783,2,21,60.0,5.0,0.0,0.0
1,-10.0,G,540.0,1.0122622382265922,12.375888374825783,2,22,60.0,5.0,0.0,0.0
1,-10.0,G,540.0,1.0122622382265922,12.375888374825783,2,23,60.0,5.0,0.0,0.0
1,-10.0,G,540.0,1.0122622382265922,12.375888374825783,2,24,60.0,5.0,0.0,0.0
1,-10.0,G,540.0,1.0122622382265922,12.375888374825783,2,25,60.0,5.0,0.0,0.0
1,-10.0,G,540.0,1.0122622382265922,12.375888374825783,2,26,60.0,5.0,0.0,0.0
1,-10.0,G,540.0,1.0122622382265922,12.375888374825783,2,27,60.0,5.0,0.0,0.0
1,-10.0,G,540.0,1.0122622382265922,12.375888374825783,2,28,60.0,5.0,0.0,0.0
1,-10.0,G,540.0,1.0122622382265922,12.375888374825783,2,29,60.0,5.0,0.0,0.0
1,-10.0,G,540.0,1.0122622382265922,12.375888374825783,2,30,60.0,5.0,0.0,0.0
1,-10.0,G,540.0,1.0122622382265922,12.375888374825783,2,31,60.0,5.0,0.0,0.0
1,-10.0,G,540.0,1.0122622382265922,12.375888374825783,2,32,60.0,5.0,0.0,0.0
1,-10.0,G,540.0,1.0122622382265922,12.375888374825783,2,33,60.0,5.0,0.0,0.0
1,-10.0,G,540.0,1.0122622382265922,12.375888374825783,2,34,60.0,5.0,0.0,0.0
1,-10.0,G,540.0,1.0122622382265922,12.375888374825783,2,35,60.0,5.0,0.0,0.0
1,-10.0,G,540.0,1.0122622382265922,12.375888374825783,3,0,60.0,5.0,0.0,0.0
1,-10.0,G,540.0,1.0122622382265922,12.375888374825783,3,1,60.0,5.0,0.0,0.0
1,-10.0,G,540.0,1.0122622382265922,12.375888374825783,3,2,60.0,5.0,0.0,0.0
1,-10.0,G,540.0,1.0122622382265922,12.375888374825783,3,3,60.0,5.0,0.0,0.0
1,-10.0,G,540.0,1.0122622382265922,12.375888374825783,3,4,60.0,5.0,0.0,0.0
1,-10.0,G,540.0,1.0122622382265922,12.375888374825783,3,5,60.0,5.0,0.0,0.0
1,-10.0,G,540.0,1.0122622382265922,12.375888374825783,3,6,60.0,5.0,0.0,0.0
1,-10.0,G,540.0,1.0122622382265922,12.375888374825783,3,7,60.0,5.0,0.0,0.0
1,-10.0,G,540.0,1.0122622382265922,12.375888374825783,3,8,60.0,5.0,0.0,0.0
1,-10.0,G,540.0,1.0122622382265922,12.375888374825783,3,9,60.0,5.0,0.0,0.0
1,-10.0,G,540.0,1.0122622382265922,12.375888374825783,3,10,60.0,5.0,0.0,0.0
1,-10.0,G,540.0,1.0122622382265922,12.375888374825783,3,11,60.0,5.0,0.0,0.0
1,-10.0,G,540.0,1.0122622382265922,12.375888374825783,3,12,60.0,5.0,0.0,0.0
1,-10.0,G,540.0,1.0122622382265922,12.375888374825783,3,13,60.0,5.0,0.0,0.0
1,-10.0,G,540.0,1.0122622382265922,12.375888374825783,3,14,60.0,5.0,0.0,0.0
1,-10.0,G,540.0,1.0122622382265922,12.375888374825783,3,15,60.0,5.0,0.0,0.0
1,-10.0,G,540.0,1.0122622382265922,12.375888374825783,3,16,60.0,5.0,0.0,0.0
1,-10.0,G,540.0,1.0122622382265922,12.375888374825783,3,17,60.0,5.0,0.0,0.0
1,-10.0,G,540.0,1.0122622382265922,12.375888374825783,3,18,60.0,5.0,0.0,0.0
1,-10.0,G,540.0,1.0122622382265922,12.375888374825783,3,19,60.0,5.0,0.0,0.0
1,-10.0,G,540.0,1.0122622382265922,12.375888374825783,3,20,60.0,5.0,0.0,0.0
1,-10.0,G,540.0,1.0122622382265922,12.375888374825783,3,21,60.0,5.0,0.0,0.0
1,-10.0,G,540.0,1.0122622382265922,12.375888374825783,3,22,60.0,5.0,0.0,0.0
1,-10.0,G,540.0,1.0122622382265922,12.375888374825783,3,23,60.0,5.0,0.0,0.0
1,-10.0,G,540.0,1.0122622382265922,12.375888374825783,3,24,60.0,5.0,0.0,0.0
1,-10.0,G,540.0,1.0122622382265922,12.375888374825783,3,25,60.0,5.0,0.0,0.0
1,-10.0,G,540.0,1.0122622382265922,12.375888374825783,3,26,60.0,5.0,0.0,0.0
1,-10.0,G,540.0,1.0122622382265922,12.375888374825783,3,27,60.0,5.0,0.0,0.0
1,-10.0,G,540.0,1.0122622382265922,12.375888374825783,3,28,60.0,5.0,0.0,0.0
1,-10.0,G,540.0,1.0122622382265922,12.375888374825783,3,29,60.0,5.0,0.0,0.0
1,-10.0,G,540.0,1.0122622382265922,12.375888374825783,3,30,60.0,5.0,0.0,0.0
1,-10.0,G,540.0,1.0122622382265922,12.375888374825783,3,31,60.0,5.0,0.0,0.0
1,-10.0,G,540.0,1.0122622382265922,12.375888374825783,3,32,60.0,5.0,0.0,0.0
1,-10.0,G,540.0,1.0122622382265922,12.375888374825783,3,33,60.0,5.0,0.0,0.0
1,-10.0,G,540.0,1.0122622382265922,12.375888374825783,3,34,60.0,5.0,0.0,0.0
1,-10.0,G,540.0,1.0122622382265922,12.375888374825783,3,35,60.0,5.0,0.0,0.0
1,-10.0,G,540.0,1.0122622382265922,12.375888374825783,4,0,60.0,5.0,0.0,0.0
1,-10.0,G,540.0,1.0122622382265922,12.375888374825783,4,1,60.0,5.0,0.0,0.0
1,-10.0,G,540.0,1.0122622382265922,12.375888374825783,4,2,60.0,5.0,0.0,0.0
1,-10.0,G,540.0,1.0122622382265922,12.375888374825783,4,3,60.0,5.0,0.0,0.0
1,-10.0,G,540.0,1.0122622382265922,12.375888374825783,4,4,60.0,5.0,0.0,0.0
1,-10.0,G,540.0,1.0122622382265922,12.375888374825783,4,5,60.0,5.0,0.00392156862745098,0.01994638965273254
1,-10.0,G,540.0,1.0122622382265922,12.375888374825783,4,6,60.0,5.0,0.027450980392156862,0.05298297410946823
1,-10.0,G,540.0,1.0122622382265922,12.375888374825783,4,7,60.0,5.0,0.023529411764705882,0.049020040417914766
1,-10.0,G,540.0,1.0122622382265922,12.375888374825783,4,8,60.0,5.0,0.0,0.0
1,-10.0,G,540.0,1.0122622382265922,12.375888374825783,4,9,60.0,5.0,0.0,0.0
1,-10.0,G,540.0,1.0122622382265922,12.375888374825783,4,10,60.0,5.0,0.0,0.0
1,-10.0,G,540.0,1.0122622382265922,12.375888374825783,4,11,60.0,5.0,0.0,0.0
1,-10.0,G,540.0,1.0122622382265922,12.375888374825783,4,12,60.0,5.0,0.00392156862745098,0.01994638965273254
1,-10.0,G,540.0,1.0122622382265922,12.375888374825783,4,13,60.0,5.0,0.00392156862745098,0.01994638965273254
1,-10.0,G,540.0,1.0122622382265922,12.375888374825783,4,14,60.0,5.0,0.00392156862745098,0.01994638965273254
1,-10.0,G,540.0,1.0122622382265922,12.375888374825783,4,15,60.0,5.0,0.00392156862745098,0.01994638965273254
1,-10.0,G,540.0,1.0122622382265922,12.375888374825783,4,16,60.0,5.0,0.00784313725490196,0.028226977679718004
1,-10.0,G,540.0,1.0122622382265922,12.375888374825783,4,17,60.0,5.0,0.00392156862745098,0.01994638965273254
1,-10.0,G,540.0,1.0122622382265922,12.375888374825783,4,18,60.0,5.0,0.00784313725490196,0.028226977679718004
1,-10.0,G,540.0,1.0122622382265922,12.375888374825783,4,19,60.0,5.0,0.00392156862745098,0.01994638965273254
1,-10.0,G,540.0,1.0122622382265922,12.375888374825783,4,20,60.0,5.0,0.00392156862745098,0.01994638965273254
1,-10.0,G,540.0,1.0122622382265922,12.375888374825783,4,21,60.0,5.0,0.00784313725490196,0.028226977679718004
1,-10.0,G,540.0,1.0122622382265922,12.375888374825783,4,22,60.0,5.0,0.00392156862745098,0.01994638965273254
1,-10.0,G,540.0,1.0122622382265922,12.375888374825783,4,23,60.0,5.0,0.0,0.0
1,-10.0,G,540.0,1.0122622382265922,12.375888374825783,4,24,60.0,5.0,0.0,0.0
1,-10.0,G,540.0,1.0122622382265922,12.375888374825783,4,25,60.0,5.0,0.00784313725490196,0.028226977679718004
1,-10.0,G,540.0,1.0122622382265922,12.375888374825783,4,26,60.0,5.0,0.00784313725490196,0.028226977679718004
1,-10.0,G,540.0,1.0122622382265922,12.375888374825783,4,27,60.0,5.0,0.0,0.0
1,-10.0,G,540.0,1.0122622382265922,12.375888374825783,4,28,60.0,5.0,0.0,0.0
1,-10.0,G,540.0,1.0122622382265922,12.375888374825783,4,29,60.0,5.0,0.0,0.0
1,-10.0,G,540.0,1.0122622382265922,12.375888374825783,4,30,60.0,5.0,0.0,0.0
1,-10.0,G,540.0,1.0122622382265922,12.375888374825783,4,31,60.0,5.0,0.0,0.0
1,-10.0,G,540.0,1.0122622382265922,12.375888374825783,4,32,60.0,5.0,0.0,0.0
1,-10.0,G,540.0,1.0122622382265922,12.375888374825783,4,33,60.0,5.0,0.0,0.0
1,-10.0,G,540.0,1.0122622382265922,12.375888374825783,4,34,60.0,5.0,0.0,0.0
1,-10.0,G,540.0,1.0122622382265922,12.375888374825783,4,35,60.0,5.0,0.0,0.0
1,-10.0,G,540.0,1.0122622382265922,12.375888374825783,5,0,60.0,5.0,0.0,0.0
1,-10.0,G,540.0,1.0122622382265922,12.375888374825783,5,1,60.0,5.0,0.0,0.0
1,-10.0,G,540.0,1.0122622382265922,12.375888374825783,5,2,60.0,5.0,0.0,0.0
1,-10.0,G,540.0,1.0122622382265922,12.375888374825783,5,3,60.0,5.0,0.0,0.0
1,-10.0,G,540.0,1.0122622382265922,12.375888374825783,5,4,60.0,5.0,0.00392156862745098,0.01994638965273254
1,-10.0,G,540.0,1.0122622382265922,12.375888374825783,5,5,60.0,5.0,0.0,0.0
1,-10.0,G,540.0,1.0122622382265922,12.375888374825783,5,6,60.0,5.0,0.058823529411764705,0.07797913037736934
1,-10.0,G,540.0,1.0122622382265922,12.375888374825783,5,7,60.0,5.0,0.058823529411764705,0.07797913037736934
1,-10.0,G,540.0,1.0122622382265922,12.375888374825783,5,8,60.0,5.0,0.0,0.0
1,-10.0,G,540.0,1.0122622382265922,12.375888374825783,5,9,60.0,5.0,0.00784313725490196,0.028226977679718004
1,-10.0,G,540.0,1.0122622382265922,12.375888374825783,5,10,60.0,5.0,0.0,0.0
1,-10.0,G,540.0,1.0122622382265922,12.375888374825783,5,11,60.0,5.0,0.0,0.0
1,-10.0,G,540.0,1.0122622382265922,12.375888374825783,5,12,60.0,5.0,0.0,0.0
1,-10.0,G,540.0,1.0122622382265922,12.375888374825783,5,13,60.0,5.0,0.0,0.0
1,-10.0,G,540.0,1.0122622382265922,12.375888374825783,5,14,60.0,5.0,0.0,0.0
1,-10.0,G,540.0,1.0122622382265922,12.375888374825783,5,15,60.0,5.0,0.0,0.0
1,-10.0,G,540.0,1.0122622382265922,12.375888374825783,5,16,60.0,5.0,0.0,0.0
1,-10.0,G,540.0,1.0122622382265922,12.375888374825783,5,17,60.0,5.0,0.0,0.0
1,-10.0,G,540.0,1.0122622382265922,12.375888374825783,5,18,60.0,5.0,0.0,0.0
1,-10.0,G,540.0,1.0122622382265922,12.375888374825783,5,19,60.0,5.0,0.0,0.0
1,-10.0,G,540.0,1.0122622382265922,12.375888374825783,5,20,60.0,5.0,0.0,0.0
1,-10.0,G,540.0,1.0122622382265922,12.375888374825783,5,21,60.0,5.0,0.0,0.0
1,-10.0,G,540.0,1.0122622382265922,12.375888374825783,5,22,60.0,5.0,0.0,0.0
1,-10.0,G,540.0,1.0122622382265922,12.375888374825783,5,23,60.0,5.0,0.0,0.0
1,-10.0,G,540.0,1.0122622382265922,12.375888374825783,5,24,60.0,5.0,0.0,0.0
1,-10.0,G,540.0,1.0122622382265922,12.375888374825783,5,25,60.0,5.0,0.0,0.0
1,-10.0,G,540.0,1.0122622382265922,12.375888374825783,5,26,60.0,5.0,0.0,0.0
1,-10.0,G,540.0,1.0122622382265922,12.375888374825783,5,27,60.0,5.0,0.0,0.0
1,-10.0,G,540.0,1.0122622382265922,12.375888374825783,5,28,60.0,5.0,0.0,0.0
1,-10.0,G,540.0,1.0122622382265922,12.375888374825783,5,29,60.0,5.0,0.0,0.0
1,-10.0,G,540.0,1.0122622382265922,12.375888374825783,5,30,60.0,5.0,0.0,0.0
1,-10.0,G,540.0,1.0122622382265922,12.375888374825783,5,31,60.0,5.0,0.0,0.0
1,-10.0,G,540.0,1.0122622382265922,12.375888374825783,5,32,60.0,5.0,0.0,0.0
1,-10.0,G,540.0,1.0122622382265922,12.375888374825783,5,33,60.0,5.0,0.0,0.0
1,-10.0,G,540.0,1.0122622382265922,12.375888374825783,5,34,60.0,5.0,0.0,0.0
1,-10.0,G,540.0,1.0122622382265922,12.375888374825783,5,35,60.0,5.0,0.0,0.0
1,-10.0,G,540.0,1.0122622382265922,12.375888374825783,6,0,60.0,5.0,0.0,0.0
1,-10.0,G,540.0,1.0122622382265922,12.375888374825783,6,1,60.0,5.0,0.0,0.0
1,-10.0,G,540.0,1.0122622382265922,12.375888374825783,6,2,60.0,5.0,0.0,0.0
1,-10.0,G,540.0,1.0122622382265922,12.375888374825783,6,3,60.0,5.0,0.0,0.0
1,-10.0,G,540.0,1.0122622382265922,12.375888374825783,6,4,60.0,5.0,0.00784313725490196,0.028226977679718004
1,-10.0,G,540.0,1.0122622382265922,12.375888374825783,6,5,60.0,5.0,0.17254901960784313,0.13635495410892096
1,-10.0,G,540.0,1.0122622382265922,12.375888374825783,6,6,60.0,5.0,0.2,0.1475836176504333
1,-10.0,G,540.0,1.0122622382265922,12.375888374825783,6,7,60.0,5.0,0.5019607843137255,0.2506241386314801
1,-10.0,G,540.0,1.0122622382265922,12.375888374825783,6,8,60.0,5.0,0.17254901960784313,0.13635495410892096
1,-10.0,G,540.0,1.0122622382265922,12.375888374825783,6,9,60.0,5.0,0.0,0.0
1,-10.0,G,540.0,1.0122622382265922,12.375888374825783,6,10,60.0,5.0,0.01568627450980392,0.03997164583041206
1,-10.0,G,540.0,1.0122622382265922,12.375888374825783,6,11,60.0,5.0,0.0,0.0
1,-10.0,G,540.0,1.0122622382265922,12.375888374825783,6,12,60.0,5.0,0.20392156862745098,0.14913829006235088
1,-10.0,G,540.0,1.0122622382265922,12.375888374825783,6,13,60.0,5.0,0.1411764705882353,0.12260956282279944
1,-10.0,G,540.0,1.0122622382265922,12.375888374825783,6,14,60.0,5.0,0.0784313725490196,0.09035304440877327
1,-10.0,G,540.0,1.0122622382265922,12.375888374825783,6,15,60.0,5.0,0.07450980392156863,0.08800426979263411
1,-10.0,G,540.0,1.0122622382265922,12.375888374825783,6,16,60.0,5.0,0.21568627450980393,0.15373730807570263
1,-10.0,G,540.0,1.0122622382265922,12.375888374825783,6,17,60.0,5.0,0.30196078431372547,0.1851854165236684
1,-10.0,G,540.0,1.0122622382265922,12.375888374825783,6,18,60.0,5.0,0.3058823529411765,0.18654239242284085
1,-10.0,G,540.0,1.0122622382265922,12.375888374825783,6,19,60.0,5.0,0.10196078431372549,0.10345212448837855
1,-10.0,G,540.0,1.0122622382265922,12.375888374825783,6,20,60.0,5.0,0.06274509803921569,0.08059162758159863
1,-10.0,G,540.0,1.0122622382265922,12.375888374825783,6,21,60.0,5.0,0.23921568627450981,0.16267352538779695
1,-10.0,G,540.0,1.0122622382265922,12.375888374825783,6,22,60.0,5.0,0.050980392156862744,0.07249578895933438
1,-10.0,G,540.0,1.0122622382265922,12.375888374825783,6,23,60.0,5.0,0.011764705882352941,0.0345936127618576
1,-10.0,G,540.0,1.0122622382265922,12.375888374825783,6,24,60.0,5.0,0.0196078431372549,0.04471926097515774
1,-10.0,G,540.0,1.0122622382265922,12.375888374825783,6,25,60.0,5.0,0.2235294117647059,0.1567527086383188
1,-10.0,G,540.0,1.0122622382265922,12.375888374825783,6,26,60.0,5.0,0.30980392156862746,0.18789451147862046
1,-10.0,G,540.0,1.0122622382265922,12.375888374825783,6,27,60.0,5.0,0.0,0.0
1,-10.0,G,540.0,1.0122622382265922,12.375888374825783,6,28,60.0,5.0,0.00392156862745098,0.01994638965273254
1,-10.0,G,540.0,1.0122622382265922,12.375888374825783,6,29,60.0,5.0,0.0,0.0
1,-10.0,G,540.0,1.0122622382265922,12.375888374825783,6,30,60.0,5.0,0.0,0.0
1,-10.0,G,540.0,1.0122622382265922,12.375888374825783,6,31,60.0,5.0,0.0,0.0
1,-10.0,G,540.0,1.0122622382265922,12.375888374825783,6,32,60.0,5.0,0.0,0.0
1,-10.0,G,540.0,1.0122622382265922,12.375888374825783,6,33,60.0,5.0,0.0,0.0
1,-10.0,G,540.0,1.0122622382265922,12.375888374825783,6,34,60.0,5.0,0.0,0.0
1,-10.0,G,540.0,1.0122622382265922,12.375888374825783,6,35,60.0,5.0,0.0,0.0
1,-10.0,G,540.0,1.0122622382265922,12.375888374825783,7,0,60.0,5.0,0.0,0.0
1,-10.0,G,540.0,1.0122622382265922,12.375888374825783,7,1,60.0,5.0,0.0,0.0
1,-10.0,G,540.0,1.0122622382265922,12.375888374825783,7,2,60.0,5.0,0.0,0.0
1,-10.0,G,540.0,1.0122622382265922,12.375888374825783,7,3,60.0,5.0,0.01568627450980392,0.03997164583041206
1,-10.0,G,540.0,1.0122622382265922,12.375888374825783,7,4,60.0,5.0,0.08627450980392157,0.09489506791887806
1,-10.0,G,540.0,1.0122622382265922,12.375888374825783,7,5,60.0,5.0,0.5019607843137255,0.2506241386314801
1,-10.0,G,540.0,1.0122622382265922,12.375888374825783,7,6,60.0,5.0,0.4627450980392157,0.23813039630387822
1,-10.0,G,540.0,1.0122622382265922,12.375888374825783,7,7,60.0,5.0,0.4666666666666667,0.23938179519646016
1,-10.0,G,540.0,1.0122622382265922,12.375888374825783,7,8,60.0,5.0,0.45098039215686275,0.2343714695941511
1,-10.0,G,540.0,1.0122622382265922,12.375888374825783,7,9,60.0,5.0,0.12941176470588237,0.11713408480877087
1,-10.0,G,540.0,1.0122622382265922,12.375888374825783,7,10,60.0,5.0,0.01568627450980392,0.03997164583041206
1,-10.0,G,540.0,1.0122622382265922,12.375888374825783,7,11,60.0,5.0,0.0,0.0
1,-10.0,G,540.0,1.0122622382265922,12.375888374825783,7,12,60.0,5.0,0.3568627450980392,0.20379153547696685
1,-10.0,G,540.0,1.0122622382265922,12.375888374825783,7,13,60.0,5.0,0.5372549019607843,0.26186960369612183
1,-10.0,G,540.0,1.0122622382265922,12.375888374825783,7,14,60.0,5.0,0.5333333333333333,0.26061820480353987
1,-10.0,G,540.0,1.0122622382265922,12.375888374825783,7,15,60.0,5.0,0.49019607843137253,0.24687911483972108
1,-10.0,G,540.0,1.0122622382265922,12.375888374825783,7,16,60.0,5.0,0.49411764705882355,0.24812754570923665
1,-10.0,G,540.0,1.0122622382265922,12.375888374825783,7,17,60.0,5.0,0.5215686274509804,0.25686763838273197
1,-10.0,G,540.0,1.0122622382265922,12.375888374825783,7,18,60.0,5.0,0.5764705882352941,0.27443725197219737
1,-10.0,G,540.0,1.0122622382265922,12.375888374825783,7,19,60.0,5.0,0.5019607843137255,0.2506241386314801
1,-10.0,G,540.0,1.0122622382265922,12.375888374825783,7,20,60.0,5.0,0.5843137254901961,0.2769667381789195
1,-10.0,G,540.0,1.0122622382265922,12.375888374825783,7,21,60.0,5.0,0.5882352941176471,0.2782340239492319
1,-10.0,G,540.0,1.0122622382265922,12.375888374825783,7,22,60.0,5.0,0.615686274509804,0.2871608136518181
1,-10.0,G,540.0,1.0122622382265922,12.375888374825783,7,23,60.0,5.0,0.34509803921568627,0.19986829362396183
1,-10.0,G,540.0,1.0122622382265922,12.375888374825783,7,24,60.0,5.0,0.5098039215686274,0.2531208851602789
1,-10.0,G,540.0,1.0122622382265922,12.375888374825783,7,25,60.0,5.0,0.6392156862745098,0.294907240028141
1,-10.0,G,540.0,1.0122622382265922,12.375888374825783,7,26,60.0,5.0,0.35294117647058826,0.2024871245093228
1,-10.0,G,540.0,1.0122622382265922,12.375888374825783,7,27,60.0,5.0,0.0,0.0
1,-10.0,G,540.0,1.0122622382265922,12.375888374825783,7,28,60.0,5.0,0.011764705882352941,0.0345936127618576
1,-10.0,G,540.0,1.0122622382265922,12.375888374825783,7,29,60.0,5.0,0.0,0.0
1,-10.0,G,540.0,1.0122622382265922,12.375888374825783,7,30,60.0,5.0,0.0,0.0
1,-10.0,G,540.0,1.0122622382265922,12.375888374825783,7,31,60.0,5.0,0.0,0.0
1,-10.0,G,540.0,1.0122622382265922,12.375888374825783,7,32,60.0,5.0,0.0,0.0
1,-10.0,G,540.0,1.0122622382265922,12.375888374825783,7,33,60.0,5.0,0.0,0.0
1,-10.0,G,540.0,1.0122622382265922,12.375888374825783,7,34,60.0,5.0,0.0,0.0
1,-10.0,G,540.0,1.0122622382265922,12.375888374825783,7,35,60.0,5.0,0.0,0.0
1,-10.0,G,540.0,1.0122622382265922,12.375888374825783,8,0,60.0,5.0,0.0,0.0
1,-10.0,G,540.0,1.0122622382265922,12.375888374825783,8,1,60.0,5.0,0.0,0.0
1,-10.0,G,540.0,1.0122622382265922,12.375888374825783,8,2,60.0,5.0,0.0196078431372549,0.04471926097515774
1,-10.0,G,540.0,1.0122622382265922,12.375888374825783,8,3,60.0,5.0,0.08235294117647059,0.09264867732636439
1,-10.0,G,540.0,1.0122622382265922,12.375888374825783,8,4,60.0,5.0,0.1450980392156863,0.12439176642144965
1,-10.0,G,540.0,1.0122622382265922,12.375888374825783,8,5,60.0,5.0,0.5686274509803921,0.27191397286132807
1,-10.0,G,540.0,1.0122622382265922,12.375888374825783,8,6,60.0,5.0,0.5411764705882353,0.26312173822002455
1,-10.0,G,540.0,1.0122622382265922,12.375888374825783,8,7,60.0,5.0,0.6470588235294118,0.29751287549067723
1,-10.0,G,540.0,1.0122622382265922,12.375888374825783,8,8,60.0,5.0,0.8235294117647058,0.3620005974165851
1,-10.0,G,540.0,1.0122622382265922,12.375888374825783,8,9,60.0,5.0,0.4196078431372549,0.22429882357250014
1,-10.0,G,540.0,1.0122622382265922,12.375888374825783,8,10,60.0,5.0,0.01568627450980392,0.03997164583041206
1,-10.0,G,540.0,1.0122622382265922,12.375888374825783,8,11,60.0,5.0,0.00784313725490196,0.028226977679718004
1,-10.0,G,540.0,1.0122622382265922,12.375888374825783,8,12,60.0,5.0,0.2549019607843137,0.1684625831810239
1,-10.0,G,540.0,1.0122622382265922,12.375888374825783,8,13,60.0,5.0,0.4196078431372549,0.22429882357250014
1,-10.0,G,540.0,1.0122622382265922,12.375888374825783,8,14,60.0,5.0,0.3764705882352941,0.2102679541390965
1,-10.0,G,540.0,1.0122622382265922,12.375888374825783,8,15,60.0,5.0,0.4196078431372549,0.22429882357250014
1,-10.0,G,540.0,1.0122622382265922,12.375888374825783,8,16,60.0,5.0,0.403921568627451,0.21922588034904109
1,-10.0,G,540.0,1.0122622382265922,12.375888374825783,8,17,60.0,5.0,0.3568627450980392,0.20379153547696685
1,-10.0,G,540.0,1.0122622382265922,12.375888374825783,8,18,60.0,5.0,0.3607843137254902,0.205092759971859
1,-10.0,G,540.0,1.0122622382265922,12.375888374825783,8,19,60.0,5.0,0.4470588235294118,0.23311665261528658
1,-10.0,G,540.0,1.0122622382265922,12.375888374825783,8,20,60.0,5.0,0.5254901960784314,0.25811730014959144
1,-10.0,G,540.0,1.0122622382265922,12.375888374825783,8,21,60.0,5.0,0.3803921568627451,0.21155484953700343
1,-10.0,G,540.0,1.0122622382265922,12.375888374825783,8,22,60.0,5.0,0.48627450980392156,0.24563049188224292
1,-10.0,G,540.0,1.0122622382265922,12.375888374825783,8,23,60.0,5.0,0.23529411764705882,0.1612063368033418
1,-10.0,G,540.0,1.0122622382265922,12.375888374825783,8,24,60.0,5.0,0.4196078431372549,0.22429882357250014
1,-10.0,G,540.0,1.0122622382265922,12.375888374825783,8,25,60.0,5.0,0.4980392156862745,0.24937586136851997
1,-10.0,G,540.0,1.0122622382265922,12.375888374825783,8,26,60.0,5.0,0.1803921568627451,0.13962955546331615
1,-10.0,G,540.0,1.0122622382265922,12.375888374825783,8,27,60.0,5.0,0.011764705882352941,0.0345936127618576
1,-10.0,G,540.0,1.0122622382265922,12.375888374825783,8,28,60.0,5.0,0.0,0.0
1,-10.0,G,540.0,1.0122622382265922,12.375888374825783,8,29,60.0,5.0,0.0,0.0
1,-10.0,G,540.0,1.0122622382265922,12.375888374825783,8,30,60.0,5.0,0.011764705882352941,0.0345936127618576
1,-10.0,G,540.0,1.0122622382265922,12.375888374825783,8,31,60.0,5.0,0.00784313725490196,0.028226977679718004
1,-10.0,G,540.0,1.0122622382265922,12.375888374825783,8,32,60.0,5.0,0.0,0.0
1,-10.0,G,540.0,1.0122622382265922,12.375888374825783,8,33,60.0,5.0,0.0,0.0
1,-10.0,G,540.0,1.0122622382265922,12.375888374825783,8,34,60.0,5.0,0.0,0.0
1,-10.0,G,540.0,1.0122622382265922,12.375888374825783,8,35,60.0,5.0,0.0,0.0
1,-10.0,G,540.0,1.0122622382265922,12.375888374825783,9,0,60.0,5.0,0.0,0.0
1,-10.0,G,540.0,1.0122622382265922,12.375888374825783,9,1,60.0,5.0,0.0,0.0
1,-10.0,G,540.0,1.0122622382265922,12.375888374825783,9,2,60.0,5.0,0.01568627450980392,0.03997164583041206
1,-10.0,G,540.0,1.0122622382265922,12.375888374825783,9,3,60.0,5.0,0.09019607843137255,0.09709567612708571
1,-10.0,G,540.0,1.0122622382265922,12.375888374825783,9,4,60.0,5.0,0.17254901960784313,0.13635495410892096
1,-10.0,G,540.0,1.0122622382265922,12.375888374825783,9,5,60.0,5.0,0.2901960784313726,0.18108380148135117
1,-10.0,G,540.0,1.0122622382265922,12.375888374825783,9,6,60.0,5.0,0.3058823529411765,0.18654239242284085
1,-10.0,G,540.0,1.0122622382265922,12.375888374825783,9,7,60.0,5.0,0.48627450980392156,0.24563049188224292
1,-10.0,G,540.0,1.0122622382265922,12.375888374825783,9,8,60.0,5.0,0.6823529411764706,0.3094152314616248
1,-10.0,G,540.0,1.0122622382265922,12.375888374825783,9,9,60.0,5.0,0.4470588235294118,0.23311665261528658
1,-10.0,G,540.0,1.0122622382265922,12.375888374825783,9,10,60.0,5.0,0.06274509803921569,0.08059162758159863
1,-10.0,G,540.0,1.0122622382265922,12.375888374825783,9,11,60.0,5.0,0.011764705882352941,0.0345936127618576
1,-10.0,G,540.0,1.0122622382265922,12.375888374825783,9,12,60.0,5.0,0.0,0.0
1,-10.0,G,540.0,1.0122622382265922,12.375888374825783,9,13,60.0,5.0,0.0,0.0
1,-10.0,G,540.0,1.0122622382265922,12.375888374825783,9,14,60.0,5.0,0.0,0.0
1,-10.0,G,540.0,1.0122622382265922,12.375888374825783,9,15,60.0,5.0,0.0,0.0
1,-10.0,G,540.0,1.0122622382265922,12.375888374825783,9,16,60.0,5.0,0.0,0.0
1,-10.0,G,540.0,1.0122622382265922,12.375888374825783,9,17,60.0,5.0,0.043137254901960784,0.06659618536329842
1,-10.0,G,540.0,1.0122622382265922,12.375888374825783,9,18,60.0,5.0,0.07058823529411765,0.08559793231834631
1,-10.0,G,540.0,1.0122622382265922,12.375888374825783,9,19,60.0,5.0,0.0,0.0
1,-10.0,G,540.0,1.0122622382265922,12.375888374825783,9,20,60.0,5.0,0.0,0.0
1,-10.0,G,540.0,1.0122622382265922,12.375888374825783,9,21,60.0,5.0,0.023529411764705882,0.049020040417914766
1,-10.0,G,540.0,1.0122622382265922,12.375888374825783,9,22,60.0,5.0,0.03137254901960784,0.05667903330417266
1,-10.0,G,540.0,1.0122622382265922,12.375888374825783,9,23,60.0,5.0,0.0,0.0
1,-10.0,G,540.0,1.0122622382265922,12.375888374825783,9,24,60.0,5.0,0.01568627450980392,0.03997164583041206
1,-10.0,G,540.0,1.0122622382265922,12.375888374825783,9,25,60.0,5.0,0.0,0.0
1,-10.0,G,540.0,1.0122622382265922,12.375888374825783,9,26,60.0,5.0,0.0,0.0
1,-10.0,G,540.0,1.0122622382265922,12.375888374825783,9,27,60.0,5.0,0.0,0.0
1,-10.0,G,540.0,1.0122622382265922,12.375888374825783,9,28,60.0,5.0,0.03137254901960784,0.05667903330417266
1,-10.0,G,540.0,1.0122622382265922,12.375888374825783,9,29,60.0,5.0,0.00784313725490196,0.028226977679718004
1,-10.0,G,540.0,1.0122622382265922,12.375888374825783,9,30,60.0,5.0,0.0,0.0
1,-10.0,G,540.0,1.0122622382265922,12.375888374825783,9,31,60.0,5.0,0.0,0.0
1,-10.0,G,540.0,1.0122622382265922,12.375888374825783,9,32,60.0,5.0,0.0,0.0
1,-10.0,G,540.0,1.0122622382265922,12.375888374825783,9,33,60.0,5.0,0.0,0.0
1,-10.0,G,540.0,1.0122622382265922,12.375888374825783,9,34,60.0,5.0,0.0,0.0
1,-10.0,G,540.0,1.0122622382265922,12.375888374825783,9,35,60.0,5.0,0.0,0.0
1,-10.0,G,540.0,1.0122622382265922,12.375888374825783,10,0,60.0,5.0,0.0,0.0
1,-10.0,G,540.0,1.0122622382265922,12.375888374825783,10,1,60.0,5.0,0.0,0.0
1,-10.0,G,540.0,1.0122622382265922,12.375888374825783,10,2,60.0,5.0,0.00392156862745098,0.01994638965273254
1,-10.0,G,540.0,1.0122622382265922,12.375888374825783,10,3,60.0,5.0,0.14901960784313725,0.12615408206482107
1,-10.0,G,540.0,1.0122622382265922,12.375888374825783,10,4,60.0,5.0,0.1450980392156863,0.12439176642144965
1,-10.0,G,540.0,1.0122622382265922,12.375888374825783,10,5,60.0,5.0,0.25882352941176473,0.16989114055384089
1,-10.0,G,540.0,1.0122622382265922,12.375888374825783,10,6,60.0,5.0,0.5019607843137255,0.2506241386314801
1,-10.0,G,540.0,1.0122622382265922,12.375888374825783,10,7,60.0,5.0,0.2901960784313726,0.18108380148135117
1,-10.0,G,540.0,1.0122622382265922,12.375888374825783,10,8,60.0,5.0,0.21176470588235294,0.1522147678661474
1,-10.0,G,540.0,1.0122622382265922,12.375888374825783,10,9,60.0,5.0,0.2549019607843137,0.1684625831810239
1,-10.0,G,540.0,1.0122622382265922,12.375888374825783,10,10,60.0,5.0,0.0392156862745098,0.06345418699423495
1,-10.0,G,540.0,1.0122622382265922,12.375888374825783,10,11,60.0,5.0,0.050980392156862744,0.07249578895933438
1,-10.0,G,540.0,1.0122622382265922,12.375888374825783,10,12,60.0,5.0,0.14901960784313725,0.12615408206482107
1,-10.0,G,540.0,1.0122622382265922,12.375888374825783,10,13,60.0,5.0,0.32941176470588235,0.19458731326097745
1,-10.0,G,540.0,1.0122622382265922,12.375888374825783,10,14,60.0,5.0,0.17647058823529413,0.13799940258341492
1,-10.0,G,540.0,1.0122622382265922,12.375888374825783,10,15,60.0,5.0,0.21568627450980393,0.15373730807570263
1,-10.0,G,540.0,1.0122622382265922,12.375888374825783,10,16,60.0,5.0,0.22745098039215686,0.15824621238176176
1,-10.0,G,540.0,1.0122622382265922,12.375888374825783,10,17,60.0,5.0,0.38823529411764707,0.21412106292362781
1,-10.0,G,540.0,1.0122622382265922,12.375888374825783,10,18,60.0,5.0,0.48627450980392156,0.24563049188224292
1,-10.0,G,540.0,1.0122622382265922,12.375888374825783,10,19,60.0,5.0,0.24705882352941178,0.16558349319631221
1,-10.0,G,540.0,1.0122622382265922,12.375888374825783,10,20,60.0,5.0,0.2235294117647059,0.1567527086383188
1,-10.0,G,540.0,1.0122622382265922,12.375888374825783,10,21,60.0,5.0,0.4196078431372549,0.22429882357250014
1,-10.0,G,540.0,1.0122622382265922,12.375888374825783,10,22,60.0,5.0,0.2784313725490196,0.17693271574931582
1,-10.0,G,540.0,1.0122622382265922,12.375888374825783,10,23,60.0,5.0,0.4823529411764706,0.24438159985259414
1,-10.0,G,540.0,1.0122622382265922,12.375888374825783,10,24,60.0,5.0,0.596078431372549,0.2807741196509589
1,-10.0,G,540.0,1.0122622382265922,12.375888374825783,10,25,60.0,5.0,0.36470588235294116,0.20639090758999576
1,-10.0,G,540.0,1.0122622382265922,12.375888374825783,10,26,60.0,5.0,0.2627450980392157,0.17131267163863242
1,-10.0,G,540.0,1.0122622382265922,12.375888374825783,10,27,60.0,5.0,0.2823529411764706,0.17832219301287253
1,-10.0,G,540.0,1.0122622382265922,12.375888374825783,10,28,60.0,5.0,0.396078431372549,0.21667782097214075
1,-10.0,G,540.0,1.0122622382265922,12.375888374825783,10,29,60.0,5.0,0.38823529411764707,0.21412106292362781
1,-10.0,G,540.0,1.0122622382265922,12.375888374825783,10,30,60.0,5.0,0.30196078431372547,0.1851854165236684
1,-10.0,G,540.0,1.0122622382265922,12.375888374825783,10,31,60.0,5.0,0.16862745098039217,0.1346956468623352
1,-10.0,G,540.0,1.0122622382265922,12.375888374825783,10,32,60.0,5.0,0.0,0.0
1,-10.0,G,540.0,1.0122622382265922,12.375888374825783,10,33,60.0,5.0,0.00392156862745098,0.01994638965273254
1,-10.0,G,540.0,1.0122622382265922,12.375888374825783,10,34,60.0,5.0,0.0,0.0
1,-10.0,G,540.0,1.0122622382265922,12.375888374825783,10,35,60.0,5.0,0.0,0.0
1,-10.0,G,540.0,1.0122622382265922,12.375888374825783,11,0,60.0,5.0,0.0,0.0
1,-10.0,G,540.0,1.0122622382265922,12.375888374825783,11,1,60.0,5.0,0.0,0.0
1,-10.0,G,540.0,1.0122622382265922,12.375888374825783,11,2,60.0,5.0,0.0,0.0
1,-10.0,G,540.0,1.0122622382265922,12.375888374825783,11,3,60.0,5.0,0.00392156862745098,0.01994638965273254
1,-10.0,G,540.0,1.0122622382265922,12.375888374825783,11,4,60.0,5.0,0.10980392156862745,0.10750973625166191
1,-10.0,G,540.0,1.0122622382265922,12.375888374825783,11,5,60.0,5.0,0.11764705882352941,0.11144213027334762
1,-10.0,G,540.0,1.0122622382265922,12.375888374825783,11,6,60.0,5.0,0.1803921568627451,0.13962955546331615
1,-10.0,G,540.0,1.0122622382265922,12.375888374825783,11,7,60.0,5.0,0.24705882352941178,0.16558349319631221
1,-10.0,G,540.0,1.0122622382265922,12.375888374825783,11,8,60.0,5.0,0.2,0.1475836176504333
1,-10.0,G,540.0,1.0122622382265922,12.375888374825783,11,9,60.0,5.0,0.16862745098039217,0.1346956468623352
1,-10.0,G,540.0,1.0122622382265922,12.375888374825783,11,10,60.0,5.0,0.12549019607843137,0.11526243188745809
1,-10.0,G,540.0,1.0122622382265922,12.375888374825783,11,11,60.0,5.0,0.0,0.0
1,-10.0,G,540.0,1.0122622382265922,12.375888374825783,11,12,60.0,5.0,0.3058823529411765,0.18654239242284085
1,-10.0,G,540.0,1.0122622382265922,12.375888374825783,11,13,60.0,5.0,0.6039215686274509,0.2833221790278593
1,-10.0,G,540.0,1.0122622382265922,12.375888374825783,11,14,60.0,5.0,0.4470588235294118,0.23311665261528658
1,-10.0,G,540.0,1.0122622382265922,12.375888374825783,11,15,60.0,5.0,0.5843137254901961,0.2769667381789195
1,-10.0,G,540.0,1.0122622382265922,12.375888374825783,11,16,60.0,5.0,0.5568627450980392,0.26813921872280133
1,-10.0,G,540.0,1.0122622382265922,12.375888374825783,11,17,60.0,5.0,0.5372549019607843,0.26186960369612183
1,-10.0,G,540.0,1.0122622382265922,12.375888374825783,11,18,60.0,5.0,0.5529411764705883,0.2668833473847134
1,-10.0,G,540.0,1.0122622382265922,12.375888374825783,11,19,60.0,5.0,0.6352941176470588,0.29360909241000427
1,-10.0,G,540.0,1.0122622382265922,12.375888374825783,11,20,60.0,5.0,0.6078431372549019,0.28459942396084814
1,-10.0,G,540.0,1.0122622382265922,12.375888374825783,11,21,60.0,5.0,0.5725490196078431,0.27317487906213705
1,-10.0,G,540.0,1.0122622382265922,12.375888374825783,11,22,60.0,5.0,0.25098039215686274,0.16702677744422859
1,-10.0,G,540.0,1.0122622382265922,12.375888374825783,11,23,60.0,5.0,0.592156862745098,0.2795031214917875
1,-10.0,G,540.0,1.0122622382265922,12.375888374825783,11,24,60.0,5.0,0.4980392156862745,0.24937586136851997
1,-10.0,G,540.0,1.0122622382265922,12.375888374825783,11,25,60.0,5.0,0.5882352941176471,0.2782340239492319
1,-10.0,G,540.0,1.0122622382265922,12.375888374825783,11,26,60.0,5.0,0.7176470588235294,0.32167780698712745
1,-10.0,G,540.0,1.0122622382265922,12.375888374825783,11,27,60.0,5.0,0.5294117647058824,0.2593674630095386
1,-10.0,G,540.0,1.0122622382265922,12.375888374825783,11,28,60.0,5.0,0.615686274509804,0.2871608136518181
1,-10.0,G,540.0,1.0122622382265922,12.375888374825783,11,29,60.0,5.0,0.6392156862745098,0.294907240028141
1,-10.0,G,540.0,1.0122622382265922,12.375888374825783,11,30,60.0,5.0,0.4549019607843137,0.23562531267856862
1,-10.0,G,540.0,1.0122622382265922,12.375888374825783,11,31,60.0,5.0,0.44313725490196076,0.23186078127719867
1,-10.0,G,540.0,1.0122622382265922,12.375888374825783,11,32,60.0,5.0,0.00392156862745098,0.01994638965273254
1,-10.0,G,540.0,1.0122622382265922,12.375888374825783,11,33,60.0,5.0,0.00784313725490196,0.028226977679718004
1,-10.0,G,540.0,1.0122622382265922,12.375888374825783,11,34,60.0,5.0,0.0,0.0
1,-10.0,G,540.0,1.0122622382265922,12.375888374825783,11,35,60.0,5.0,0.0,0.0
1,-10.0,G,540.0,1.0122622382265922,12.375888374825783,12,0,60.0,5.0,0.0,0.0
1,-10.0,G,540.0,1.0122622382265922,12.375888374825783,12,1,60.0,5.0,0.0,0.0
1,-10.0,G,540.0,1.0122622382265922,12.375888374825783,12,2,60.0,5.0,0.0,0.0
1,-10.0,G,540.0,1.0122622382265922,12.375888374825783,12,3,60.0,5.0,0.00392156862745098,0.01994638965273254
1,-10.0,G,540.0,1.0122622382265922,12.375888374825783,12,4,60.0,5.0,0.0,0.0
1,-10.0,G,540.0,1.0122622382265922,12.375888374825783,12,5,60.0,5.0,0.13333333333333333,0.11898174462796458
1,-10.0,G,540.0,1.0122622382265922,12.375888374825783,12,6,60.0,5.0,0.3411764705882353,0.19855364304052628
1,-10.0,G,540.0,1.0122622382265922,12.375888374825783,12,7,60.0,5.0,0.28627450980392155,0.17970582947972352
1,-10.0,G,540.0,1.0122622382265922,12.375888374825783,12,8,60.0,5.0,0.17647058823529413,0.13799940258341492
1,-10.0,G,540.0,1.0122622382265922,12.375888374825783,12,9,60.0,5.0,0.1803921568627451,0.13962955546331615
1,-10.0,G,540.0,1.0122622382265922,12.375888374825783,12,10,60.0,5.0,0.0392156862745098,0.06345418699423495
1,-10.0,G,540.0,1.0122622382265922,12.375888374825783,12,11,60.0,5.0,0.0,0.0
1,-10.0,G,540.0,1.0122622382265922,12.375888374825783,12,12,60.0,5.0,0.2235294117647059,0.1567527086383188
1,-10.0,G,540.0,1.0122622382265922,12.375888374825783,12,13,60.0,5.0,0.3215686274509804,0.19192319169509703
1,-10.0,G,540.0,1.0122622382265922,12.375888374825783,12,14,60.0,5.0,0.4588235294117647,0.23687826177997542
1,-10.0,G,540.0,1.0122622382265922,12.375888374825783,12,15,60.0,5.0,0.3333333333333333,0.19591327601530364
1,-10.0,G,540.0,1.0122622382265922,12.375888374825783,12,16,60.0,5.0,0.43529411764705883,0.22934555060680878
1,-10.0,G,540.0,1.0122622382265922,12.375888374825783,12,17,60.0,5.0,0.2549019607843137,0.1684625831810239
1,-10.0,G,540.0,1.0122622382265922,12.375888374825783,12,18,60.0,5.0,0.24313725490196078,0.1641324917521111
1,-10.0,G,540.0,1.0122622382265922,12.375888374825783,12,19,60.0,5.0,0.26666666666666666,0.1727273908759613
1,-10.0,G,540.0,1.0122622382265922,12.375888374825783,12,20,60.0,5.0,0.23529411764705882,0.1612063368033418
1,-10.0,G,540.0,1.0122622382265922,12.375888374825783,12,21,60.0,5.0,0.3176470588235294,0.19058476853837517
1,-10.0,G,540.0,1.0122622382265922,12.375888374825783,12,22,60.0,5.0,0.10196078431372549,0.10345212448837855
1,-10.0,G,540.0,1.0122622382265922,12.375888374825783,12,23,60.0,5.0,0.15294117647058825,0.12789737021175648
1,-10.0,G,540.0,1.0122622382265922,12.375888374825783,12,24,60.0,5.0,0.07058823529411765,0.08559793231834631
1,-10.0,G,540.0,1.0122622382265922,12.375888374825783,12,25,60.0,5.0,0.24705882352941178,0.16558349319631221
1,-10.0,G,540.0,1.0122622382265922,12.375888374825783,12,26,60.0,5.0,0.40784313725490196,0.2204968785082125
1,-10.0,G,540.0,1.0122622382265922,12.375888374825783,12,27,60.0,5.0,0.25882352941176473,0.16989114055384089
1,-10.0,G,540.0,1.0122622382265922,12.375888374825783,12,28,60.0,5.0,0.2549019607843137,0.1684625831810239
1,-10.0,G,540.0,1.0122622382265922,12.375888374825783,12,29,60.0,5.0,0.19607843137254902,0.14601747052853942
1,-10.0,G,540.0,1.0122622382265922,12.375888374825783,12,30,60.0,5.0,0.25098039215686274,0.16702677744422859
1,-10.0,G,540.0,1.0122622382265922,12.375888374825783,12,31,60.0,5.0,0.2235294117647059,0.1567527086383188
1,-10.0,G,540.0,1.0122622382265922,12.375888374825783,12,32,60.0,5.0,0.00392156862745098,0.01994638965273254
1,-10.0,G,540.0,1.0122622382265922,12.375888374825783,12,33,60.0,5.0,0.0,0.0
1,-10.0,G,540.0,1.0122622382265922,12.375888374825783,12,34,60.0,5.0,0.0,0.0
1,-10.0,G,540.0,1.0122622382265922,12.375888374825783,12,35,60.0,5.0,0.0,0.0
1,-10.0,G,540.0,1.0122622382265922,12.375888374825783,13,0,60.0,5.0,0.0,0.0
1,-10.0,G,540.0,1.0122622382265922,12.375888374825783,13,1,60.0,5.0,0.0,0.0
1,-10.0,G,540.0,1.0122622382265922,12.375888374825783,13,2,60.0,5.0,0.0,0.0
1,-10.0,G,540.0,1.0122622382265922,12.375888374825783,13,3,60.0,5.0,0.00392156862745098,0.01994638965273254
1,-10.0,G,540.0,1.0122622382265922,12.375888374825783,13,4,60.0,5.0,0.0,0.0
1,-10.0,G,540.0,1.0122622382265922,12.375888374825783,13,5,60.0,5.0,0.06666666666666667,0.08312898574059512
1,-10.0,G,540.0,1.0122622382265922,12.375888374825783,13,6,60.0,5.0,0.12549019607843137,0.11526243188745809
1,-10.0,G,540.0,1.0122622382265922,12.375888374825783,13,7,60.0,5.0,0.054901960784313725,0.0752836212383225
1,-10.0,G,540.0,1.0122622382265922,12.375888374825783,13,8,60.0,5.0,0.16470588235294117,0.1330208851941153
1,-10.0,G,540.0,1.0122622382265922,12.375888374825783,13,9,60.0,5.0,0.1568627450980392,0.12962243684422406
1,-10.0,G,540.0,1.0122622382265922,12.375888374825783,13,10,60.0,5.0,0.0,0.0
1,-10.0,G,540.0,1.0122622382265922,12.375888374825783,13,11,60.0,5.0,0.00392156862745098,0.01994638965273254
1,-10.0,G,540.0,1.0122622382265922,12.375888374825783,13,12,60.0,5.0,0.0,0.0
1,-10.0,G,540.0,1.0122622382265922,12.375888374825783,13,13,60.0,5.0,0.0,0.0
1,-10.0,G,540.0,1.0122622382265922,12.375888374825783,13,14,60.0,5.0,0.07058823529411765,0.08559793231834631
1,-10.0,G,540.0,1.0122622382265922,12.375888374825783,13,15,60.0,5.0,0.00784313725490196,0.028226977679718004
1,-10.0,G,540.0,1.0122622382265922,12.375888374825783,13,16,60.0,5.0,0.050980392156862744,0.07249578895933438
1,-10.0,G,540.0,1.0122622382265922,12.375888374825783,13,17,60.0,5.0,0.0,0.0
1,-10.0,G,540.0,1.0122622382265922,12.375888374825783,13,18,60.0,5.0,0.0,0.0
1,-10.0,G,540.0,1.0122622382265922,12.375888374825783,13,19,60.0,5.0,0.0,0.0
1,-10.0,G,540.0,1.0122622382265922,12.375888374825783,13,20,60.0,5.0,0.0,0.0
1,-10.0,G,540.0,1.0122622382265922,12.375888374825783,13,21,60.0,5.0,0.0,0.0
1,-10.0,G,540.0,1.0122622382265922,12.375888374825783,13,22,60.0,5.0,0.0,0.0
1,-10.0,G,540.0,1.0122622382265922,12.375888374825783,13,23,60.0,5.0,0.0,0.0
1,-10.0,G,540.0,1.0122622382265922,12.375888374825783,13,24,60.0,5.0,0.0,0.0
1,-10.0,G,540.0,1.0122622382265922,12.375888374825783,13,25,60.0,5.0,0.0,0.0
1,-10.0,G,540.0,1.0122622382265922,12.375888374825783,13,26,60.0,5.0,0.0196078431372549,0.04471926097515774
1,-10.0,G,540.0,1.0122622382265922,12.375888374825783,13,27,60.0,5.0,0.0,0.0
1,-10.0,G,540.0,1.0122622382265922,12.375888374825783,13,28,60.0,5.0,0.0,0.0
1,-10.0,G,540.0,1.0122622382265922,12.375888374825783,13,29,60.0,5.0,0.0,0.0
1,-10.0,G,540.0,1.0122622382265922,12.375888374825783,13,30,60.0,5.0,0.0,0.0
1,-10.0,G,540.0,1.0122622382265922,12.375888374825783,13,31,60.0,5.0,0.0,0.0
1,-10.0,G,540.0,1.0122622382265922,12.375888374825783,13,32,60.0,5.0,0.0,0.0
1,-10.0,G,540.0,1.0122622382265922,12.375888374825783,13,33,60.0,5.0,0.0,0.0
1,-10.0,G,540.0,1.0122622382265922,12.375888374825783,13,34,60.0,5.0,0.0,0.0
1,-10.0,G,540.0,1.0122622382265922,12.375888374825783,13,35,60.0,5.0,0.0,0.0
1,-10.0,G,540.0,1.0122622382265922,12.375888374825783,14,0,60.0,5.0,0.0,0.0
1,-10.0,G,540.0,1.0122622382265922,12.375888374825783,14,1,60.0,5.0,0.0,0.0
1,-10.0,G,540.0,1.0122622382265922,12.375888374825783,14,2,60.0,5.0,0.0,0.0
1,-10.0,G,540.0,1.0122622382265922,12.375888374825783,14,3,60.0,5.0,0.0,0.0
1,-10.0,G,540.0,1.0122622382265922,12.375888374825783,14,4,60.0,5.0,0.0,0.0
1,-10.0,G,540.0,1.0122622382265922,12.375888374825783,14,5,60.0,5.0,0.0,0.0
1,-10.0,G,540.0,1.0122622382265922,12.375888374825783,14,6,60.0,5.0,0.0,0.0
1,-10.0,G,540.0,1.0122622382265922,12.375888374825783,14,7,60.0,5.0,0.0,0.0
1,-10.0,G,540.0,1.0122622382265922,12.375888374825783,14,8,60.0,5.0,0.00784313725490196,0.028226977679718004
1,-10.0,G,540.0,1.0122622382265922,12.375888374825783,14,9,60.0,5.0,0.0,0.0
1,-10.0,G,540.0,1.0122622382265922,12.375888374825783,14,10,60.0,5.0,0.0,0.0
1,-10.0,G,540.0,1.0122622382265922,12.375888374825783,14,11,60.0,5.0,0.0,0.0
1,-10.0,G,540.0,1.0122622382265922,12.375888374825783,14,12,60.0,5.0,0.00392156862745098,0.01994638965273254
1,-10.0,G,540.0,1.0122622382265922,12.375888374825783,14,13,60.0,5.0,0.00784313725490196,0.028226977679718004
1,-10.0,G,540.0,1.0122622382265922,12.375888374825783,14,14,60.0,5.0,0.0,0.0
1,-10.0,G,540.0,1.0122622382265922,12.375888374825783,14,15,60.0,5.0,0.0,0.0
1,-10.0,G,540.0,1.0122622382265922,12.375888374825783,14,16,60.0,5.0,0.0,0.0
1,-10.0,G,540.0,1.0122622382265922,12.375888374825783,14,17,60.0,5.0,0.00784313725490196,0.028226977679718004
1,-10.0,G,540.0,1.0122622382265922,12.375888374825783,14,18,60.0,5.0,0.00784313725490196,0.028226977679718004
1,-10.0,G,540.0,1.0122622382265922,12.375888374825783,14,19,60.0,5.0,0.00784313725490196,0.028226977679718004
1,-10.0,G,540.0,1.0122622382265922,12.375888374825783,14,20,60.0,5.0,0.00784313725490196,0.028226977679718004
1,-10.0,G,540.0,1.0122622382265922,12.375888374825783,14,21,60.0,5.0,0.00784313725490196,0.028226977679718004
1,-10.0,G,540.0,1.0122622382265922,12.375888374825783,14,22,60.0,5.0,0.00392156862745098,0.01994638965273254
1,-10.0,G,540.0,1.0122622382265922,12.375888374825783,14,23,60.0,5.0,0.00392156862745098,0.01994638965273254
1,-10.0,G,540.0,1.0122622382265922,12.375888374825783,14,24,60.0,5.0,0.00392156862745098,0.01994638965273254
1,-10.0,G,540.0,1.0122622382265922,12.375888374825783,14,25,60.0,5.0,0.00784313725490196,0.028226977679718004
1,-10.0,G,540.0,1.0122622382265922,12.375888374825783,14,26,60.0,5.0,0.0,0.0
1,-10.0,G,540.0,1.0122622382265922,12.375888374825783,14,27,60.0,5.0,0.00392156862745098,0.01994638965273254
1,-10.0,G,540.0,1.0122622382265922,12.375888374825783,14,28,60.0,5.0,0.00784313725490196,0.028226977679718004
1,-10.0,G,540.0,1.0122622382265922,12.375888374825783,14,29,60.0,5.0,0.00784313725490196,0.028226977679718004
1,-10.0,G,540.0,1.0122622382265922,12.375888374825783,14,30,60.0,5.0,0.00784313725490196,0.028226977679718004
1,-10.0,G,540.0,1.0122622382265922,12.375888374825783,14,31,60.0,5.0,0.00784313725490196,0.028226977679718004
1,-10.0,G,540.0,1.0122622382265922,12.375888374825783,14,32,60.0,5.0,0.0,0.0
1,-10.0,G,540.0,1.0122622382265922,12.375888374825783,14,33,60.0,5.0,0.0,0.0
1,-10.0,G,540.0,1.0122622382265922,12.375888374825783,14,34,60.0,5.0,0.0,0.0
1,-10.0,G,540.0,1.0122622382265922,12.375888374825783,14,35,60.0,5.0,0.0,0.0
1,-10.0,G,540.0,1.0122622382265922,12.375888374825783,15,0,60.0,5.0,0.0,0.0
1,-10.0,G,540.0,1.0122622382265922,12.375888374825783,15,1,60.0,5.0,0.0,0.0
1,-10.0,G,540.0,1.0122622382265922,12.375888374825783,15,2,60.0,5.0,0.0,0.0
1,-10.0,G,540.0,1.0122622382265922,12.375888374825783,15,3,60.0,5.0,0.0,0.0
1,-10.0,G,540.0,1.0122622382265922,12.375888374825783,15,4,60.0,5.0,0.0,0.0
1,-10.0,G,540.0,1.0122622382265922,12.375888374825783,15,5,60.0,5.0,0.00392156862745098,0.01994638965273254
1,-10.0,G,540.0,1.0122622382265922,12.375888374825783,15,6,60.0,5.0,0.00392156862745098,0.01994638965273254
1,-10.0,G,540.0,1.0122622382265922,12.375888374825783,15,7,60.0,5.0,0.0,0.0
1,-10.0,G,540.0,1.0122622382265922,12.375888374825783,15,8,60.0,5.0,0.0,0.0
1,-10.0,G,540.0,1.0122622382265922,12.375888374825783,15,9,60.0,5.0,0.00392156862745098,0.01994638965273254
1,-10.0,G,540.0,1.0122622382265922,12.375888374825783,15,10,60.0,5.0,0.0,0.0
1,-10.0,G,540.0,1.0122622382265922,12.375888374825783,15,11,60.0,5.0,0.0,0.0
1,-10.0,G,540.0,1.0122622382265922,12.375888374825783,15,12,60.0,5.0,0.0,0.0
1,-10.0,G,540.0,1.0122622382265922,12.375888374825783,15,13,60.0,5.0,0.0,0.0
1,-10.0,G,540.0,1.0122622382265922,12.375888374825783,15,14,60.0,5.0,0.00392156862745098,0.01994638965273254
1,-10.0,G,540.0,1.0122622382265922,12.375888374825783,15,15,60.0,5.0,0.0,0.0
1,-10.0,G,540.0,1.0122622382265922,12.375888374825783,15,16,60.0,5.0,0.00392156862745098,0.01994638965273254
1,-10.0,G,540.0,1.0122622382265922,12.375888374825783,15,17,60.0,5.0,0.0,0.0
1,-10.0,G,540.0,1.0122622382265922,12.375888374825783,15,18,60.0,5.0,0.0,0.0
1,-10.0,G,540.0,1.0122622382265922,12.375888374825783,15,19,60.0,5.0,0.0,0.0
1,-10.0,G,540.0,1.0122622382265922,12.375888374825783,15,20,60.0,5.0,0.0,0.0
1,-10.0,G,540.0,1.0122622382265922,12.375888374825783,15,21,60.0,5.0,0.0,0.0
1,-10.0,G,540.0,1.0122622382265922,12.375888374825783,15,22,60.0,5.0,0.0,0.0
1,-10.0,G,540.0,1.0122622382265922,12.375888374825783,15,23,60.0,5.0,0.0,0.0
1,-10.0,G,540.0,1.0122622382265922,12.375888374825783,15,24,60.0,5.0,0.0,0.0
1,-10.0,G,540.0,1.0122622382265922,12.375888374825783,15,25,60.0,5.0,0.0,0.0
1,-10.0,G,540.0,1.0122622382265922,12.375888374825783,15,26,60.0,5.0,0.00392156862745098,0.01994638965273254
1,-10.0,G,540.0,1.0122622382265922,12.375888374825783,15,27,60.0,5.0,0.0,0.0
1,-10.0,G,540.0,1.0122622382265922,12.375888374825783,15,28,60.0,5.0,0.0,0.0
1,-10.0,G,540.0,1.0122622382265922,12.375888374825783,15,29,60.0,5.0,0.0,0.0
1,-10.0,G,540.0,1.0122622382265922,12.375888374825783,15,30,60.0,5.0,0.0,0.0
1,-10.0,G,540.0,1.0122622382265922,12.375888374825783,15,31,60.0,5.0,0.0,0.0
1,-10.0,G,540.0,1.0122622382265922,12.375888374825783,15,32,60.0,5.0,0.0,0.0
1,-10.0,G,540.0,1.0122622382265922,12.375888374825783,15,33,60.0,5.0,0.0,0.0
1,-10.0,G,540.0,1.0122622382265922,12.375888374825783,15,34,60.0,5.0,0.0,0.0
1,-10.0,G,540.0,1.0122622382265922,12.375888374825783,15,35,60.0,5.0,0.0,0.0
1,-10.0,G,540.0,1.0122622382265922,12.375888374825783,16,0,60.0,5.0,0.0,0.0
1,-10.0,G,540.0,1.0122622382265922,12.375888374825783,16,1,60.0,5.0,0.0,0.0
1,-10.0,G,540.0,1.0122622382265922,12.375888374825783,16,2,60.0,5.0,0.0,0.0
1,-10.0,G,540.0,1.0122622382265922,12.375888374825783,16,3,60.0,5.0,0.0,0.0
1,-10.0,G,540.0,1.0122622382265922,12.375888374825783,16,4,60.0,5.0,0.0,0.0
1,-10.0,G,540.0,1.0122622382265922,12.375888374825783,16,5,60.0,5.0,0.0,0.0
1,-10.0,G,540.0,1.0122622382265922,12.375888374825783,16,6,60.0,5.0,0.0,0.0
1,-10.0,G,540.0,1.0122622382265922,12.375888374825783,16,7,60.0,5.0,0.0,0.0
1,-10.0,G,540.0,1.0122622382265922,12.375888374825783,16,8,60.0,5.0,0.0,0.0
1,-10.0,G,540.0,1.0122622382265922,12.375888374825783,16,9,60.0,5.0,0.0,0.0
1,-10.0,G,540.0,1.0122622382265922,12.375888374825783,16,10,60.0,5.0,0.0,0.0
1,-10.0,G,540.0,1.0122622382265922,12.375888374825783,16,11,60.0,5.0,0.0,0.0
1,-10.0,G,540.0,1.0122622382265922,12.375888374825783,16,12,60.0,5.0,0.0,0.0
1,-10.0,G,540.0,1.0122622382265922,12.375888374825783,16,13,60.0,5.0,0.0,0.0
1,-10.0,G,540.0,1.0122622382265922,12.375888374825783,16,14,60.0,5.0,0.0,0.0
1,-10.0,G,540.0,1.0122622382265922,12.375888374825783,16,15,60.0,5.0,0.0,0.0
1,-10.0,G,540.0,1.0122622382265922,12.375888374825783,16,16,60.0,5.0,0.0,0.0
1,-10.0,G,540.0,1.0122622382265922,12.375888374825783,16,17,60.0,5.0,0.0,0.0
1,-10.0,G,540.0,1.0122622382265922,12.375888374825783,16,18,60.0,5.0,0.0,0.0
1,-10.0,G,540.0,1.0122622382265922,12.375888374825783,16,19,60.0,5.0,0.0,0.0
1,-10.0,G,540.0,1.0122622382265922,12.375888374825783,16,20,60.0,5.0,0.0,0.0
1,-10.0,G,540.0,1.0122622382265922,12.375888374825783,16,21,60.0,5.0,0.0,0.0
1,-10.0,G,540.0,1.0122622382265922,12.375888374825783,16,22,60.0,5.0,0.0,0.0
1,-10.0,G,540.0,1.0122622382265922,12.375888374825783,16,23,60.0,5.0,0.0,0.0
1,-10.0,G,540.0,1.0122622382265922,12.375888374825783,16,24,60.0,5.0,0.0,0.0
1,-10.0,G,540.0,1.0122622382265922,12.375888374825783,16,25,60.0,5.0,0.0,0.0
1,-10.0,G,540.0,1.0122622382265922,12.375888374825783,16,26,60.0,5.0,0.0,0.0
1,-10.0,G,540.0,1.0122622382265922,12.375888374825783,16,27,60.0,5.0,0.0,0.0
1,-10.0,G,540.0,1.0122622382265922,12.375888374825783,16,28,60.0,5.0,0.0,0.0
1,-10.0,G,540.0,1.0122622382265922,12.375888374825783,16,29,60.0,5.0,0.0,0.0
1,-10.0,G,540.0,1.0122622382265922,12.375888374825783,16,30,60.0,5.0,0.0,0.0
1,-10.0,G,540.0,1.0122622382265922,12.375888374825783,16,31,60.0,5.0,0.0,0.0
1,-10.0,G,540.0,1.0122622382265922,12.375888374825783,16,32,60.0,5.0,0.0,0.0
1,-10.0,G,540.0,1.0122622382265922,12.375888374825783,16,33,60.0,5.0,0.0,0.0
1,-10.0,G,540.0,1.0122622382265922,12.375888374825783,16,34,60.0,5.0,0.0,0.0
1,-10.0,G,540.0,1.0122622382265922,12.375888374825783,16,35,60.0,5.0,0.0,0.0
1,-10.0,G,540.0,1.0122622382265922,12.375888374825783,17,0,60.0,5.0,0.0,0.0
1,-10.0,G,540.0,1.0122622382265922,12.375888374825783,17,1,60.0,5.0,0.0,0.0
1,-10.0,G,540.0,1.0122622382265922,12.375888374825783,17,2,60.0,5.0,0.0,0.0
1,-10.0,G,540.0,1.0122622382265922,12.375888374825783,17,3,60.0,5.0,0.0,0.0
1,-10.0,G,540.0,1.0122622382265922,12.375888374825783,17,4,60.0,5.0,0.0,0.0
1,-10.0,G,540.0,1.0122622382265922,12.375888374825783,17,5,60.0,5.0,0.0,0.0
1,-10.0,G,540.0,1.0122622382265922,12.375888374825783,17,6,60.0,5.0,0.0,0.0
1,-10.0,G,540.0,1.0122622382265922,12.375888374825783,17,7,60.0,5.0,0.0,0.0
1,-10.0,G,540.0,1.0122622382265922,12.375888374825783,17,8,60.0,5.0,0.0,0.0
1,-10.0,G,540.0,1.0122622382265922,12.375888374825783,17,9,60.0,5.0,0.0,0.0
1,-10.0,G,540.0,1.0122622382265922,12.375888374825783,17,10,60.0,5.0,0.0,0.0
1,-10.0,G,540.0,1.0122622382265922,12.375888374825783,17,11,60.0,5.0,0.0,0.0
1,-10.0,G,540.0,1.0122622382265922,12.375888374825783,17,12,60.0,5.0,0.0,0.0
1,-10.0,G,540.0,1.0122622382265922,12.375888374825783,17,13,60.0,5.0,0.0,0.0
1,-10.0,G,540.0,1.0122622382265922,12.375888374825783,17,14,60.0,5.0,0.0,0.0
1,-10.0,G,540.0,1.0122622382265922,12.375888374825783,17,15,60.0,5.0,0.0,0.0
1,-10.0,G,540.0,1.0122622382265922,12.375888374825783,17,16,60.0,5.0,0.0,0.0
1,-10.0,G,540.0,1.0122622382265922,12.375888374825783,17,17,60.0,5.0,0.0,0.0
1,-10.0,G,540.0,1.0122622382265922,12.375888374825783,17,18,60.0,5.0,0.0,0.0
1,-10.0,G,540.0,1.0122622382265922,12.375888374825783,17,19,60.0,5.0,0.0,0.0
1,-10.0,G,540.0,1.0122622382265922,12.375888374825783,17,20,60.0,5.0,0.0,0.0
1,-10.0,G,540.0,1.0122622382265922,12.375888374825783,17,21,60.0,5.0,0.0,0.0
1,-10.0,G,540.0,1.0122622382265922,12.375888374825783,17,22,60.0,5.0,0.0,0.0
1,-10.0,G,540.0,1.0122622382265922,12.375888374825783,17,23,60.0,5.0,0.0,0.0
1,-10.0,G,540.0,1.0122622382265922,12.375888374825783,17,24,60.0,5.0,0.0,0.0
1,-10.0,G,540.0,1.0122622382265922,12.375888374825783,17,25,60.0,5.0,0.0,0.0
1,-10.0,G,540.0,1.0122622382265922,12.375888374825783,17,26,60.0,5.0,0.0,0.0
1,-10.0,G,540.0,1.0122622382265922,12.375888374825783,17,27,60.0,5.0,0.0,0.0
1,-10.0,G,540.0,1.0122622382265922,12.375888374825783,17,28,60.0,5.0,0.0,0.0
1,-10.0,G,540.0,1.0122622382265922,12.375888374825783,17,29,60.0,5.0,0.0,0.0
1,-10.0,G,540.0,1.0122622382265922,12.375888374825783,17,30,60.0,5.0,0.0,0.0
1,-10.0,G,540.0,1.0122622382265922,12.375888374825783,17,31,60.0,5.0,0.0,0.0
1,-10.0,G,540.0,1.0122622382265922,12.375888374825783,17,32,60.0,5.0,0.0,0.0
1,-10.0,G,540.0,1.0122622382265922,12.375888374825783,17,33,60.0,5.0,0.0,0.0
1,-10.0,G,540.0,1.0122622382265922,12.375888374825783,17,34,60.0,5.0,0.0,0.0
1,-10.0,G,540.0,1.0122622382265922,12.375888374825783,17,35,60.0,5.0,0.0,0.0
1,-10.0,G,540.0,1.0122622382265922,12.375888374825783,18,0,60.0,5.0,0.0,0.0
1,-10.0,G,540.0,1.0122622382265922,12.375888374825783,18,1,60.0,5.0,0.0,0.0
1,-10.0,G,540.0,1.0122622382265922,12.375888374825783,18,2,60.0,5.0,0.0,0.0
1,-10.0,G,540.0,1.0122622382265922,12.375888374825783,18,3,60.0,5.0,0.0,0.0
1,-10.0,G,540.0,1.0122622382265922,12.375888374825783,18,4,60.0,5.0,0.0,0.0
1,-10.0,G,540.0,1.0122622382265922,12.375888374825783,18,5,60.0,5.0,0.0,0.0
1,-10.0,G,540.0,1.0122622382265922,12.375888374825783,18,6,60.0,5.0,0.0,0.0
1,-10.0,G,540.0,1.0122622382265922,12.375888374825783,18,7,60.0,5.0,0.0,0.0
1,-10.0,G,540.0,1.0122622382265922,12.375888374825783,18,8,60.0,5.0,0.0,0.0
1,-10.0,G,540.0,1.0122622382265922,12.375888374825783,18,9,60.0,5.0,0.0,0.0
1,-10.0,G,540.0,1.0122622382265922,12.375888374825783,18,10,60.0,5.0,0.0,0.0
1,-10.0,G,540.0,1.0122622382265922,12.375888374825783,18,11,60.0,5.0,0.0,0.0
1,-10.0,G,540.0,1.0122622382265922,12.375888374825783,18,12,60.0,5.0,0.0,0.0
1,-10.0,G,540.0,1.0122622382265922,12.375888374825783,18,13,60.0,5.0,0.0,0.0
1,-10.0,G,540.0,1.0122622382265922,12.375888374825783,18,14,60.0,5.0,0.0,0.0
1,-10.0,G,540.0,1.0122622382265922,12.375888374825783,18,15,60.0,5.0,0.0,0.0
1,-10.0,G,540.0,1.0122622382265922,12.375888374825783,18,16,60.0,5.0,0.0,0.0
1,-10.0,G,540.0,1.0122622382265922,12.375888374825783,18,17,60.0,5.0,0.0,0.0
1,-10.0,G,540.0,1.0122622382265922,12.375888374825783,18,18,60.0,5.0,0.0,0.0
1,-10.0,G,540.0,1.0122622382265922,12.375888374825783,18,19,60.0,5.0,0.0,0.0
1,-10.0,G,540.0,1.0122622382265922,12.375888374825783,18,20,60.0,5.0,0.0,0.0
1,-10.0,G,540.0,1.0122622382265922,12.375888374825783,18,21,60.0,5.0,0.0,0.0
1,-10.0,G,540.0,1.0122622382265922,12.375888374825783,18,22,60.0,5.0,0.0,0.0
1,-10.0,G,540.0,1.0122622382265922,12.375888374825783,18,23,60.0,5.0,0.0,0.0
1,-10.0,G,540.0,1.0122622382265922,12.375888374825783,18,24,60.0,5.0,0.0,0.0
1,-10.0,G,540.0,1.0122622382265922,12.375888374825783,18,25,60.0,5.0,0.0,0.0
1,-10.0,G,540.0,1.0122622382265922,12.375888374825783,18,26,60.0,5.0,0.0,0.0
1,-10.0,G,540.0,1.0122622382265922,12.375888374825783,18,27,60.0,5.0,0.0,0.0
1,-10.0,G,540.0,1.0122622382265922,12.375888374825783,18,28,60.0,5.0,0.0,0.0
1,-10.0,G,540.0,1.0122622382265922,12.375888374825783,18,29,60.0,5.0,0.0,0.0
1,-10.0,G,540.0,1.0122622382265922,12.375888374825783,18,30,60.0,5.0,0.0,0.0
1,-10.0,G,540.0,1.0122622382265922,12.375888374825783,18,31,60.0,5.0,0.0,0.0
1,-10.0,G,540.0,1.0122622382265922,12.375888374825783,18,32,60.0,5.0,0.0,0.0
1,-10.0,G,540.0,1.0122622382265922,12.375888374825783,18,33,60.0,5.0,0.0,0.0
1,-10.0,G,540.0,1.0122622382265922,12.375888374825783,18,34,60.0,5.0,0.0,0.0
1,-10.0,G,540.0,1.0122622382265922,12.375888374825783,18,35,60.0,5.0,0.0,0.0
1,-10.0,G,540.0,1.0122622382265922,12.375888374825783,19,0,60.0,5.0,0.0,0.0
1,-10.0,G,540.0,1.0122622382265922,12.375888374825783,19,1,60.0,5.0,0.0,0.0
1,-10.0,G,540.0,1.0122622382265922,12.375888374825783,19,2,60.0,5.0,0.0,0.0
1,-10.0,G,540.0,1.0122622382265922,12.375888374825783,19,3,60.0,5.0,0.0,0.0
1,-10.0,G,540.0,1.0122622382265922,12.375888374825783,19,4,60.0,5.0,0.0,0.0
1,-10.0,G,540.0,1.0122622382265922,12.375888374825783,19,5,60.0,5.0,0.0,0.0
1,-10.0,G,540.0,1.0122622382265922,12.375888374825783,19,6,60.0,5.0,0.0,0.0
1,-10.0,G,540.0,1.0122622382265922,12.375888374825783,19,7,60.0,5.0,0.0,0.0
1,-10.0,G,540.0,1.0122622382265922,12.375888374825783,19,8,60.0,5.0,0.0,0.0
1,-10.0,G,540.0,1.0122622382265922,12.375888374825783,19,9,60.0,5.0,0.0,0.0
1,-10.0,G,540.0,1.0122622382265922,12.375888374825783,19,10,60.0,5.0,0.0,0.0
1,-10.0,G,540.0,1.0122622382265922,12.375888374825783,19,11,60.0,5.0,0.0,0.0
1,-10.0,G,540.0,1.0122622382265922,12.375888374825783,19,12,60.0,5.0,0.0,0.0
1,-10.0,G,540.0,1.0122622382265922,12.375888374825783,19,13,60.0,5.0,0.0,0.0
1,-10.0,G,540.0,1.0122622382265922,12.375888374825783,19,14,60.0,5.0,0.0,0.0
1,-10.0,G,540.0,1.0122622382265922,12.375888374825783,19,15,60.0,5.0,0.0,0.0
1,-10.0,G,540.0,1.0122622382265922,12.375888374825783,19,16,60.0,5.0,0.0,0.0
1,-10.0,G,540.0,1.0122622382265922,12.375888374825783,19,17,60.0,5.0,0.0,0.0
1,-10.0,G,540.0,1.0122622382265922,12.375888374825783,19,18,60.0,5.0,0.0,0.0
1,-10.0,G,540.0,1.0122622382265922,12.375888374825783,19,19,60.0,5.0,0.0,0.0
1,-10.0,G,540.0,1.0122622382265922,12.375888374825783,19,20,60.0,5.0,0.0,0.0
1,-10.0,G,540.0,1.0122622382265922,12.375888374825783,19,21,60.0,5.0,0.0,0.0
1,-10.0,G,540.0,1.0122622382265922,12.375888374825783,19,22,60.0,5.0,0.0,0.0
1,-10.0,G,540.0,1.0122622382265922,12.375888374825783,19,23,60.0,5.0,0.0,0.0
1,-10.0,G,540.0,1.0122622382265922,12.375888374825783,19,24,60.0,5.0,0.0,0.0
1,-10.0,G,540.0,1.0122622382265922,12.375888374825783,19,25,60.0,5.0,0.0,0.0
1,-10.0,G,540.0,1.0122622382265922,12.375888374825783,19,26,60.0,5.0,0.0,0.0
1,-10.0,G,540.0,1.0122622382265922,12.375888374825783,19,27,60.0,5.0,0.0,0.0
1,-10.0,G,540.0,1.0122622382265922,12.375888374825783,19,28,60.0,5.0,0.0,0.0
1,-10.0,G,540.0,1.0122622382265922,12.375888374825783,19,29,60.0,5.0,0.0,0.0
1,-10.0,G,540.0,1.0122622382265922,12.375888374825783,19,30,60.0,5.0,0.0,0.0
1,-10.0,G,540.0,1.0122622382265922,12.375888374825783,19,31,60.0,5.0,0.0,0.0
1,-10.0,G,540.0,1.0122622382265922,12.375888374825783,19,32,60.0,5.0,0.0,0.0
1,-10.0,G,540.0,1.0122622382265922,12.375888374825783,19,33,60.0,5.0,0.0,0.0
1,-10.0,G,540.0,1.0122622382265922,12.375888374825783,19,34,60.0,5.0,0.0,0.0
1,-10.0,G,540.0,1.0122622382265922,12.375888374825783,19,35,60.0,5.0,0.0,0.0
1,-10.0,B,470.0,0.881043059197219,10.771606548459477,0,0,60.0,5.0,0.0,0.0
1,-10.0,B,470.0,0.881043059197219,10.771606548459477,0,1,60.0,5.0,0.0,0.0
1,-10.0,B,470.0,0.881043059197219,10.771606548459477,0,2,60.0,5.0,0.0,0.0
1,-10.0,B,470.0,0.881043059197219,10.771606548459477,0,3,60.0,5.0,0.0,0.0
1,-10.0,B,470.0,0.881043059197219,10.771606548459477,0,4,60.0,5.0,0.0,0.0
1,-10.0,B,470.0,0.881043059197219,10.771606548459477,0,5,60.0,5.0,0.0,0.0
1,-10.0,B,470.0,0.881043059197219,10.771606548459477,0,6,60.0,5.0,0.0,0.0
1,-10.0,B,470.0,0.881043059197219,10.771606548459477,0,7,60.0,5.0,0.0,0.0
1,-10.0,B,470.0,0.881043059197219,10.771606548459477,0,8,60.0,5.0,0.0,0.0
1,-10.0,B,470.0,0.881043059197219,10.771606548459477,0,9,60.0,5.0,0.0,0.0
1,-10.0,B,470.0,0.881043059197219,10.771606548459477,0,10,60.0,5.0,0.0,0.0
1,-10.0,B,470.0,0.881043059197219,10.771606548459477,0,11,60.0,5.0,0.0,0.0
1,-10.0,B,470.0,0.881043059197219,10.771606548459477,0,12,60.0,5.0,0.0,0.0
1,-10.0,B,470.0,0.881043059197219,10.771606548459477,0,13,60.0,5.0,0.0,0.0
1,-10.0,B,470.0,0.881043059197219,10.771606548459477,0,14,60.0,5.0,0.0,0.0
1,-10.0,B,470.0,0.881043059197219,10.771606548459477,0,15,60.0,5.0,0.0,0.0
1,-10.0,B,470.0,0.881043059197219,10.771606548459477,0,16,60.0,5.0,0.0,0.0
1,-10.0,B,470.0,0.881043059197219,10.771606548459477,0,17,60.0,5.0,0.0,0.0
1,-10.0,B,470.0,0.881043059197219,10.771606548459477,0,18,60.0,5.0,0.0,0.0
1,-10.0,B,470.0,0.881043059197219,10.771606548459477,0,19,60.0,5.0,0.0,0.0
1,-10.0,B,470.0,0.881043059197219,10.771606548459477,0,20,60.0,5.0,0.0,0.0
1,-10.0,B,470.0,0.881043059197219,10.771606548459477,0,21,60.0,5.0,0.0,0.0
1,-10.0,B,470.0,0.881043059197219,10.771606548459477,0,22,60.0,5.0,0.0,0.0
1,-10.0,B,470.0,0.881043059197219,10.771606548459477,0,23,60.0,5.0,0.0,0.0
1,-10.0,B,470.0,0.881043059197219,10.771606548459477,0,24,60.0,5.0,0.0,0.0
1,-10.0,B,470.0,0.881043059197219,10.771606548459477,0,25,60.0,5.0,0.0,0.0
1,-10.0,B,470.0,0.881043059197219,10.771606548459477,0,26,60.0,5.0,0.0,0.0
1,-10.0,B,470.0,0.881043059197219,10.771606548459477,0,27,60.0,5.0,0.0,0.0
1,-10.0,B,470.0,0.881043059197219,10.771606548459477,0,28,60.0,5.0,0.0,0.0
1,-10.0,B,470.0,0.881043059197219,10.771606548459477,0,29,60.0,5.0,0.0,0.0
1,-10.0,B,470.0,0.881043059197219,10.771606548459477,0,30,60.0,5.0,0.0,0.0
1,-10.0,B,470.0,0.881043059197219,10.771606548459477,0,31,60.0,5.0,0.0,0.0
1,-10.0,B,470.0,0.881043059197219,10.771606548459477,0,32,60.0,5.0,0.0,0.0
1,-10.0,B,470.0,0.881043059197219,10.771606548459477,0,33,60.0,5.0,0.0,0.0
1,-10.0,B,470.0,0.881043059197219,10.771606548459477,0,34,60.0,5.0,0.0,0.0
1,-10.0,B,470.0,0.881043059197219,10.771606548459477,0,35,60.0,5.0,0.0,0.0
1,-10.0,B,470.0,0.881043059197219,10.771606548459477,1,0,60.0,5.0,0.0,0.0
1,-10.0,B,470.0,0.881043059197219,10.771606548459477,1,1,60.0,5.0,0.0,0.0
1,-10.0,B,470.0,0.881043059197219,10.771606548459477,1,2,60.0,5.0,0.0,0.0
1,-10.0,B,470.0,0.881043059197219,10.771606548459477,1,3,60.0,5.0,0.0,0.0
1,-10.0,B,470.0,0.881043059197219,10.771606548459477,1,4,60.0,5.0,0.0,0.0
1,-10.0,B,470.0,0.881043059197219,10.771606548459477,1,5,60.0,5.0,0.0,0.0
1,-10.0,B,470.0,0.881043059197219,10.771606548459477,1,6,60.0,5.0,0.0,0.0
1,-10.0,B,470.0,0.881043059197219,10.771606548459477,1,7,60.0,5.0,0.0,0.0
1,-10.0,B,470.0,0.881043059197219,10.771606548459477,1,8,60.0,5.0,0.0,0.0
1,-10.0,B,470.0,0.881043059197219,10.771606548459477,1,9,60.0,5.0,0.0,0.0
1,-10.0,B,470.0,0.881043059197219,10.771606548459477,1,10,60.0,5.0,0.0,0.0
1,-10.0,B,470.0,0.881043059197219,10.771606548459477,1,11,60.0,5.0,0.0,0.0
1,-10.0,B,470.0,0.881043059197219,10.771606548459477,1,12,60.0,5.0,0.0,0.0
1,-10.0,B,470.0,0.881043059197219,10.771606548459477,1,13,60.0,5.0,0.0,0.0
1,-10.0,B,470.0,0.881043059197219,10.771606548459477,1,14,60.0,5.0,0.0,0.0
1,-10.0,B,470.0,0.881043059197219,10.771606548459477,1,15,60.0,5.0,0.0,0.0
1,-10.0,B,470.0,0.881043059197219,10.771606548459477,1,16,60.0,5.0,0.0,0.0
1,-10.0,B,470.0,0.881043059197219,10.771606548459477,1,17,60.0,5.0,0.0,0.0
1,-10.0,B,470.0,0.881043059197219,10.771606548459477,1,18,60.0,5.0,0.0,0.0
1,-10.0,B,470.0,0.881043059197219,10.771606548459477,1,19,60.0,5.0,0.0,0.0
1,-10.0,B,470.0,0.881043059197219,10.771606548459477,1,20,60.0,5.0,0.0,0.0
1,-10.0,B,470.0,0.881043059197219,10.771606548459477,1,21,60.0,5.0,0.0,0.0
1,-10.0,B,470.0,0.881043059197219,10.771606548459477,1,22,60.0,5.0,0.0,0.0
1,-10.0,B,470.0,0.881043059197219,10.771606548459477,1,23,60.0,5.0,0.0,0.0
1,-10.0,B,470.0,0.881043059197219,10.771606548459477,1,24,60.0,5.0,0.0,0.0
1,-10.0,B,470.0,0.881043059197219,10.771606548459477,1,25,60.0,5.0,0.0,0.0
1,-10.0,B,470.0,0.881043059197219,10.771606548459477,1,26,60.0,5.0,0.0,0.0
1,-10.0,B,470.0,0.881043059197219,10.771606548459477,1,27,60.0,5.0,0.0,0.0
1,-10.0,B,470.0,0.881043059197219,10.771606548459477,1,28,60.0,5.0,0.0,0.0
1,-10.0,B,470.0,0.881043059197219,10.771606548459477,1,29,60.0,5.0,0.0,0.0
1,-10.0,B,470.0,0.881043059197219,10.771606548459477,1,30,60.0,5.0,0.0,0.0
1,-10.0,B,470.0,0.881043059197219,10.771606548459477,1,31,60.0,5.0,0.0,0.0
1,-10.0,B,470.0,0.881043059197219,10.771606548459477,1,32,60.0,5.0,0.0,0.0
1,-10.0,B,470.0,0.881043059197219,10.771606548459477,1,33,60.0,5.0,0.0,0.0
1,-10.0,B,470.0,0.881043059197219,10.771606548459477,1,34,60.0,5.0,0.0,0.0
1,-10.0,B,470.0,0.881043059197219,10.771606548459477,1,35,60.0,5.0,0.0,0.0
1,-10.0,B,470.0,0.881043059197219,10.771606548459477,2,0,60.0,5.0,0.0,0.0
1,-10.0,B,470.0,0.881043059197219,10.771606548459477,2,1,60.0,5.0,0.0,0.0
1,-10.0,B,470.0,0.881043059197219,10.771606548459477,2,2,60.0,5.0,0.0,0.0
1,-10.0,B,470.0,0.881043059197219,10.771606548459477,2,3,60.0,5.0,0.0,0.0
1,-10.0,B,470.0,0.881043059197219,10.771606548459477,2,4,60.0,5.0,0.0,0.0
1,-10.0,B,470.0,0.881043059197219,10.771606548459477,2,5,60.0,5.0,0.0,0.0
1,-10.0,B,470.0,0.881043059197219,10.771606548459477,2,6,60.0,5.0,0.0,0.0
1,-10.0,B,470.0,0.881043059197219,10.771606548459477,2,7,60.0,5.0,0.0,0.0
1,-10.0,B,470.0,0.881043059197219,10.771606548459477,2,8,60.0,5.0,0.0,0.0
1,-10.0,B,470.0,0.881043059197219,10.771606548459477,2,9,60.0,5.0,0.0,0.0
1,-10.0,B,470.0,0.881043059197219,10.771606548459477,2,10,60.0,5.0,0.0,0.0
1,-10.0,B,470.0,0.881043059197219,10.771606548459477,2,11,60.0,5.0,0.0,0.0
1,-10.0,B,470.0,0.881043059197219,10.771606548459477,2,12,60.0,5.0,0.0,0.0
1,-10.0,B,470.0,0.881043059197219,10.771606548459477,2,13,60.0,5.0,0.0,0.0
1,-10.0,B,470.0,0.881043059197219,10.771606548459477,2,14,60.0,5.0,0.0,0.0
1,-10.0,B,470.0,0.881043059197219,10.771606548459477,2,15,60.0,5.0,0.0,0.0
1,-10.0,B,470.0,0.881043059197219,10.771606548459477,2,16,60.0,5.0,0.0,0.0
1,-10.0,B,470.0,0.881043059197219,10.771606548459477,2,17,60.0,5.0,0.0,0.0
1,-10.0,B,470.0,0.881043059197219,10.771606548459477,2,18,60.0,5.0,0.0,0.0
1,-10.0,B,470.0,0.881043059197219,10.771606548459477,2,19,60.0,5.0,0.0,0.0
1,-10.0,B,470.0,0.881043059197219,10.771606548459477,2,20,60.0,5.0,0.0,0.0
1,-10.0,B,470.0,0.881043059197219,10.771606548459477,2,21,60.0,5.0,0.0,0.0
1,-10.0,B,470.0,0.881043059197219,10.771606548459477,2,22,60.0,5.0,0.0,0.0
1,-10.0,B,470.0,0.881043059197219,10.771606548459477,2,23,60.0,5.0,0.0,0.0
1,-10.0,B,470.0,0.881043059197219,10.771606548459477,2,24,60.0,5.0,0.0,0.0
1,-10.0,B,470.0,0.881043059197219,10.771606548459477,2,25,60.0,5.0,0.0,0.0
1,-10.0,B,470.0,0.881043059197219,10.771606548459477,2,26,60.0,5.0,0.0,0.0
1,-10.0,B,470.0,0.881043059197219,10.771606548459477,2,27,60.0,5.0,0.0,0.0
1,-10.0,B,470.0,0.881043059197219,10.771606548459477,2,28,60.0,5.0,0.0,0.0
1,-10.0,B,470.0,0.881043059197219,10.771606548459477,2,29,60.0,5.0,0.0,0.0
1,-10.0,B,470.0,0.881043059197219,10.771606548459477,2,30,60.0,5.0,0.0,0.0
1,-10.0,B,470.0,0.881043059197219,10.771606548459477,2,31,60.0,5.0,0.0,0.0
1,-10.0,B,470.0,0.881043059197219,10.771606548459477,2,32,60.0,5.0,0.0,0.0
1,-10.0,B,470.0,0.881043059197219,10.771606548459477,2,33,60.0,5.0,0.0,0.0
1,-10.0,B,470.0,0.881043059197219,10.771606548459477,2,34,60.0,5.0,0.0,0.0
1,-10.0,B,470.0,0.881043059197219,10.771606548459477,2,35,60.0,5.0,0.0,0.0
1,-10.0,B,470.0,0.881043059197219,10.771606548459477,3,0,60.0,5.0,0.0,0.0
1,-10.0,B,470.0,0.881043059197219,10.771606548459477,3,1,60.0,5.0,0.0,0.0
1,-10.0,B,470.0,0.881043059197219,10.771606548459477,3,2,60.0,5.0,0.0,0.0
1,-10.0,B,470.0,0.881043059197219,10.771606548459477,3,3,60.0,5.0,0.0,0.0
1,-10.0,B,470.0,0.881043059197219,10.771606548459477,3,4,60.0,5.0,0.0,0.0
1,-10.0,B,470.0,0.881043059197219,10.771606548459477,3,5,60.0,5.0,0.0,0.0
1,-10.0,B,470.0,0.881043059197219,10.771606548459477,3,6,60.0,5.0,0.0,0.0
1,-10.0,B,470.0,0.881043059197219,10.771606548459477,3,7,60.0,5.0,0.0,0.0
1,-10.0,B,470.0,0.881043059197219,10.771606548459477,3,8,60.0,5.0,0.0,0.0
1,-10.0,B,470.0,0.881043059197219,10.771606548459477,3,9,60.0,5.0,0.0,0.0
1,-10.0,B,470.0,0.881043059197219,10.771606548459477,3,10,60.0,5.0,0.0,0.0
1,-10.0,B,470.0,0.881043059197219,10.771606548459477,3,11,60.0,5.0,0.0,0.0
1,-10.0,B,470.0,0.881043059197219,10.771606548459477,3,12,60.0,5.0,0.0,0.0
1,-10.0,B,470.0,0.881043059197219,10.771606548459477,3,13,60.0,5.0,0.0,0.0
1,-10.0,B,470.0,0.881043059197219,10.771606548459477,3,14,60.0,5.0,0.0,0.0
1,-10.0,B,470.0,0.881043059197219,10.771606548459477,3,15,60.0,5.0,0.0,0.0
1,-10.0,B,470.0,0.881043059197219,10.771606548459477,3,16,60.0,5.0,0.0,0.0
1,-10.0,B,470.0,0.881043059197219,10.771606548459477,3,17,60.0,5.0,0.0,0.0
1,-10.0,B,470.0,0.881043059197219,10.771606548459477,3,18,60.0,5.0,0.0,0.0
1,-10.0,B,470.0,0.881043059197219,10.771606548459477,3,19,60.0,5.0,0.0,0.0
1,-10.0,B,470.0,0.881043059197219,10.771606548459477,3,20,60.0,5.0,0.0,0.0
1,-10.0,B,470.0,0.881043059197219,10.771606548459477,3,21,60.0,5.0,0.0,0.0
1,-10.0,B,470.0,0.881043059197219,10.771606548459477,3,22,60.0,5.0,0.0,0.0
1,-10.0,B,470.0,0.881043059197219,10.771606548459477,3,23,60.0,5.0,0.0,0.0
1,-10.0,B,470.0,0.881043059197219,10.771606548459477,3,24,60.0,5.0,0.0,0.0
1,-10.0,B,470.0,0.881043059197219,10.771606548459477,3,25,60.0,5.0,0.0,0.0
1,-10.0,B,470.0,0.881043059197219,10.771606548459477,3,26,60.0,5.0,0.0,0.0
1,-10.0,B,470.0,0.881043059197219,10.771606548459477,3,27,60.0,5.0,0.0,0.0
1,-10.0,B,470.0,0.881043059197219,10.771606548459477,3,28,60.0,5.0,0.0,0.0
1,-10.0,B,470.0,0.881043059197219,10.771606548459477,3,29,60.0,5.0,0.0,0.0
1,-10.0,B,470.0,0.881043059197219,10.771606548459477,3,30,60.0,5.0,0.0,0.0
1,-10.0,B,470.0,0.881043059197219,10.771606548459477,3,31,60.0,5.0,0.0,0.0
1,-10.0,B,470.0,0.881043059197219,10.771606548459477,3,32,60.0,5.0,0.0,0.0
1,-10.0,B,470.0,0.881043059197219,10.771606548459477,3,33,60.0,5.0,0.0,0.0
1,-10.0,B,470.0,0.881043059197219,10.771606548459477,3,34,60.0,5.0,0.0,0.0
1,-10.0,B,470.0,0.881043059197219,10.771606548459477,3,35,60.0,5.0,0.0,0.0
1,-10.0,B,470.0,0.881043059197219,10.771606548459477,4,0,60.0,5.0,0.0,0.0
1,-10.0,B,470.0,0.881043059197219,10.771606548459477,4,1,60.0,5.0,0.0,0.0
1,-10.0,B,470.0,0.881043059197219,10.771606548459477,4,2,60.0,5.0,0.0,0.0
1,-10.0,B,470.0,0.881043059197219,10.771606548459477,4,3,60.0,5.0,0.0,0.0
1,-10.0,B,470.0,0.881043059197219,10.771606548459477,4,4,60.0,5.0,0.0,0.0
1,-10.0,B,470.0,0.881043059197219,10.771606548459477,4,5,60.0,5.0,0.00392156862745098,0.01994638965273254
1,-10.0,B,470.0,0.881043059197219,10.771606548459477,4,6,60.0,5.0,0.01568627450980392,0.03997164583041206
1,-10.0,B,470.0,0.881043059197219,10.771606548459477,4,7,60.0,5.0,0.011764705882352941,0.0345936127618576
1,-10.0,B,470.0,0.881043059197219,10.771606548459477,4,8,60.0,5.0,0.0,0.0
1,-10.0,B,470.0,0.881043059197219,10.771606548459477,4,9,60.0,5.0,0.0,0.0
1,-10.0,B,470.0,0.881043059197219,10.771606548459477,4,10,60.0,5.0,0.0,0.0
1,-10.0,B,470.0,0.881043059197219,10.771606548459477,4,11,60.0,5.0,0.0,0.0
1,-10.0,B,470.0,0.881043059197219,10.771606548459477,4,12,60.0,5.0,0.00392156862745098,0.01994638965273254
1,-10.0,B,470.0,0.881043059197219,10.771606548459477,4,13,60.0,5.0,0.00392156862745098,0.01994638965273254
1,-10.0,B,470.0,0.881043059197219,10.771606548459477,4,14,60.0,5.0,0.00392156862745098,0.01994638965273254
1,-10.0,B,470.0,0.881043059197219,10.771606548459477,4,15,60.0,5.0,0.00392156862745098,0.01994638965273254
1,-10.0,B,470.0,0.881043059197219,10.771606548459477,4,16,60.0,5.0,0.00784313725490196,0.028226977679718004
1,-10.0,B,470.0,0.881043059197219,10.771606548459477,4,17,60.0,5.0,0.00392156862745098,0.01994638965273254
1,-10.0,B,470.0,0.881043059197219,10.771606548459477,4,18,60.0,5.0,0.00784313725490196,0.028226977679718004
1,-10.0,B,470.0,0.881043059197219,10.771606548459477,4,19,60.0,5.0,0.00392156862745098,0.01994638965273254
1,-10.0,B,470.0,0.881043059197219,10.771606548459477,4,20,60.0,5.0,0.00392156862745098,0.01994638965273254
1,-10.0,B,470.0,0.881043059197219,10.771606548459477,4,21,60.0,5.0,0.00784313725490196,0.028226977679718004
1,-10.0,B,470.0,0.881043059197219,10.771606548459477,4,22,60.0,5.0,0.00392156862745098,0.01994638965273254
1,-10.0,B,470.0,0.881043059197219,10.771606548459477,4,23,60.0,5.0,0.0,0.0
1,-10.0,B,470.0,0.881043059197219,10.771606548459477,4,24,60.0,5.0,0.0,0.0
1,-10.0,B,470.0,0.881043059197219,10.771606548459477,4,25,60.0,5.0,0.00784313725490196,0.028226977679718004
1,-10.0,B,470.0,0.881043059197219,10.771606548459477,4,26,60.0,5.0,0.00784313725490196,0.028226977679718004
1,-10.0,B,470.0,0.881043059197219,10.771606548459477,4,27,60.0,5.0,0.0,0.0
1,-10.0,B,470.0,0.881043059197219,10.771606548459477,4,28,60.0,5.0,0.0,0.0
1,-10.0,B,470.0,0.881043059197219,10.771606548459477,4,29,60.0,5.0,0.0,0.0
1,-10.0,B,470.0,0.881043059197219,10.771606548459477,4,30,60.0,5.0,0.0,0.0
1,-10.0,B,470.0,0.881043059197219,10.771606548459477,4,31,60.0,5.0,0.0,0.0
1,-10.0,B,470.0,0.881043059197219,10.771606548459477,4,32,60.0,5.0,0.0,0.0
1,-10.0,B,470.0,0.881043059197219,10.771606548459477,4,33,60.0,5.0,0.0,0.0
1,-10.0,B,470.0,0.881043059197219,10.771606548459477,4,34,60.0,5.0,0.0,0.0
1,-10.0,B,470.0,0.881043059197219,10.771606548459477,4,35,60.0,5.0,0.0,0.0
1,-10.0,B,470.0,0.881043059197219,10.771606548459477,5,0,60.0,5.0,0.0,0.0
1,-10.0,B,470.0,0.881043059197219,10.771606548459477,5,1,60.0,5.0,0.0,0.0
1,-10.0,B,470.0,0.881043059197219,10.771606548459477,5,2,60.0,5.0,0.0,0.0
1,-10.0,B,470.0,0.881043059197219,10.771606548459477,5,3,60.0,5.0,0.0,0.0
1,-10.0,B,470.0,0.881043059197219,10.771606548459477,5,4,60.0,5.0,0.00392156862745098,0.01994638965273254
1,-10.0,B,470.0,0.881043059197219,10.771606548459477,5,5,60.0,5.0,0.0,0.0
1,-10.0,B,470.0,0.881043059197219,10.771606548459477,5,6,60.0,5.0,0.03137254901960784,0.05667903330417266
1,-10.0,B,470.0,0.881043059197219,10.771606548459477,5,7,60.0,5.0,0.03529411764705882,0.060157486757451334
1,-10.0,B,470.0,0.881043059197219,10.771606548459477,5,8,60.0,5.0,0.0,0.0
1,-10.0,B,470.0,0.881043059197219,10.771606548459477,5,9,60.0,5.0,0.00392156862745098,0.01994638965273254
1,-10.0,B,470.0,0.881043059197219,10.771606548459477,5,10,60.0,5.0,0.0,0.0
1,-10.0,B,470.0,0.881043059197219,10.771606548459477,5,11,60.0,5.0,0.0,0.0
1,-10.0,B,470.0,0.881043059197219,10.771606548459477,5,12,60.0,5.0,0.0,0.0
1,-10.0,B,470.0,0.881043059197219,10.771606548459477,5,13,60.0,5.0,0.0,0.0
1,-10.0,B,470.0,0.881043059197219,10.771606548459477,5,14,60.0,5.0,0.0,0.0
1,-10.0,B,470.0,0.881043059197219,10.771606548459477,5,15,60.0,5.0,0.0,0.0
1,-10.0,B,470.0,0.881043059197219,10.771606548459477,5,16,60.0,5.0,0.0,0.0
1,-10.0,B,470.0,0.881043059197219,10.771606548459477,5,17,60.0,5.0,0.0,0.0
1,-10.0,B,470.0,0.881043059197219,10.771606548459477,5,18,60.0,5.0,0.0,0.0
1,-10.0,B,470.0,0.881043059197219,10.771606548459477,5,19,60.0,5.0,0.0,0.0
1,-10.0,B,470.0,0.881043059197219,10.771606548459477,5,20,60.0,5.0,0.0,0.0
1,-10.0,B,470.0,0.881043059197219,10.771606548459477,5,21,60.0,5.0,0.0,0.0
1,-10.0,B,470.0,0.881043059197219,10.771606548459477,5,22,60.0,5.0,0.0,0.0
1,-10.0,B,470.0,0.881043059197219,10.771606548459477,5,23,60.0,5.0,0.0,0.0
1,-10.0,B,470.0,0.881043059197219,10.771606548459477,5,24,60.0,5.0,0.0,0.0
1,-10.0,B,470.0,0.881043059197219,10.771606548459477,5,25,60.0,5.0,0.0,0.0
1,-10.0,B,470.0,0.881043059197219,10.771606548459477,5,26,60.0,5.0,0.0,0.0
1,-10.0,B,470.0,0.881043059197219,10.771606548459477,5,27,60.0,5.0,0.0,0.0
1,-10.0,B,470.0,0.881043059197219,10.771606548459477,5,28,60.0,5.0,0.0,0.0
1,-10.0,B,470.0,0.881043059197219,10.771606548459477,5,29,60.0,5.0,0.0,0.0
1,-10.0,B,470.0,0.881043059197219,10.771606548459477,5,30,60.0,5.0,0.0,0.0
1,-10.0,B,470.0,0.881043059197219,10.771606548459477,5,31,60.0,5.0,0.0,0.0
1,-10.0,B,470.0,0.881043059197219,10.771606548459477,5,32,60.0,5.0,0.0,0.0
1,-10.0,B,470.0,0.881043059197219,10.771606548459477,5,33,60.0,5.0,0.0,0.0
1,-10.0,B,470.0,0.881043059197219,10.771606548459477,5,34,60.0,5.0,0.0,0.0
1,-10.0,B,470.0,0.881043059197219,10.771606548459477,5,35,60.0,5.0,0.0,0.0
1,-10.0,B,470.0,0.881043059197219,10.771606548459477,6,0,60.0,5.0,0.0,0.0
1,-10.0,B,470.0,0.881043059197219,10.771606548459477,6,1,60.0,5.0,0.0,0.0
1,-10.0,B,470.0,0.881043059197219,10.771606548459477,6,2,60.0,5.0,0.00392156862745098,0.01994638965273254
1,-10.0,B,470.0,0.881043059197219,10.771606548459477,6,3,60.0,5.0,0.0,0.0
1,-10.0,B,470.0,0.881043059197219,10.771606548459477,6,4,60.0,5.0,0.00392156862745098,0.01994638965273254
1,-10.0,B,470.0,0.881043059197219,10.771606548459477,6,5,60.0,5.0,0.30980392156862746,0.18789451147862046
1,-10.0,B,470.0,0.881043059197219,10.771606548459477,6,6,60.0,5.0,0.12549019607843137,0.11526243188745809
1,-10.0,B,470.0,0.881043059197219,10.771606548459477,6,7,60.0,5.0,0.23921568627450981,0.16267352538779695
1,-10.0,B,470.0,0.881043059197219,10.771606548459477,6,8,60.0,5.0,0.09019607843137255,0.09709567612708571
1,-10.0,B,470.0,0.881043059197219,10.771606548459477,6,9,60.0,5.0,0.0,0.0
1,-10.0,B,470.0,0.881043059197219,10.771606548459477,6,10,60.0,5.0,0.011764705882352941,0.0345936127618576
1,-10.0,B,470.0,0.881043059197219,10.771606548459477,6,11,60.0,5.0,0.0,0.0
1,-10.0,B,470.0,0.881043059197219,10.771606548459477,6,12,60.0,5.0,0.20392156862745098,0.14913829006235088
1,-10.0,B,470.0,0.881043059197219,10.771606548459477,6,13,60.0,5.0,0.1411764705882353,0.12260956282279944
1,-10.0,B,470.0,0.881043059197219,10.771606548459477,6,14,60.0,5.0,0.0784313725490196,0.09035304440877327
1,-10.0,B,470.0,0.881043059197219,10.771606548459477,6,15,60.0,5.0,0.07450980392156863,0.08800426979263411
1,-10.0,B,470.0,0.881043059197219,10.771606548459477,6,16,60.0,5.0,0.21568627450980393,0.15373730807570263
1,-10.0,B,470.0,0.881043059197219,10.771606548459477,6,17,60.0,5.0,0.30196078431372547,0.1851854165236684
1,-10.0,B,470.0,0.881043059197219,10.771606548459477,6,18,60.0,5.0,0.3058823529411765,0.18654239242284085
1,-10.0,B,470.0,0.881043059197219,10.771606548459477,6,19,60.0,5.0,0.10196078431372549,0.10345212448837855
1,-10.0,B,470.0,0.881043059197219,10.771606548459477,6,20,60.0,5.0,0.06274509803921569,0.08059162758159863
1,-10.0,B,470.0,0.881043059197219,10.771606548459477,6,21,60.0,5.0,0.23921568627450981,0.16267352538779695
1,-10.0,B,470.0,0.881043059197219,10.771606548459477,6,22,60.0,5.0,0.050980392156862744,0.07249578895933438
1,-10.0,B,470.0,0.881043059197219,10.771606548459477,6,23,60.0,5.0,0.011764705882352941,0.0345936127618576
1,-10.0,B,470.0,0.881043059197219,10.771606548459477,6,24,60.0,5.0,0.0196078431372549,0.04471926097515774
1,-10.0,B,470.0,0.881043059197219,10.771606548459477,6,25,60.0,5.0,0.2235294117647059,0.1567527086383188
1,-10.0,B,470.0,0.881043059197219,10.771606548459477,6,26,60.0,5.0,0.30980392156862746,0.18789451147862046
1,-10.0,B,470.0,0.881043059197219,10.771606548459477,6,27,60.0,5.0,0.0,0.0
1,-10.0,B,470.0,0.881043059197219,10.771606548459477,6,28,60.0,5.0,0.00392156862745098,0.01994638965273254
1,-10.0,B,470.0,0.881043059197219,10.771606548459477,6,29,60.0,5.0,0.0,0.0
1,-10.0,B,470.0,0.881043059197219,10.771606548459477,6,30,60.0,5.0,0.0,0.0
1,-10.0,B,470.0,0.881043059197219,10.771606548459477,6,31,60.0,5.0,0.0,0.0
1,-10.0,B,470.0,0.881043059197219,10.771606548459477,6,32,60.0,5.0,0.0,0.0
1,-10.0,B,470.0,0.881043059197219,10.771606548459477,6,33,60.0,5.0,0.0,0.0
1,-10.0,B,470.0,0.881043059197219,10.771606548459477,6,34,60.0,5.0,0.0,0.0
1,-10.0,B,470.0,0.881043059197219,10.771606548459477,6,35,60.0,5.0,0.0,0.0
1,-10.0,B,470.0,0.881043059197219,10.771606548459477,7,0,60.0,5.0,0.0,0.0
1,-10.0,B,470.0,0.881043059197219,10.771606548459477,7,1,60.0,5.0,0.0,0.0
1,-10.0,B,470.0,0.881043059197219,10.771606548459477,7,2,60.0,5.0,0.00392156862745098,0.01994638965273254
1,-10.0,B,470.0,0.881043059197219,10.771606548459477,7,3,60.0,5.0,0.00784313725490196,0.028226977679718004
1,-10.0,B,470.0,0.881043059197219,10.771606548459477,7,4,60.0,5.0,0.12941176470588237,0.11713408480877087
1,-10.0,B,470.0,0.881043059197219,10.771606548459477,7,5,60.0,5.0,0.7058823529411765,0.3175437199199347
1,-10.0,B,470.0,0.881043059197219,10.771606548459477,7,6,60.0,5.0,0.5568627450980392,0.26813921872280133
1,-10.0,B,470.0,0.881043059197219,10.771606548459477,7,7,60.0,5.0,0.26666666666666666,0.1727273908759613
1,-10.0,B,470.0,0.881043059197219,10.771606548459477,7,8,60.0,5.0,0.2,0.1475836176504333
1,-10.0,B,470.0,0.881043059197219,10.771606548459477,7,9,60.0,5.0,0.07450980392156863,0.08800426979263411
1,-10.0,B,470.0,0.881043059197219,10.771606548459477,7,10,60.0,5.0,0.01568627450980392,0.03997164583041206
1,-10.0,B,470.0,0.881043059197219,10.771606548459477,7,11,60.0,5.0,0.0,0.0
1,-10.0,B,470.0,0.881043059197219,10.771606548459477,7,12,60.0,5.0,0.3568627450980392,0.20379153547696685
1,-10.0,B,470.0,0.881043059197219,10.771606548459477,7,13,60.0,5.0,0.5372549019607843,0.26186960369612183
1,-10.0,B,470.0,0.881043059197219,10.771606548459477,7,14,60.0,5.0,0.5333333333333333,0.26061820480353987
1,-10.0,B,470.0,0.881043059197219,10.771606548459477,7,15,60.0,5.0,0.49019607843137253,0.24687911483972108
1,-10.0,B,470.0,0.881043059197219,10.771606548459477,7,16,60.0,5.0,0.49411764705882355,0.24812754570923665
1,-10.0,B,470.0,0.881043059197219,10.771606548459477,7,17,60.0,5.0,0.5215686274509804,0.25686763838273197
1,-10.0,B,470.0,0.881043059197219,10.771606548459477,7,18,60.0,5.0,0.5764705882352941,0.27443725197219737
1,-10.0,B,470.0,0.881043059197219,10.771606548459477,7,19,60.0,5.0,0.5019607843137255,0.2506241386314801
1,-10.0,B,470.0,0.881043059197219,10.771606548459477,7,20,60.0,5.0,0.5843137254901961,0.2769667381789195
1,-10.0,B,470.0,0.881043059197219,10.771606548459477,7,21,60.0,5.0,0.5882352941176471,0.2782340239492319
1,-10.0,B,470.0,0.881043059197219,10.771606548459477,7,22,60.0,5.0,0.615686274509804,0.2871608136518181
1,-10.0,B,470.0,0.881043059197219,10.771606548459477,7,23,60.0,5.0,0.34509803921568627,0.19986829362396183
1,-10.0,B,470.0,0.881043059197219,10.771606548459477,7,24,60.0,5.0,0.5098039215686274,0.2531208851602789
1,-10.0,B,470.0,0.881043059197219,10.771606548459477,7,25,60.0,5.0,0.6392156862745098,0.294907240028141
1,-10.0,B,470.0,0.881043059197219,10.771606548459477,7,26,60.0,5.0,0.35294117647058826,0.2024871245093228
1,-10.0,B,470.0,0.881043059197219,10.771606548459477,7,27,60.0,5.0,0.0,0.0
1,-10.0,B,470.0,0.881043059197219,10.771606548459477,7,28,60.0,5.0,0.011764705882352941,0.0345936127618576
1,-10.0,B,470.0,0.881043059197219,10.771606548459477,7,29,60.0,5.0,0.0,0.0
1,-10.0,B,470.0,0.881043059197219,10.771606548459477,7,30,60.0,5.0,0.0,0.0
1,-10.0,B,470.0,0.881043059197219,10.771606548459477,7,31,60.0,5.0,0.0,0.0
1,-10.0,B,470.0,0.881043059197219,10.771606548459477,7,32,60.0,5.0,0.0,0.0
1,-10.0,B,470.0,0.881043059197219,10.771606548459477,7,33,60.0,5.0,0.0,0.0
1,-10.0,B,470.0,0.881043059197219,10.771606548459477,7,34,60.0,5.0,0.0,0.0
1,-10.0,B,470.0,0.881043059197219,10.771606548459477,7,35,60.0,5.0,0.0,0.0
1,-10.0,B,470.0,0.881043059197219,10.771606548459477,8,0,60.0,5.0,0.0,0.0
1,-10.0,B,470.0,0.881043059197219,10.771606548459477,8,1,60.0,5.0,0.0,0.0
1,-10.0,B,470.0,0.881043059197219,10.771606548459477,8,2,60.0,5.0,0.03137254901960784,0.05667903330417266
1,-10.0,B,470.0,0.881043059197219,10.771606548459477,8,3,60.0,5.0,0.09803921568627451,0.10137157388840211
1,-10.0,B,470.0,0.881043059197219,10.771606548459477,8,4,60.0,5.0,0.22745098039215686,0.15824621238176176
1,-10.0,B,470.0,0.881043059197219,10.771606548459477,8,5,60.0,5.0,0.7725490196078432,0.34175378761823827
1,-10.0,B,470.0,0.881043059197219,10.771606548459477,8,6,60.0,5.0,0.8,0.3524163823495668
1,-10.0,B,470.0,0.881043059197219,10.771606548459477,8,7,60.0,5.0,0.5529411764705883,0.2668833473847134
1,-10.0,B,470.0,0.881043059197219,10.771606548459477,8,8,60.0,5.0,0.5098039215686274,0.2531208851602789
1,-10.0,B,470.0,0.881043059197219,10.771606548459477,8,9,60.0,5.0,0.2549019607843137,0.1684625831810239
1,-10.0,B,470.0,0.881043059197219,10.771606548459477,8,10,60.0,5.0,0.0196078431372549,0.04471926097515774
1,-10.0,B,470.0,0.881043059197219,10.771606548459477,8,11,60.0,5.0,0.00784313725490196,0.028226977679718004
1,-10.0,B,470.0,0.881043059197219,10.771606548459477,8,12,60.0,5.0,0.25882352941176473,0.16989114055384089
1,-10.0,B,470.0,0.881043059197219,10.771606548459477,8,13,60.0,5.0,0.4196078431372549,0.22429882357250014
1,-10.0,B,470.0,0.881043059197219,10.771606548459477,8,14,60.0,5.0,0.3764705882352941,0.2102679541390965
1,-10.0,B,470.0,0.881043059197219,10.771606548459477,8,15,60.0,5.0,0.4196078431372549,0.22429882357250014
1,-10.0,B,470.0,0.881043059197219,10.771606548459477,8,16,60.0,5.0,0.403921568627451,0.21922588034904109
1,-10.0,B,470.0,0.881043059197219,10.771606548459477,8,17,60.0,5.0,0.3568627450980392,0.20379153547696685
1,-10.0,B,470.0,0.881043059197219,10.771606548459477,8,18,60.0,5.0,0.3607843137254902,0.205092759971859
1,-10.0,B,470.0,0.881043059197219,10.771606548459477,8,19,60.0,5.0,0.4470588235294118,0.23311665261528658
1,-10.0,B,470.0,0.881043059197219,10.771606548459477,8,20,60.0,5.0,0.5254901960784314,0.25811730014959144
1,-10.0,B,470.0,0.881043059197219,10.771606548459477,8,21,60.0,5.0,0.3803921568627451,0.21155484953700343
1,-10.0,B,470.0,0.881043059197219,10.771606548459477,8,22,60.0,5.0,0.48627450980392156,0.24563049188224292
1,-10.0,B,470.0,0.881043059197219,10.771606548459477,8,23,60.0,5.0,0.23529411764705882,0.1612063368033418
1,-10.0,B,470.0,0.881043059197219,10.771606548459477,8,24,60.0,5.0,0.4196078431372549,0.22429882357250014
1,-10.0,B,470.0,0.881043059197219,10.771606548459477,8,25,60.0,5.0,0.4980392156862745,0.24937586136851997
1,-10.0,B,470.0,0.881043059197219,10.771606548459477,8,26,60.0,5.0,0.1803921568627451,0.13962955546331615
1,-10.0,B,470.0,0.881043059197219,10.771606548459477,8,27,60.0,5.0,0.011764705882352941,0.0345936127618576
1,-10.0,B,470.0,0.881043059197219,10.771606548459477,8,28,60.0,5.0,0.0,0.0
1,-10.0,B,470.0,0.881043059197219,10.771606548459477,8,29,60.0,5.0,0.0,0.0
1,-10.0,B,470.0,0.881043059197219,10.771606548459477,8,30,60.0,5.0,0.011764705882352941,0.0345936127618576
1,-10.0,B,470.0,0.881043059197219,10.771606548459477,8,31,60.0,5.0,0.00784313725490196,0.028226977679718004
1,-10.0,B,470.0,0.881043059197219,10.771606548459477,8,32,60.0,5.0,0.0,0.0
1,-10.0,B,470.0,0.881043059197219,10.771606548459477,8,33,60.0,5.0,0.0,0.0
1,-10.0,B,470.0,0.881043059197219,10.771606548459477,8,34,60.0,5.0,0.0,0.0
1,-10.0,B,470.0,0.881043059197219,10.771606548459477,8,35,60.0,5.0,0.0,0.0
1,-10.0,B,470.0,0.881043059197219,10.771606548459477,9,0,60.0,5.0,0.0,0.0
1,-10.0,B,470.0,0.881043059197219,10.771606548459477,9,1,60.0,5.0,0.0,0.0
1,-10.0,B,470.0,0.881043059197219,10.771606548459477,9,2,60.0,5.0,0.023529411764705882,0.049020040417914766
1,-10.0,B,470.0,0.881043059197219,10.771606548459477,9,3,60.0,5.0,0.13725490196078433,0.12080655096397991
1,-10.0,B,470.0,0.881043059197219,10.771606548459477,9,4,60.0,5.0,0.21176470588235294,0.1522147678661474
1,-10.0,B,470.0,0.881043059197219,10.771606548459477,9,5,60.0,5.0,0.2823529411764706,0.17832219301287253
1,-10.0,B,470.0,0.881043059197219,10.771606548459477,9,6,60.0,5.0,0.22745098039215686,0.15824621238176176
1,-10.0,B,470.0,0.881043059197219,10.771606548459477,9,7,60.0,5.0,0.3137254901960784,0.18924192203775808
1,-10.0,B,470.0,0.881043059197219,10.771606548459477,9,8,60.0,5.0,0.43137254901960786,0.22808602713867193
1,-10.0,B,470.0,0.881043059197219,10.771606548459477,9,9,60.0,5.0,0.27450980392156865,0.17553721581099607
1,-10.0,B,470.0,0.881043059197219,10.771606548459477,9,10,60.0,5.0,0.058823529411764705,0.07797913037736934
1,-10.0,B,470.0,0.881043059197219,10.771606548459477,9,11,60.0,5.0,0.00784313725490196,0.028226977679718004
1,-10.0,B,470.0,0.881043059197219,10.771606548459477,9,12,60.0,5.0,0.0,0.0
1,-10.0,B,470.0,0.881043059197219,10.771606548459477,9,13,60.0,5.0,0.0,0.0
1,-10.0,B,470.0,0.881043059197219,10.771606548459477,9,14,60.0,5.0,0.0,0.0
1,-10.0,B,470.0,0.881043059197219,10.771606548459477,9,15,60.0,5.0,0.0,0.0
1,-10.0,B,470.0,0.881043059197219,10.771606548459477,9,16,60.0,5.0,0.0,0.0
1,-10.0,B,470.0,0.881043059197219,10.771606548459477,9,17,60.0,5.0,0.043137254901960784,0.06659618536329842
1,-10.0,B,470.0,0.881043059197219,10.771606548459477,9,18,60.0,5.0,0.07058823529411765,0.08559793231834631
1,-10.0,B,470.0,0.881043059197219,10.771606548459477,9,19,60.0,5.0,0.0,0.0
1,-10.0,B,470.0,0.881043059197219,10.771606548459477,9,20,60.0,5.0,0.0,0.0
1,-10.0,B,470.0,0.881043059197219,10.771606548459477,9,21,60.0,5.0,0.023529411764705882,0.049020040417914766
1,-10.0,B,470.0,0.881043059197219,10.771606548459477,9,22,60.0,5.0,0.03137254901960784,0.05667903330417266
1,-10.0,B,470.0,0.881043059197219,10.771606548459477,9,23,60.0,5.0,0.0,0.0
1,-10.0,B,470.0,0.881043059197219,10.771606548459477,9,24,60.0,5.0,0.01568627450980392,0.03997164583041206
1,-10.0,B,470.0,0.881043059197219,10.771606548459477,9,25,60.0,5.0,0.0,0.0
1,-10.0,B,470.0,0.881043059197219,10.771606548459477,9,26,60.0,5.0,0.0,0.0
1,-10.0,B,470.0,0.881043059197219,10.771606548459477,9,27,60.0,5.0,0.0,0.0
1,-10.0,B,470.0,0.881043059197219,10.771606548459477,9,28,60.0,5.0,0.03137254901960784,0.05667903330417266
1,-10.0,B,470.0,0.881043059197219,10.771606548459477,9,29,60.0,5.0,0.00784313725490196,0.028226977679718004
1,-10.0,B,470.0,0.881043059197219,10.771606548459477,9,30,60.0,5.0,0.0,0.0
1,-10.0,B,470.0,0.881043059197219,10.771606548459477,9,31,60.0,5.0,0.0,0.0
1,-10.0,B,470.0,0.881043059197219,10.771606548459477,9,32,60.0,5.0,0.0,0.0
1,-10.0,B,470.0,0.881043059197219,10.771606548459477,9,33,60.0,5.0,0.0,0.0
1,-10.0,B,470.0,0.881043059197219,10.771606548459477,9,34,60.0,5.0,0.0,0.0
1,-10.0,B,470.0,0.881043059197219,10.771606548459477,9,35,60.0,5.0,0.0,0.0
1,-10.0,B,470.0,0.881043059197219,10.771606548459477,10,0,60.0,5.0,0.0,0.0
1,-10.0,B,470.0,0.881043059197219,10.771606548459477,10,1,60.0,5.0,0.0,0.0
1,-10.0,B,470.0,0.881043059197219,10.771606548459477,10,2,60.0,5.0,0.00784313725490196,0.028226977679718004
1,-10.0,B,470.0,0.881043059197219,10.771606548459477,10,3,60.0,5.0,0.25882352941176473,0.16989114055384089
1,-10.0,B,470.0,0.881043059197219,10.771606548459477,10,4,60.0,5.0,0.28627450980392155,0.17970582947972352
1,-10.0,B,470.0,0.881043059197219,10.771606548459477,10,5,60.0,5.0,0.24705882352941178,0.16558349319631221
1,-10.0,B,470.0,0.881043059197219,10.771606548459477,10,6,60.0,5.0,0.21568627450980393,0.15373730807570263
1,-10.0,B,470.0,0.881043059197219,10.771606548459477,10,7,60.0,5.0,0.12941176470588237,0.11713408480877087
1,-10.0,B,470.0,0.881043059197219,10.771606548459477,10,8,60.0,5.0,0.06274509803921569,0.08059162758159863
1,-10.0,B,470.0,0.881043059197219,10.771606548459477,10,9,60.0,5.0,0.09411764705882353,0.09925358883323245
1,-10.0,B,470.0,0.881043059197219,10.771606548459477,10,10,60.0,5.0,0.03529411764705882,0.060157486757451334
1,-10.0,B,470.0,0.881043059197219,10.771606548459477,10,11,60.0,5.0,0.043137254901960784,0.06659618536329842
1,-10.0,B,470.0,0.881043059197219,10.771606548459477,10,12,60.0,5.0,0.14901960784313725,0.12615408206482107
1,-10.0,B,470.0,0.881043059197219,10.771606548459477,10,13,60.0,5.0,0.32941176470588235,0.19458731326097745
1,-10.0,B,470.0,0.881043059197219,10.771606548459477,10,14,60.0,5.0,0.17647058823529413,0.13799940258341492
1,-10.0,B,470.0,0.881043059197219,10.771606548459477,10,15,60.0,5.0,0.21568627450980393,0.15373730807570263
1,-10.0,B,470.0,0.881043059197219,10.771606548459477,10,16,60.0,5.0,0.22745098039215686,0.15824621238176176
1,-10.0,B,470.0,0.881043059197219,10.771606548459477,10,17,60.0,5.0,0.38823529411764707,0.21412106292362781
1,-10.0,B,470.0,0.881043059197219,10.771606548459477,10,18,60.0,5.0,0.48627450980392156,0.24563049188224292
1,-10.0,B,470.0,0.881043059197219,10.771606548459477,10,19,60.0,5.0,0.24705882352941178,0.16558349319631221
1,-10.0,B,470.0,0.881043059197219,10.771606548459477,10,20,60.0,5.0,0.2235294117647059,0.1567527086383188
1,-10.0,B,470.0,0.881043059197219,10.771606548459477,10,21,60.0,5.0,0.4196078431372549,0.22429882357250014
1,-10.0,B,470.0,0.881043059197219,10.771606548459477,10,22,60.0,5.0,0.2784313725490196,0.17693271574931582
1,-10.0,B,470.0,0.881043059197219,10.771606548459477,10,23,60.0,5.0,0.4823529411764706,0.24438159985259414
1,-10.0,B,470.0,0.881043059197219,10.771606548459477,10,24,60.0,5.0,0.596078431372549,0.2807741196509589
1,-10.0,B,470.0,0.881043059197219,10.771606548459477,10,25,60.0,5.0,0.36470588235294116,0.20639090758999576
1,-10.0,B,470.0,0.881043059197219,10.771606548459477,10,26,60.0,5.0,0.2627450980392157,0.17131267163863242
1,-10.0,B,470.0,0.881043059197219,10.771606548459477,10,27,60.0,5.0,0.2823529411764706,0.17832219301287253
1,-10.0,B,470.0,0.881043059197219,10.771606548459477,10,28,60.0,5.0,0.396078431372549,0.21667782097214075
1,-10.0,B,470.0,0.881043059197219,10.771606548459477,10,29,60.0,5.0,0.38823529411764707,0.21412106292362781
1,-10.0,B,470.0,0.881043059197219,10.771606548459477,10,30,60.0,5.0,0.30196078431372547,0.1851854165236684
1,-10.0,B,470.0,0.881043059197219,10.771606548459477,10,31,60.0,5.0,0.16862745098039217,0.1346956468623352
1,-10.0,B,470.0,0.881043059197219,10.771606548459477,10,32,60.0,5.0,0.0,0.0
1,-10.0,B,470.0,0.881043059197219,10.771606548459477,10,33,60.0,5.0,0.00392156862745098,0.01994638965273254
1,-10.0,B,470.0,0.881043059197219,10.771606548459477,10,34,60.0,5.0,0.0,0.0
1,-10.0,B,470.0,0.881043059197219,10.771606548459477,10,35,60.0,5.0,0.0,0.0
1,-10.0,B,470.0,0.881043059197219,10.771606548459477,11,0,60.0,5.0,0.0,0.0
1,-10.0,B,470.0,0.881043059197219,10.771606548459477,11,1,60.0,5.0,0.0,0.0
1,-10.0,B,470.0,0.881043059197219,10.771606548459477,11,2,60.0,5.0,0.00392156862745098,0.01994638965273254
1,-10.0,B,470.0,0.881043059197219,10.771606548459477,11,3,60.0,5.0,0.011764705882352941,0.0345936127618576
1,-10.0,B,470.0,0.881043059197219,10.771606548459477,11,4,60.0,5.0,0.2235294117647059,0.1567527086383188
1,-10.0,B,470.0,0.881043059197219,10.771606548459477,11,5,60.0,5.0,0.22745098039215686,0.15824621238176176
1,-10.0,B,470.0,0.881043059197219,10.771606548459477,11,6,60.0,5.0,0.10196078431372549,0.10345212448837855
1,-10.0,B,470.0,0.881043059197219,10.771606548459477,11,7,60.0,5.0,0.17647058823529413,0.13799940258341492
1,-10.0,B,470.0,0.881043059197219,10.771606548459477,11,8,60.0,5.0,0.1450980392156863,0.12439176642144965
1,-10.0,B,470.0,0.881043059197219,10.771606548459477,11,9,60.0,5.0,0.12941176470588237,0.11713408480877087
1,-10.0,B,470.0,0.881043059197219,10.771606548459477,11,10,60.0,5.0,0.10196078431372549,0.10345212448837855
1,-10.0,B,470.0,0.881043059197219,10.771606548459477,11,11,60.0,5.0,0.0,0.0
1,-10.0,B,470.0,0.881043059197219,10.771606548459477,11,12,60.0,5.0,0.3058823529411765,0.18654239242284085
1,-10.0,B,470.0,0.881043059197219,10.771606548459477,11,13,60.0,5.0,0.6039215686274509,0.2833221790278593
1,-10.0,B,470.0,0.881043059197219,10.771606548459477,11,14,60.0,5.0,0.4470588235294118,0.23311665261528658
1,-10.0,B,470.0,0.881043059197219,10.771606548459477,11,15,60.0,5.0,0.5843137254901961,0.2769667381789195
1,-10.0,B,470.0,0.881043059197219,10.771606548459477,11,16,60.0,5.0,0.5568627450980392,0.26813921872280133
1,-10.0,B,470.0,0.881043059197219,10.771606548459477,11,17,60.0,5.0,0.5372549019607843,0.26186960369612183
1,-10.0,B,470.0,0.881043059197219,10.771606548459477,11,18,60.0,5.0,0.5529411764705883,0.2668833473847134
1,-10.0,B,470.0,0.881043059197219,10.771606548459477,11,19,60.0,5.0,0.6352941176470588,0.29360909241000427
1,-10.0,B,470.0,0.881043059197219,10.771606548459477,11,20,60.0,5.0,0.6078431372549019,0.28459942396084814
1,-10.0,B,470.0,0.881043059197219,10.771606548459477,11,21,60.0,5.0,0.5725490196078431,0.27317487906213705
1,-10.0,B,470.0,0.881043059197219,10.771606548459477,11,22,60.0,5.0,0.25098039215686274,0.16702677744422859
1,-10.0,B,470.0,0.881043059197219,10.771606548459477,11,23,60.0,5.0,0.592156862745098,0.2795031214917875
1,-10.0,B,470.0,0.881043059197219,10.771606548459477,11,24,60.0,5.0,0.4980392156862745,0.24937586136851997
1,-10.0,B,470.0,0.881043059197219,10.771606548459477,11,25,60.0,5.0,0.5882352941176471,0.2782340239492319
1,-10.0,B,470.0,0.881043059197219,10.771606548459477,11,26,60.0,5.0,0.7176470588235294,0.32167780698712745
1,-10.0,B,470.0,0.881043059197219,10.771606548459477,11,27,60.0,5.0,0.5294117647058824,0.2593674630095386
1,-10.0,B,470.0,0.881043059197219,10.771606548459477,11,28,60.0,5.0,0.615686274509804,0.2871608136518181
1,-10.0,B,470.0,0.881043059197219,10.771606548459477,11,29,60.0,5.0,0.6392156862745098,0.294907240028141
1,-10.0,B,470.0,0.881043059197219,10.771606548459477,11,30,60.0,5.0,0.4549019607843137,0.23562531267856862
1,-10.0,B,470.0,0.881043059197219,10.771606548459477,11,31,60.0,5.0,0.44313725490196076,0.23186078127719867
1,-10.0,B,470.0,0.881043059197219,10.771606548459477,11,32,60.0,5.0,0.00392156862745098,0.01994638965273254
1,-10.0,B,470.0,0.881043059197219,10.771606548459477,11,33,60.0,5.0,0.00784313725490196,0.028226977679718004
1,-10.0,B,470.0,0.881043059197219,10.771606548459477,11,34,60.0,5.0,0.0,0.0
1,-10.0,B,470.0,0.881043059197219,10.771606548459477,11,35,60.0,5.0,0.0,0.0
1,-10.0,B,470.0,0.881043059197219,10.771606548459477,12,0,60.0,5.0,0.0,0.0
1,-10.0,B,470.0,0.881043059197219,10.771606548459477,12,1,60.0,5.0,0.0,0.0
1,-10.0,B,470.0,0.881043059197219,10.771606548459477,12,2,60.0,5.0,0.0,0.0
1,-10.0,B,470.0,0.881043059197219,10.771606548459477,12,3,60.0,5.0,0.00392156862745098,0.01994638965273254
1,-10.0,B,470.0,0.881043059197219,10.771606548459477,12,4,60.0,5.0,0.0,0.0
1,-10.0,B,470.0,0.881043059197219,10.771606548459477,12,5,60.0,5.0,0.10980392156862745,0.10750973625166191
1,-10.0,B,470.0,0.881043059197219,10.771606548459477,12,6,60.0,5.0,0.3215686274509804,0.19192319169509703
1,-10.0,B,470.0,0.881043059197219,10.771606548459477,12,7,60.0,5.0,0.10588235294117647,0.105497495924501
1,-10.0,B,470.0,0.881043059197219,10.771606548459477,12,8,60.0,5.0,0.0784313725490196,0.09035304440877327
1,-10.0,B,470.0,0.881043059197219,10.771606548459477,12,9,60.0,5.0,0.10980392156862745,0.10750973625166191
1,-10.0,B,470.0,0.881043059197219,10.771606548459477,12,10,60.0,5.0,0.027450980392156862,0.05298297410946823
1,-10.0,B,470.0,0.881043059197219,10.771606548459477,12,11,60.0,5.0,0.0,0.0
1,-10.0,B,470.0,0.881043059197219,10.771606548459477,12,12,60.0,5.0,0.2196078431372549,0.15524984546857312
1,-10.0,B,470.0,0.881043059197219,10.771606548459477,12,13,60.0,5.0,0.3215686274509804,0.19192319169509703
1,-10.0,B,470.0,0.881043059197219,10.771606548459477,12,14,60.0,5.0,0.4588235294117647,0.23687826177997542
1,-10.0,B,470.0,0.881043059197219,10.771606548459477,12,15,60.0,5.0,0.3333333333333333,0.19591327601530364
1,-10.0,B,470.0,0.881043059197219,10.771606548459477,12,16,60.0,5.0,0.43529411764705883,0.22934555060680878
1,-10.0,B,470.0,0.881043059197219,10.771606548459477,12,17,60.0,5.0,0.2549019607843137,0.1684625831810239
1,-10.0,B,470.0,0.881043059197219,10.771606548459477,12,18,60.0,5.0,0.24313725490196078,0.1641324917521111
1,-10.0,B,470.0,0.881043059197219,10.771606548459477,12,19,60.0,5.0,0.26666666666666666,0.1727273908759613
1,-10.0,B,470.0,0.881043059197219,10.771606548459477,12,20,60.0,5.0,0.23529411764705882,0.1612063368033418
1,-10.0,B,470.0,0.881043059197219,10.771606548459477,12,21,60.0,5.0,0.3176470588235294,0.19058476853837517
1,-10.0,B,470.0,0.881043059197219,10.771606548459477,12,22,60.0,5.0,0.10196078431372549,0.10345212448837855
1,-10.0,B,470.0,0.881043059197219,10.771606548459477,12,23,60.0,5.0,0.15294117647058825,0.12789737021175648
1,-10.0,B,470.0,0.881043059197219,10.771606548459477,12,24,60.0,5.0,0.07058823529411765,0.08559793231834631
1,-10.0,B,470.0,0.881043059197219,10.771606548459477,12,25,60.0,5.0,0.24705882352941178,0.16558349319631221
1,-10.0,B,470.0,0.881043059197219,10.771606548459477,12,26,60.0,5.0,0.40784313725490196,0.2204968785082125
1,-10.0,B,470.0,0.881043059197219,10.771606548459477,12,27,60.0,5.0,0.25882352941176473,0.16989114055384089
1,-10.0,B,470.0,0.881043059197219,10.771606548459477,12,28,60.0,5.0,0.2549019607843137,0.1684625831810239
1,-10.0,B,470.0,0.881043059197219,10.771606548459477,12,29,60.0,5.0,0.19607843137254902,0.14601747052853942
1,-10.0,B,470.0,0.881043059197219,10.771606548459477,12,30,60.0,5.0,0.25098039215686274,0.16702677744422859
1,-10.0,B,470.0,0.881043059197219,10.771606548459477,12,31,60.0,5.0,0.2235294117647059,0.1567527086383188
1,-10.0,B,470.0,0.881043059197219,10.771606548459477,12,32,60.0,5.0,0.00392156862745098,0.01994638965273254
1,-10.0,B,470.0,0.881043059197219,10.771606548459477,12,33,60.0,5.0,0.0,0.0
1,-10.0,B,470.0,0.881043059197219,10.771606548459477,12,34,60.0,5.0,0.0,0.0
1,-10.0,B,470.0,0.881043059197219,10.771606548459477,12,35,60.0,5.0,0.0,0.0
1,-10.0,B,470.0,0.881043059197219,10.771606548459477,13,0,60.0,5.0,0.0,0.0
1,-10.0,B,470.0,0.881043059197219,10.771606548459477,13,1,60.0,5.0,0.0,0.0
1,-10.0,B,470.0,0.881043059197219,10.771606548459477,13,2,60.0,5.0,0.0,0.0
1,-10.0,B,470.0,0.881043059197219,10.771606548459477,13,3,60.0,5.0,0.00392156862745098,0.01994638965273254
1,-10.0,B,470.0,0.881043059197219,10.771606548459477,13,4,60.0,5.0,0.00392156862745098,0.01994638965273254
1,-10.0,B,470.0,0.881043059197219,10.771606548459477,13,5,60.0,5.0,0.06274509803921569,0.08059162758159863
1,-10.0,B,470.0,0.881043059197219,10.771606548459477,13,6,60.0,5.0,0.11764705882352941,0.11144213027334762
1,-10.0,B,470.0,0.881043059197219,10.771606548459477,13,7,60.0,5.0,0.00392156862745098,0.01994638965273254
1,-10.0,B,470.0,0.881043059197219,10.771606548459477,13,8,60.0,5.0,0.03529411764705882,0.060157486757451334
1,-10.0,B,470.0,0.881043059197219,10.771606548459477,13,9,60.0,5.0,0.0392156862745098,0.06345418699423495
1,-10.0,B,470.0,0.881043059197219,10.771606548459477,13,10,60.0,5.0,0.0,0.0
1,-10.0,B,470.0,0.881043059197219,10.771606548459477,13,11,60.0,5.0,0.0,0.0
1,-10.0,B,470.0,0.881043059197219,10.771606548459477,13,12,60.0,5.0,0.0,0.0
1,-10.0,B,470.0,0.881043059197219,10.771606548459477,13,13,60.0,5.0,0.0,0.0
1,-10.0,B,470.0,0.881043059197219,10.771606548459477,13,14,60.0,5.0,0.07058823529411765,0.08559793231834631
1,-10.0,B,470.0,0.881043059197219,10.771606548459477,13,15,60.0,5.0,0.00784313725490196,0.028226977679718004
1,-10.0,B,470.0,0.881043059197219,10.771606548459477,13,16,60.0,5.0,0.050980392156862744,0.07249578895933438
1,-10.0,B,470.0,0.881043059197219,10.771606548459477,13,17,60.0,5.0,0.0,0.0
1,-10.0,B,470.0,0.881043059197219,10.771606548459477,13,18,60.0,5.0,0.0,0.0
1,-10.0,B,470.0,0.881043059197219,10.771606548459477,13,19,60.0,5.0,0.0,0.0
1,-10.0,B,470.0,0.881043059197219,10.771606548459477,13,20,60.0,5.0,0.0,0.0
1,-10.0,B,470.0,0.881043059197219,10.771606548459477,13,21,60.0,5.0,0.0,0.0
1,-10.0,B,470.0,0.881043059197219,10.771606548459477,13,22,60.0,5.0,0.0,0.0
1,-10.0,B,470.0,0.881043059197219,10.771606548459477,13,23,60.0,5.0,0.0,0.0
1,-10.0,B,470.0,0.881043059197219,10.771606548459477,13,24,60.0,5.0,0.0,0.0
1,-10.0,B,470.0,0.881043059197219,10.771606548459477,13,25,60.0,5.0,0.0,0.0
1,-10.0,B,470.0,0.881043059197219,10.771606548459477,13,26,60.0,5.0,0.0196078431372549,0.04471926097515774
1,-10.0,B,470.0,0.881043059197219,10.771606548459477,13,27,60.0,5.0,0.0,0.0
1,-10.0,B,470.0,0.881043059197219,10.771606548459477,13,28,60.0,5.0,0.0,0.0
1,-10.0,B,470.0,0.881043059197219,10.771606548459477,13,29,60.0,5.0,0.0,0.0
1,-10.0,B,470.0,0.881043059197219,10.771606548459477,13,30,60.0,5.0,0.0,0.0
1,-10.0,B,470.0,0.881043059197219,10.771606548459477,13,31,60.0,5.0,0.0,0.0
1,-10.0,B,470.0,0.881043059197219,10.771606548459477,13,32,60.0,5.0,0.0,0.0
1,-10.0,B,470.0,0.881043059197219,10.771606548459477,13,33,60.0,5.0,0.0,0.0
1,-10.0,B,470.0,0.881043059197219,10.771606548459477,13,34,60.0,5.0,0.0,0.0
1,-10.0,B,470.0,0.881043059197219,10.771606548459477,13,35,60.0,5.0,0.0,0.0
1,-10.0,B,470.0,0.881043059197219,10.771606548459477,14,0,60.0,5.0,0.0,0.0
1,-10.0,B,470.0,0.881043059197219,10.771606548459477,14,1,60.0,5.0,0.0,0.0
1,-10.0,B,470.0,0.881043059197219,10.771606548459477,14,2,60.0,5.0,0.0,0.0
1,-10.0,B,470.0,0.881043059197219,10.771606548459477,14,3,60.0,5.0,0.0,0.0
1,-10.0,B,470.0,0.881043059197219,10.771606548459477,14,4,60.0,5.0,0.0,0.0
1,-10.0,B,470.0,0.881043059197219,10.771606548459477,14,5,60.0,5.0,0.0,0.0
1,-10.0,B,470.0,0.881043059197219,10.771606548459477,14,6,60.0,5.0,0.0,0.0
1,-10.0,B,470.0,0.881043059197219,10.771606548459477,14,7,60.0,5.0,0.0,0.0
1,-10.0,B,470.0,0.881043059197219,10.771606548459477,14,8,60.0,5.0,0.00392156862745098,0.01994638965273254
1,-10.0,B,470.0,0.881043059197219,10.771606548459477,14,9,60.0,5.0,0.0,0.0
1,-10.0,B,470.0,0.881043059197219,10.771606548459477,14,10,60.0,5.0,0.0,0.0
1,-10.0,B,470.0,0.881043059197219,10.771606548459477,14,11,60.0,5.0,0.0,0.0
1,-10.0,B,470.0,0.881043059197219,10.771606548459477,14,12,60.0,5.0,0.00392156862745098,0.01994638965273254
1,-10.0,B,470.0,0.881043059197219,10.771606548459477,14,13,60.0,5.0,0.00784313725490196,0.028226977679718004
1,-10.0,B,470.0,0.881043059197219,10.771606548459477,14,14,60.0,5.0,0.0,0.0
1,-10.0,B,470.0,0.881043059197219,10.771606548459477,14,15,60.0,5.0,0.0,0.0
1,-10.0,B,470.0,0.881043059197219,10.771606548459477,14,16,60.0,5.0,0.0,0.0
1,-10.0,B,470.0,0.881043059197219,10.771606548459477,14,17,60.0,5.0,0.00784313725490196,0.028226977679718004
1,-10.0,B,470.0,0.881043059197219,10.771606548459477,14,18,60.0,5.0,0.00784313725490196,0.028226977679718004
1,-10.0,B,470.0,0.881043059197219,10.771606548459477,14,19,60.0,5.0,0.00784313725490196,0.028226977679718004
1,-10.0,B,470.0,0.881043059197219,10.771606548459477,14,20,60.0,5.0,0.00784313725490196,0.028226977679718004
1,-10.0,B,470.0,0.881043059197219,10.771606548459477,14,21,60.0,5.0,0.00784313725490196,0.028226977679718004
1,-10.0,B,470.0,0.881043059197219,10.771606548459477,14,22,60.0,5.0,0.00392156862745098,0.01994638965273254
1,-10.0,B,470.0,0.881043059197219,10.771606548459477,14,23,60.0,5.0,0.00392156862745098,0.01994638965273254
1,-10.0,B,470.0,0.881043059197219,10.771606548459477,14,24,60.0,5.0,0.00392156862745098,0.01994638965273254
1,-10.0,B,470.0,0.881043059197219,10.771606548459477,14,25,60.0,5.0,0.00784313725490196,0.028226977679718004
1,-10.0,B,470.0,0.881043059197219,10.771606548459477,14,26,60.0,5.0,0.0,0.0
1,-10.0,B,470.0,0.881043059197219,10.771606548459477,14,27,60.0,5.0,0.00392156862745098,0.01994638965273254
1,-10.0,B,470.0,0.881043059197219,10.771606548459477,14,28,60.0,5.0,0.00784313725490196,0.028226977679718004
1,-10.0,B,470.0,0.881043059197219,10.771606548459477,14,29,60.0,5.0,0.00784313725490196,0.028226977679718004
1,-10.0,B,470.0,0.881043059197219,10.771606548459477,14,30,60.0,5.0,0.00784313725490196,0.028226977679718004
1,-10.0,B,470.0,0.881043059197219,10.771606548459477,14,31,60.0,5.0,0.00784313725490196,0.028226977679718004
1,-10.0,B,470.0,0.881043059197219,10.771606548459477,14,32,60.0,5.0,0.0,0.0
1,-10.0,B,470.0,0.881043059197219,10.771606548459477,14,33,60.0,5.0,0.0,0.0
1,-10.0,B,470.0,0.881043059197219,10.771606548459477,14,34,60.0,5.0,0.0,0.0
1,-10.0,B,470.0,0.881043059197219,10.771606548459477,14,35,60.0,5.0,0.0,0.0
1,-10.0,B,470.0,0.881043059197219,10.771606548459477,15,0,60.0,5.0,0.0,0.0
1,-10.0,B,470.0,0.881043059197219,10.771606548459477,15,1,60.0,5.0,0.0,0.0
1,-10.0,B,470.0,0.881043059197219,10.771606548459477,15,2,60.0,5.0,0.0,0.0
1,-10.0,B,470.0,0.881043059197219,10.771606548459477,15,3,60.0,5.0,0.0,0.0
1,-10.0,B,470.0,0.881043059197219,10.771606548459477,15,4,60.0,5.0,0.0,0.0
1,-10.0,B,470.0,0.881043059197219,10.771606548459477,15,5,60.0,5.0,0.00392156862745098,0.01994638965273254
1,-10.0,B,470.0,0.881043059197219,10.771606548459477,15,6,60.0,5.0,0.00392156862745098,0.01994638965273254
1,-10.0,B,470.0,0.881043059197219,10.771606548459477,15,7,60.0,5.0,0.0,0.0
1,-10.0,B,470.0,0.881043059197219,10.771606548459477,15,8,60.0,5.0,0.0,0.0
1,-10.0,B,470.0,0.881043059197219,10.771606548459477,15,9,60.0,5.0,0.0,0.0
1,-10.0,B,470.0,0.881043059197219,10.771606548459477,15,10,60.0,5.0,0.0,0.0
1,-10.0,B,470.0,0.881043059197219,10.771606548459477,15,11,60.0,5.0,0.0,0.0
1,-10.0,B,470.0,0.881043059197219,10.771606548459477,15,12,60.0,5.0,0.0,0.0
1,-10.0,B,470.0,0.881043059197219,10.771606548459477,15,13,60.0,5.0,0.0,0.0
1,-10.0,B,470.0,0.881043059197219,10.771606548459477,15,14,60.0,5.0,0.00392156862745098,0.01994638965273254
1,-10.0,B,470.0,0.881043059197219,10.771606548459477,15,15,60.0,5.0,0.0,0.0
1,-10.0,B,470.0,0.881043059197219,10.771606548459477,15,16,60.0,5.0,0.00392156862745098,0.01994638965273254
1,-10.0,B,470.0,0.881043059197219,10.771606548459477,15,17,60.0,5.0,0.0,0.0
1,-10.0,B,470.0,0.881043059197219,10.771606548459477,15,18,60.0,5.0,0.0,0.0
1,-10.0,B,470.0,0.881043059197219,10.771606548459477,15,19,60.0,5.0,0.0,0.0
1,-10.0,B,470.0,0.881043059197219,10.771606548459477,15,20,60.0,5.0,0.0,0.0
1,-10.0,B,470.0,0.881043059197219,10.771606548459477,15,21,60.0,5.0,0.0,0.0
1,-10.0,B,470.0,0.881043059197219,10.771606548459477,15,22,60.0,5.0,0.0,0.0
1,-10.0,B,470.0,0.881043059197219,10.771606548459477,15,23,60.0,5.0,0.0,0.0
1,-10.0,B,470.0,0.881043059197219,10.771606548459477,15,24,60.0,5.0,0.0,0.0
1,-10.0,B,470.0,0.881043059197219,10.771606548459477,15,25,60.0,5.0,0.0,0.0
1,-10.0,B,470.0,0.881043059197219,10.771606548459477,15,26,60.0,5.0,0.00392156862745098,0.01994638965273254
1,-10.0,B,470.0,0.881043059197219,10.771606548459477,15,27,60.0,5.0,0.0,0.0
1,-10.0,B,470.0,0.881043059197219,10.771606548459477,15,28,60.0,5.0,0.0,0.0
1,-10.0,B,470.0,0.881043059197219,10.771606548459477,15,29,60.0,5.0,0.0,0.0
1,-10.0,B,470.0,0.881043059197219,10.771606548459477,15,30,60.0,5.0,0.0,0.0
1,-10.0,B,470.0,0.881043059197219,10.771606548459477,15,31,60.0,5.0,0.0,0.0
1,-10.0,B,470.0,0.881043059197219,10.771606548459477,15,32,60.0,5.0,0.0,0.0
1,-10.0,B,470.0,0.881043059197219,10.771606548459477,15,33,60.0,5.0,0.0,0.0
1,-10.0,B,470.0,0.881043059197219,10.771606548459477,15,34,60.0,5.0,0.0,0.0
1,-10.0,B,470.0,0.881043059197219,10.771606548459477,15,35,60.0,5.0,0.0,0.0
1,-10.0,B,470.0,0.881043059197219,10.771606548459477,16,0,60.0,5.0,0.0,0.0
1,-10.0,B,470.0,0.881043059197219,10.771606548459477,16,1,60.0,5.0,0.0,0.0
1,-10.0,B,470.0,0.881043059197219,10.771606548459477,16,2,60.0,5.0,0.0,0.0
1,-10.0,B,470.0,0.881043059197219,10.771606548459477,16,3,60.0,5.0,0.0,0.0
1,-10.0,B,470.0,0.881043059197219,10.771606548459477,16,4,60.0,5.0,0.0,0.0
1,-10.0,B,470.0,0.881043059197219,10.771606548459477,16,5,60.0,5.0,0.0,0.0
1,-10.0,B,470.0,0.881043059197219,10.771606548459477,16,6,60.0,5.0,0.0,0.0
1,-10.0,B,470.0,0.881043059197219,10.771606548459477,16,7,60.0,5.0,0.0,0.0
1,-10.0,B,470.0,0.881043059197219,10.771606548459477,16,8,60.0,5.0,0.0,0.0
1,-10.0,B,470.0,0.881043059197219,10.771606548459477,16,9,60.0,5.0,0.0,0.0
1,-10.0,B,470.0,0.881043059197219,10.771606548459477,16,10,60.0,5.0,0.0,0.0
1,-10.0,B,470.0,0.881043059197219,10.771606548459477,16,11,60.0,5.0,0.0,0.0
1,-10.0,B,470.0,0.881043059197219,10.771606548459477,16,12,60.0,5.0,0.0,0.0
1,-10.0,B,470.0,0.881043059197219,10.771606548459477,16,13,60.0,5.0,0.0,0.0
1,-10.0,B,470.0,0.881043059197219,10.771606548459477,16,14,60.0,5.0,0.0,0.0
1,-10.0,B,470.0,0.881043059197219,10.771606548459477,16,15,60.0,5.0,0.0,0.0
1,-10.0,B,470.0,0.881043059197219,10.771606548459477,16,16,60.0,5.0,0.0,0.0
1,-10.0,B,470.0,0.881043059197219,10.771606548459477,16,17,60.0,5.0,0.0,0.0
1,-10.0,B,470.0,0.881043059197219,10.771606548459477,16,18,60.0,5.0,0.0,0.0
1,-10.0,B,470.0,0.881043059197219,10.771606548459477,16,19,60.0,5.0,0.0,0.0
1,-10.0,B,470.0,0.881043059197219,10.771606548459477,16,20,60.0,5.0,0.0,0.0
1,-10.0,B,470.0,0.881043059197219,10.771606548459477,16,21,60.0,5.0,0.0,0.0
1,-10.0,B,470.0,0.881043059197219,10.771606548459477,16,22,60.0,5.0,0.0,0.0
1,-10.0,B,470.0,0.881043059197219,10.771606548459477,16,23,60.0,5.0,0.0,0.0
1,-10.0,B,470.0,0.881043059197219,10.771606548459477,16,24,60.0,5.0,0.0,0.0
1,-10.0,B,470.0,0.881043059197219,10.771606548459477,16,25,60.0,5.0,0.0,0.0
1,-10.0,B,470.0,0.881043059197219,10.771606548459477,16,26,60.0,5.0,0.0,0.0
1,-10.0,B,470.0,0.881043059197219,10.771606548459477,16,27,60.0,5.0,0.0,0.0
1,-10.0,B,470.0,0.881043059197219,10.771606548459477,16,28,60.0,5.0,0.0,0.0
1,-10.0,B,470.0,0.881043059197219,10.771606548459477,16,29,60.0,5.0,0.0,0.0
1,-10.0,B,470.0,0.881043059197219,10.771606548459477,16,30,60.0,5.0,0.0,0.0
1,-10.0,B,470.0,0.881043059197219,10.771606548459477,16,31,60.0,5.0,0.0,0.0
1,-10.0,B,470.0,0.881043059197219,10.771606548459477,16,32,60.0,5.0,0.0,0.0
1,-10.0,B,470.0,0.881043059197219,10.771606548459477,16,33,60.0,5.0,0.0,0.0
1,-10.0,B,470.0,0.881043059197219,10.771606548459477,16,34,60.0,5.0,0.0,0.0
1,-10.0,B,470.0,0.881043059197219,10.771606548459477,16,35,60.0,5.0,0.0,0.0
1,-10.0,B,470.0,0.881043059197219,10.771606548459477,17,0,60.0,5.0,0.0,0.0
1,-10.0,B,470.0,0.881043059197219,10.771606548459477,17,1,60.0,5.0,0.0,0.0
1,-10.0,B,470.0,0.881043059197219,10.771606548459477,17,2,60.0,5.0,0.0,0.0
1,-10.0,B,470.0,0.881043059197219,10.771606548459477,17,3,60.0,5.0,0.0,0.0
1,-10.0,B,470.0,0.881043059197219,10.771606548459477,17,4,60.0,5.0,0.0,0.0
1,-10.0,B,470.0,0.881043059197219,10.771606548459477,17,5,60.0,5.0,0.0,0.0
1,-10.0,B,470.0,0.881043059197219,10.771606548459477,17,6,60.0,5.0,0.0,0.0
1,-10.0,B,470.0,0.881043059197219,10.771606548459477,17,7,60.0,5.0,0.0,0.0
1,-10.0,B,470.0,0.881043059197219,10.771606548459477,17,8,60.0,5.0,0.0,0.0
1,-10.0,B,470.0,0.881043059197219,10.771606548459477,17,9,60.0,5.0,0.0,0.0
1,-10.0,B,470.0,0.881043059197219,10.771606548459477,17,10,60.0,5.0,0.0,0.0
1,-10.0,B,470.0,0.881043059197219,10.771606548459477,17,11,60.0,5.0,0.0,0.0
1,-10.0,B,470.0,0.881043059197219,10.771606548459477,17,12,60.0,5.0,0.0,0.0
1,-10.0,B,470.0,0.881043059197219,10.771606548459477,17,13,60.0,5.0,0.0,0.0
1,-10.0,B,470.0,0.881043059197219,10.771606548459477,17,14,60.0,5.0,0.0,0.0
1,-10.0,B,470.0,0.881043059197219,10.771606548459477,17,15,60.0,5.0,0.0,0.0
1,-10.0,B,470.0,0.881043059197219,10.771606548459477,17,16,60.0,5.0,0.0,0.0
1,-10.0,B,470.0,0.881043059197219,10.771606548459477,17,17,60.0,5.0,0.0,0.0
1,-10.0,B,470.0,0.881043059197219,10.771606548459477,17,18,60.0,5.0,0.0,0.0
1,-10.0,B,470.0,0.881043059197219,10.771606548459477,17,19,60.0,5.0,0.0,0.0
1,-10.0,B,470.0,0.881043059197219,10.771606548459477,17,20,60.0,5.0,0.0,0.0
1,-10.0,B,470.0,0.881043059197219,10.771606548459477,17,21,60.0,5.0,0.0,0.0
1,-10.0,B,470.0,0.881043059197219,10.771606548459477,17,22,60.0,5.0,0.0,0.0
1,-10.0,B,470.0,0.881043059197219,10.771606548459477,17,23,60.0,5.0,0.0,0.0
1,-10.0,B,470.0,0.881043059197219,10.771606548459477,17,24,60.0,5.0,0.0,0.0
1,-10.0,B,470.0,0.881043059197219,10.771606548459477,17,25,60.0,5.0,0.0,0.0
1,-10.0,B,470.0,0.881043059197219,10.771606548459477,17,26,60.0,5.0,0.0,0.0
1,-10.0,B,470.0,0.881043059197219,10.771606548459477,17,27,60.0,5.0,0.0,0.0
1,-10.0,B,470.0,0.881043059197219,10.771606548459477,17,28,60.0,5.0,0.0,0.0
1,-10.0,B,470.0,0.881043059197219,10.771606548459477,17,29,60.0,5.0,0.0,0.0
1,-10.0,B,470.0,0.881043059197219,10.771606548459477,17,30,60.0,5.0,0.0,0.0
1,-10.0,B,470.0,0.881043059197219,10.771606548459477,17,31,60.0,5.0,0.0,0.0
1,-10.0,B,470.0,0.881043059197219,10.771606548459477,17,32,60.0,5.0,0.0,0.0
1,-10.0,B,470.0,0.881043059197219,10.771606548459477,17,33,60.0,5.0,0.0,0.0
1,-10.0,B,470.0,0.881043059197219,10.771606548459477,17,34,60.0,5.0,0.0,0.0
1,-10.0,B,470.0,0.881043059197219,10.771606548459477,17,35,60.0,5.0,0.0,0.0
1,-10.0,B,470.0,0.881043059197219,10.771606548459477,18,0,60.0,5.0,0.0,0.0
1,-10.0,B,470.0,0.881043059197219,10.771606548459477,18,1,60.0,5.0,0.0,0.0
1,-10.0,B,470.0,0.881043059197219,10.771606548459477,18,2,60.0,5.0,0.0,0.0
1,-10.0,B,470.0,0.881043059197219,10.771606548459477,18,3,60.0,5.0,0.0,0.0
1,-10.0,B,470.0,0.881043059197219,10.771606548459477,18,4,60.0,5.0,0.0,0.0
1,-10.0,B,470.0,0.881043059197219,10.771606548459477,18,5,60.0,5.0,0.0,0.0
1,-10.0,B,470.0,0.881043059197219,10.771606548459477,18,6,60.0,5.0,0.0,0.0
1,-10.0,B,470.0,0.881043059197219,10.771606548459477,18,7,60.0,5.0,0.0,0.0
1,-10.0,B,470.0,0.881043059197219,10.771606548459477,18,8,60.0,5.0,0.0,0.0
1,-10.0,B,470.0,0.881043059197219,10.771606548459477,18,9,60.0,5.0,0.0,0.0
1,-10.0,B,470.0,0.881043059197219,10.771606548459477,18,10,60.0,5.0,0.0,0.0
1,-10.0,B,470.0,0.881043059197219,10.771606548459477,18,11,60.0,5.0,0.0,0.0
1,-10.0,B,470.0,0.881043059197219,10.771606548459477,18,12,60.0,5.0,0.0,0.0
1,-10.0,B,470.0,0.881043059197219,10.771606548459477,18,13,60.0,5.0,0.0,0.0
1,-10.0,B,470.0,0.881043059197219,10.771606548459477,18,14,60.0,5.0,0.0,0.0
1,-10.0,B,470.0,0.881043059197219,10.771606548459477,18,15,60.0,5.0,0.0,0.0
1,-10.0,B,470.0,0.881043059197219,10.771606548459477,18,16,60.0,5.0,0.0,0.0
1,-10.0,B,470.0,0.881043059197219,10.771606548459477,18,17,60.0,5.0,0.0,0.0
1,-10.0,B,470.0,0.881043059197219,10.771606548459477,18,18,60.0,5.0,0.0,0.0
1,-10.0,B,470.0,0.881043059197219,10.771606548459477,18,19,60.0,5.0,0.0,0.0
1,-10.0,B,470.0,0.881043059197219,10.771606548459477,18,20,60.0,5.0,0.0,0.0
1,-10.0,B,470.0,0.881043059197219,10.771606548459477,18,21,60.0,5.0,0.0,0.0
1,-10.0,B,470.0,0.881043059197219,10.771606548459477,18,22,60.0,5.0,0.0,0.0
1,-10.0,B,470.0,0.881043059197219,10.771606548459477,18,23,60.0,5.0,0.0,0.0
1,-10.0,B,470.0,0.881043059197219,10.771606548459477,18,24,60.0,5.0,0.0,0.0
1,-10.0,B,470.0,0.881043059197219,10.771606548459477,18,25,60.0,5.0,0.0,0.0
1,-10.0,B,470.0,0.881043059197219,10.771606548459477,18,26,60.0,5.0,0.0,0.0
1,-10.0,B,470.0,0.881043059197219,10.771606548459477,18,27,60.0,5.0,0.0,0.0
1,-10.0,B,470.0,0.881043059197219,10.771606548459477,18,28,60.0,5.0,0.0,0.0
1,-10.0,B,470.0,0.881043059197219,10.771606548459477,18,29,60.0,5.0,0.0,0.0
1,-10.0,B,470.0,0.881043059197219,10.771606548459477,18,30,60.0,5.0,0.0,0.0
1,-10.0,B,470.0,0.881043059197219,10.771606548459477,18,31,60.0,5.0,0.0,0.0
1,-10.0,B,470.0,0.881043059197219,10.771606548459477,18,32,60.0,5.0,0.0,0.0
1,-10.0,B,470.0,0.881043059197219,10.771606548459477,18,33,60.0,5.0,0.0,0.0
1,-10.0,B,470.0,0.881043059197219,10.771606548459477,18,34,60.0,5.0,0.0,0.0
1,-10.0,B,470.0,0.881043059197219,10.771606548459477,18,35,60.0,5.0,0.0,0.0
1,-10.0,B,470.0,0.881043059197219,10.771606548459477,19,0,60.0,5.0,0.0,0.0
1,-10.0,B,470.0,0.881043059197219,10.771606548459477,19,1,60.0,5.0,0.0,0.0
1,-10.0,B,470.0,0.881043059197219,10.771606548459477,19,2,60.0,5.0,0.0,0.0
1,-10.0,B,470.0,0.881043059197219,10.771606548459477,19,3,60.0,5.0,0.0,0.0
1,-10.0,B,470.0,0.881043059197219,10.771606548459477,19,4,60.0,5.0,0.0,0.0
1,-10.0,B,470.0,0.881043059197219,10.771606548459477,19,5,60.0,5.0,0.0,0.0
1,-10.0,B,470.0,0.881043059197219,10.771606548459477,19,6,60.0,5.0,0.0,0.0
1,-10.0,B,470.0,0.881043059197219,10.771606548459477,19,7,60.0,5.0,0.0,0.0
1,-10.0,B,470.0,0.881043059197219,10.771606548459477,19,8,60.0,5.0,0.0,0.0
1,-10.0,B,470.0,0.881043059197219,10.771606548459477,19,9,60.0,5.0,0.0,0.0
1,-10.0,B,470.0,0.881043059197219,10.771606548459477,19,10,60.0,5.0,0.0,0.0
1,-10.0,B,470.0,0.881043059197219,10.771606548459477,19,11,60.0,5.0,0.0,0.0
1,-10.0,B,470.0,0.881043059197219,10.771606548459477,19,12,60.0,5.0,0.0,0.0
1,-10.0,B,470.0,0.881043059197219,10.771606548459477,19,13,60.0,5.0,0.0,0.0
1,-10.0,B,470.0,0.881043059197219,10.771606548459477,19,14,60.0,5.0,0.0,0.0
1,-10.0,B,470.0,0.881043059197219,10.771606548459477,19,15,60.0,5.0,0.0,0.0
1,-10.0,B,470.0,0.881043059197219,10.771606548459477,19,16,60.0,5.0,0.0,0.0
1,-10.0,B,470.0,0.881043059197219,10.771606548459477,19,17,60.0,5.0,0.0,0.0
1,-10.0,B,470.0,0.881043059197219,10.771606548459477,19,18,60.0,5.0,0.0,0.0
1,-10.0,B,470.0,0.881043059197219,10.771606548459477,19,19,60.0,5.0,0.0,0.0
1,-10.0,B,470.0,0.881043059197219,10.771606548459477,19,20,60.0,5.0,0.0,0.0
1,-10.0,B,470.0,0.881043059197219,10.771606548459477,19,21,60.0,5.0,0.0,0.0
1,-10.0,B,470.0,0.881043059197219,10.771606548459477,19,22,60.0,5.0,0.0,0.0
1,-10.0,B,470.0,0.881043059197219,10.771606548459477,19,23,60.0,5.0,0.0,0.0
1,-10.0,B,470.0,0.881043059197219,10.771606548459477,19,24,60.0,5.0,0.0,0.0
1,-10.0,B,470.0,0.881043059197219,10.771606548459477,19,25,60.0,5.0,0.0,0.0
1,-10.0,B,470.0,0.881043059197219,10.771606548459477,19,26,60.0,5.0,0.0,0.0
1,-10.0,B,470.0,0.881043059197219,10.771606548459477,19,27,60.0,5.0,0.0,0.0
1,-10.0,B,470.0,0.881043059197219,10.771606548459477,19,28,60.0,5.0,0.0,0.0
1,-10.0,B,470.0,0.881043059197219,10.771606548459477,19,29,60.0,5.0,0.0,0.0
1,-10.0,B,470.0,0.881043059197219,10.771606548459477,19,30,60.0,5.0,0.0,0.0
1,-10.0,B,470.0,0.881043059197219,10.771606548459477,19,31,60.0,5.0,0.0,0.0
1,-10.0,B,470.0,0.881043059197219,10.771606548459477,19,32,60.0,5.0,0.0,0.0
1,-10.0,B,470.0,0.881043059197219,10.771606548459477,19,33,60.0,5.0,0.0,0.0
1,-10.0,B,470.0,0.881043059197219,10.771606548459477,19,34,60.0,5.0,0.0,0.0
1,-10.0,B,470.0,0.881043059197219,10.771606548459477,19,35,60.0,5.0,0.0,0.0
2,-5.0,R,620.0,1.0000789764966502,14.209353319244416,0,0,60.0,5.0,0.0,0.0
2,-5.0,R,620.0,1.0000789764966502,14.209353319244416,0,1,60.0,5.0,0.0,0.0
2,-5.0,R,620.0,1.0000789764966502,14.209353319244416,0,2,60.0,5.0,0.0,0.0
2,-5.0,R,620.0,1.0000789764966502,14.209353319244416,0,3,60.0,5.0,0.0,0.0
2,-5.0,R,620.0,1.0000789764966502,14.209353319244416,0,4,60.0,5.0,0.0,0.0
2,-5.0,R,620.0,1.0000789764966502,14.209353319244416,0,5,60.0,5.0,0.0,0.0
2,-5.0,R,620.0,1.0000789764966502,14.209353319244416,0,6,60.0,5.0,0.0,0.0
2,-5.0,R,620.0,1.0000789764966502,14.209353319244416,0,7,60.0,5.0,0.0,0.0
2,-5.0,R,620.0,1.0000789764966502,14.209353319244416,0,8,60.0,5.0,0.0,0.0
2,-5.0,R,620.0,1.0000789764966502,14.209353319244416,0,9,60.0,5.0,0.0,0.0
2,-5.0,R,620.0,1.0000789764966502,14.209353319244416,0,10,60.0,5.0,0.0,0.0
2,-5.0,R,620.0,1.0000789764966502,14.209353319244416,0,11,60.0,5.0,0.0,0.0
2,-5.0,R,620.0,1.0000789764966502,14.209353319244416,0,12,60.0,5.0,0.0,0.0
2,-5.0,R,620.0,1.0000789764966502,14.209353319244416,0,13,60.0,5.0,0.0,0.0
2,-5.0,R,620.0,1.0000789764966502,14.209353319244416,0,14,60.0,5.0,0.0,0.0
2,-5.0,R,620.0,1.0000789764966502,14.209353319244416,0,15,60.0,5.0,0.0,0.0
2,-5.0,R,620.0,1.0000789764966502,14.209353319244416,0,16,60.0,5.0,0.0,0.0
2,-5.0,R,620.0,1.0000789764966502,14.209353319244416,0,17,60.0,5.0,0.0,0.0
2,-5.0,R,620.0,1.0000789764966502,14.209353319244416,0,18,60.0,5.0,0.0,0.0
2,-5.0,R,620.0,1.0000789764966502,14.209353319244416,0,19,60.0,5.0,0.0,0.0
2,-5.0,R,620.0,1.0000789764966502,14.209353319244416,0,20,60.0,5.0,0.0,0.0
2,-5.0,R,620.0,1.0000789764966502,14.209353319244416,0,21,60.0,5.0,0.0,0.0
2,-5.0,R,620.0,1.0000789764966502,14.209353319244416,0,22,60.0,5.0,0.0,0.0
2,-5.0,R,620.0,1.0000789764966502,14.209353319244416,0,23,60.0,5.0,0.0,0.0
2,-5.0,R,620.0,1.0000789764966502,14.209353319244416,0,24,60.0,5.0,0.0,0.0
2,-5.0,R,620.0,1.0000789764966502,14.209353319244416,0,25,60.0,5.0,0.0,0.0
2,-5.0,R,620.0,1.0000789764966502,14.209353319244416,0,26,60.0,5.0,0.0,0.0
2,-5.0,R,620.0,1.0000789764966502,14.209353319244416,0,27,60.0,5.0,0.0,0.0
2,-5.0,R,620.0,1.0000789764966502,14.209353319244416,0,28,60.0,5.0,0.0,0.0
2,-5.0,R,620.0,1.0000789764966502,14.209353319244416,0,29,60.0,5.0,0.0,0.0
2,-5.0,R,620.0,1.0000789764966502,14.209353319244416,0,30,60.0,5.0,0.0,0.0
2,-5.0,R,620.0,1.0000789764966502,14.209353319244416,0,31,60.0,5.0,0.0,0.0
2,-5.0,R,620.0,1.0000789764966502,14.209353319244416,0,32,60.0,5.0,0.0,0.0
2,-5.0,R,620.0,1.0000789764966502,14.209353319244416,0,33,60.0,5.0,0.0,0.0
2,-5.0,R,620.0,1.0000789764966502,14.209353319244416,0,34,60.0,5.0,0.0,0.0
2,-5.0,R,620.0,1.0000789764966502,14.209353319244416,0,35,60.0,5.0,0.0,0.0
2,-5.0,R,620.0,1.0000789764966502,14.209353319244416,1,0,60.0,5.0,0.0,0.0
2,-5.0,R,620.0,1.0000789764966502,14.209353319244416,1,1,60.0,5.0,0.0,0.0
2,-5.0,R,620.0,1.0000789764966502,14.209353319244416,1,2,60.0,5.0,0.0,0.0
2,-5.0,R,620.0,1.0000789764966502,14.209353319244416,1,3,60.0,5.0,0.0,0.0
2,-5.0,R,620.0,1.0000789764966502,14.209353319244416,1,4,60.0,5.0,0.0,0.0
2,-5.0,R,620.0,1.0000789764966502,14.209353319244416,1,5,60.0,5.0,0.0,0.0
2,-5.0,R,620.0,1.0000789764966502,14.209353319244416,1,6,60.0,5.0,0.0,0.0
2,-5.0,R,620.0,1.0000789764966502,14.209353319244416,1,7,60.0,5.0,0.0,0.0
2,-5.0,R,620.0,1.0000789764966502,14.209353319244416,1,8,60.0,5.0,0.0,0.0
2,-5.0,R,620.0,1.0000789764966502,14.209353319244416,1,9,60.0,5.0,0.0,0.0
2,-5.0,R,620.0,1.0000789764966502,14.209353319244416,1,10,60.0,5.0,0.0,0.0
2,-5.0,R,620.0,1.0000789764966502,14.209353319244416,1,11,60.0,5.0,0.0,0.0
2,-5.0,R,620.0,1.0000789764966502,14.209353319244416,1,12,60.0,5.0,0.0,0.0
2,-5.0,R,620.0,1.0000789764966502,14.209353319244416,1,13,60.0,5.0,0.0,0.0
2,-5.0,R,620.0,1.0000789764966502,14.209353319244416,1,14,60.0,5.0,0.0,0.0
2,-5.0,R,620.0,1.0000789764966502,14.209353319244416,1,15,60.0,5.0,0.0,0.0
2,-5.0,R,620.0,1.0000789764966502,14.209353319244416,1,16,60.0,5.0,0.0,0.0
2,-5.0,R,620.0,1.0000789764966502,14.209353319244416,1,17,60.0,5.0,0.0,0.0
2,-5.0,R,620.0,1.0000789764966502,14.209353319244416,1,18,60.0,5.0,0.0,0.0
2,-5.0,R,620.0,1.0000789764966502,14.209353319244416,1,19,60.0,5.0,0.0,0.0
2,-5.0,R,620.0,1.0000789764966502,14.209353319244416,1,20,60.0,5.0,0.0,0.0
2,-5.0,R,620.0,1.0000789764966502,14.209353319244416,1,21,60.0,5.0,0.0,0.0
2,-5.0,R,620.0,1.0000789764966502,14.209353319244416,1,22,60.0,5.0,0.0,0.0
2,-5.0,R,620.0,1.0000789764966502,14.209353319244416,1,23,60.0,5.0,0.0,0.0
2,-5.0,R,620.0,1.0000789764966502,14.209353319244416,1,24,60.0,5.0,0.0,0.0
2,-5.0,R,620.0,1.0000789764966502,14.209353319244416,1,25,60.0,5.0,0.0,0.0
2,-5.0,R,620.0,1.0000789764966502,14.209353319244416,1,26,60.0,5.0,0.0,0.0
2,-5.0,R,620.0,1.0000789764966502,14.209353319244416,1,27,60.0,5.0,0.0,0.0
2,-5.0,R,620.0,1.0000789764966502,14.209353319244416,1,28,60.0,5.0,0.0,0.0
2,-5.0,R,620.0,1.0000789764966502,14.209353319244416,1,29,60.0,5.0,0.0,0.0
2,-5.0,R,620.0,1.0000789764966502,14.209353319244416,1,30,60.0,5.0,0.0,0.0
2,-5.0,R,620.0,1.0000789764966502,14.209353319244416,1,31,60.0,5.0,0.0,0.0
2,-5.0,R,620.0,1.0000789764966502,14.209353319244416,1,32,60.0,5.0,0.0,0.0
2,-5.0,R,620.0,1.0000789764966502,14.209353319244416,1,33,60.0,5.0,0.0,0.0
2,-5.0,R,620.0,1.0000789764966502,14.209353319244416,1,34,60.0,5.0,0.0,0.0
2,-5.0,R,620.0,1.0000789764966502,14.209353319244416,1,35,60.0,5.0,0.0,0.0
2,-5.0,R,620.0,1.0000789764966502,14.209353319244416,2,0,60.0,5.0,0.0,0.0
2,-5.0,R,620.0,1.0000789764966502,14.209353319244416,2,1,60.0,5.0,0.0,0.0
2,-5.0,R,620.0,1.0000789764966502,14.209353319244416,2,2,60.0,5.0,0.0,0.0
2,-5.0,R,620.0,1.0000789764966502,14.209353319244416,2,3,60.0,5.0,0.0,0.0
2,-5.0,R,620.0,1.0000789764966502,14.209353319244416,2,4,60.0,5.0,0.0,0.0
2,-5.0,R,620.0,1.0000789764966502,14.209353319244416,2,5,60.0,5.0,0.0,0.0
2,-5.0,R,620.0,1.0000789764966502,14.209353319244416,2,6,60.0,5.0,0.0,0.0
2,-5.0,R,620.0,1.0000789764966502,14.209353319244416,2,7,60.0,5.0,0.0,0.0
2,-5.0,R,620.0,1.0000789764966502,14.209353319244416,2,8,60.0,5.0,0.0,0.0
2,-5.0,R,620.0,1.0000789764966502,14.209353319244416,2,9,60.0,5.0,0.0,0.0
2,-5.0,R,620.0,1.0000789764966502,14.209353319244416,2,10,60.0,5.0,0.0,0.0
2,-5.0,R,620.0,1.0000789764966502,14.209353319244416,2,11,60.0,5.0,0.0,0.0
2,-5.0,R,620.0,1.0000789764966502,14.209353319244416,2,12,60.0,5.0,0.0,0.0
2,-5.0,R,620.0,1.0000789764966502,14.209353319244416,2,13,60.0,5.0,0.0,0.0
2,-5.0,R,620.0,1.0000789764966502,14.209353319244416,2,14,60.0,5.0,0.0,0.0
2,-5.0,R,620.0,1.0000789764966502,14.209353319244416,2,15,60.0,5.0,0.0,0.0
2,-5.0,R,620.0,1.0000789764966502,14.209353319244416,2,16,60.0,5.0,0.0,0.0
2,-5.0,R,620.0,1.0000789764966502,14.209353319244416,2,17,60.0,5.0,0.0,0.0
2,-5.0,R,620.0,1.0000789764966502,14.209353319244416,2,18,60.0,5.0,0.0,0.0
2,-5.0,R,620.0,1.0000789764966502,14.209353319244416,2,19,60.0,5.0,0.0,0.0
2,-5.0,R,620.0,1.0000789764966502,14.209353319244416,2,20,60.0,5.0,0.0,0.0
2,-5.0,R,620.0,1.0000789764966502,14.209353319244416,2,21,60.0,5.0,0.0,0.0
2,-5.0,R,620.0,1.0000789764966502,14.209353319244416,2,22,60.0,5.0,0.0,0.0
2,-5.0,R,620.0,1.0000789764966502,14.209353319244416,2,23,60.0,5.0,0.0,0.0
2,-5.0,R,620.0,1.0000789764966502,14.209353319244416,2,24,60.0,5.0,0.0,0.0
2,-5.0,R,620.0,1.0000789764966502,14.209353319244416,2,25,60.0,5.0,0.0,0.0
2,-5.0,R,620.0,1.0000789764966502,14.209353319244416,2,26,60.0,5.0,0.0,0.0
2,-5.0,R,620.0,1.0000789764966502,14.209353319244416,2,27,60.0,5.0,0.0,0.0
2,-5.0,R,620.0,1.0000789764966502,14.209353319244416,2,28,60.0,5.0,0.0,0.0
2,-5.0,R,620.0,1.0000789764966502,14.209353319244416,2,29,60.0,5.0,0.0,0.0
2,-5.0,R,620.0,1.0000789764966502,14.209353319244416,2,30,60.0,5.0,0.0,0.0
2,-5.0,R,620.0,1.0000789764966502,14.209353319244416,2,31,60.0,5.0,0.0,0.0
2,-5.0,R,620.0,1.0000789764966502,14.209353319244416,2,32,60.0,5.0,0.0,0.0
2,-5.0,R,620.0,1.0000789764966502,14.209353319244416,2,33,60.0,5.0,0.0,0.0
2,-5.0,R,620.0,1.0000789764966502,14.209353319244416,2,34,60.0,5.0,0.0,0.0
2,-5.0,R,620.0,1.0000789764966502,14.209353319244416,2,35,60.0,5.0,0.0,0.0
2,-5.0,R,620.0,1.0000789764966502,14.209353319244416,3,0,60.0,5.0,0.0,0.0
2,-5.0,R,620.0,1.0000789764966502,14.209353319244416,3,1,60.0,5.0,0.0,0.0
2,-5.0,R,620.0,1.0000789764966502,14.209353319244416,3,2,60.0,5.0,0.0,0.0
2,-5.0,R,620.0,1.0000789764966502,14.209353319244416,3,3,60.0,5.0,0.0,0.0
2,-5.0,R,620.0,1.0000789764966502,14.209353319244416,3,4,60.0,5.0,0.0,0.0
2,-5.0,R,620.0,1.0000789764966502,14.209353319244416,3,5,60.0,5.0,0.0,0.0
2,-5.0,R,620.0,1.0000789764966502,14.209353319244416,3,6,60.0,5.0,0.0,0.0
2,-5.0,R,620.0,1.0000789764966502,14.209353319244416,3,7,60.0,5.0,0.0,0.0
2,-5.0,R,620.0,1.0000789764966502,14.209353319244416,3,8,60.0,5.0,0.0,0.0
2,-5.0,R,620.0,1.0000789764966502,14.209353319244416,3,9,60.0,5.0,0.0,0.0
2,-5.0,R,620.0,1.0000789764966502,14.209353319244416,3,10,60.0,5.0,0.0,0.0
2,-5.0,R,620.0,1.0000789764966502,14.209353319244416,3,11,60.0,5.0,0.0,0.0
2,-5.0,R,620.0,1.0000789764966502,14.209353319244416,3,12,60.0,5.0,0.0,0.0
2,-5.0,R,620.0,1.0000789764966502,14.209353319244416,3,13,60.0,5.0,0.0,0.0
2,-5.0,R,620.0,1.0000789764966502,14.209353319244416,3,14,60.0,5.0,0.0,0.0
2,-5.0,R,620.0,1.0000789764966502,14.209353319244416,3,15,60.0,5.0,0.0,0.0
2,-5.0,R,620.0,1.0000789764966502,14.209353319244416,3,16,60.0,5.0,0.0,0.0
2,-5.0,R,620.0,1.0000789764966502,14.209353319244416,3,17,60.0,5.0,0.0,0.0
2,-5.0,R,620.0,1.0000789764966502,14.209353319244416,3,18,60.0,5.0,0.0,0.0
2,-5.0,R,620.0,1.0000789764966502,14.209353319244416,3,19,60.0,5.0,0.0,0.0
2,-5.0,R,620.0,1.0000789764966502,14.209353319244416,3,20,60.0,5.0,0.0,0.0
2,-5.0,R,620.0,1.0000789764966502,14.209353319244416,3,21,60.0,5.0,0.0,0.0
2,-5.0,R,620.0,1.0000789764966502,14.209353319244416,3,22,60.0,5.0,0.0,0.0
2,-5.0,R,620.0,1.0000789764966502,14.209353319244416,3,23,60.0,5.0,0.0,0.0
2,-5.0,R,620.0,1.0000789764966502,14.209353319244416,3,24,60.0,5.0,0.0,0.0
2,-5.0,R,620.0,1.0000789764966502,14.209353319244416,3,25,60.0,5.0,0.0,0.0
2,-5.0,R,620.0,1.0000789764966502,14.209353319244416,3,26,60.0,5.0,0.0,0.0
2,-5.0,R,620.0,1.0000789764966502,14.209353319244416,3,27,60.0,5.0,0.0,0.0
2,-5.0,R,620.0,1.0000789764966502,14.209353319244416,3,28,60.0,5.0,0.0,0.0
2,-5.0,R,620.0,1.0000789764966502,14.209353319244416,3,29,60.0,5.0,0.0,0.0
2,-5.0,R,620.0,1.0000789764966502,14.209353319244416,3,30,60.0,5.0,0.0,0.0
2,-5.0,R,620.0,1.0000789764966502,14.209353319244416,3,31,60.0,5.0,0.0,0.0
2,-5.0,R,620.0,1.0000789764966502,14.209353319244416,3,32,60.0,5.0,0.0,0.0
2,-5.0,R,620.0,1.0000789764966502,14.209353319244416,3,33,60.0,5.0,0.0,0.0
2,-5.0,R,620.0,1.0000789764966502,14.209353319244416,3,34,60.0,5.0,0.0,0.0
2,-5.0,R,620.0,1.0000789764966502,14.209353319244416,3,35,60.0,5.0,0.0,0.0
2,-5.0,R,620.0,1.0000789764966502,14.209353319244416,4,0,60.0,5.0,0.0,0.0
2,-5.0,R,620.0,1.0000789764966502,14.209353319244416,4,1,60.0,5.0,0.0,0.0
2,-5.0,R,620.0,1.0000789764966502,14.209353319244416,4,2,60.0,5.0,0.0,0.0
2,-5.0,R,620.0,1.0000789764966502,14.209353319244416,4,3,60.0,5.0,0.0,0.0
2,-5.0,R,620.0,1.0000789764966502,14.209353319244416,4,4,60.0,5.0,0.0,0.0
2,-5.0,R,620.0,1.0000789764966502,14.209353319244416,4,5,60.0,5.0,0.00392156862745098,0.01994638965273254
2,-5.0,R,620.0,1.0000789764966502,14.209353319244416,4,6,60.0,5.0,0.01568627450980392,0.03997164583041206
2,-5.0,R,620.0,1.0000789764966502,14.209353319244416,4,7,60.0,5.0,0.011764705882352941,0.0345936127618576
2,-5.0,R,620.0,1.0000789764966502,14.209353319244416,4,8,60.0,5.0,0.0,0.0
2,-5.0,R,620.0,1.0000789764966502,14.209353319244416,4,9,60.0,5.0,0.0,0.0
2,-5.0,R,620.0,1.0000789764966502,14.209353319244416,4,10,60.0,5.0,0.0,0.0
2,-5.0,R,620.0,1.0000789764966502,14.209353319244416,4,11,60.0,5.0,0.0,0.0
2,-5.0,R,620.0,1.0000789764966502,14.209353319244416,4,12,60.0,5.0,0.00784313725490196,0.028226977679718004
2,-5.0,R,620.0,1.0000789764966502,14.209353319244416,4,13,60.0,5.0,0.00392156862745098,0.01994638965273254
2,-5.0,R,620.0,1.0000789764966502,14.209353319244416,4,14,60.0,5.0,0.00392156862745098,0.01994638965273254
2,-5.0,R,620.0,1.0000789764966502,14.209353319244416,4,15,60.0,5.0,0.00392156862745098,0.01994638965273254
2,-5.0,R,620.0,1.0000789764966502,14.209353319244416,4,16,60.0,5.0,0.00784313725490196,0.028226977679718004
2,-5.0,R,620.0,1.0000789764966502,14.209353319244416,4,17,60.0,5.0,0.00392156862745098,0.01994638965273254
2,-5.0,R,620.0,1.0000789764966502,14.209353319244416,4,18,60.0,5.0,0.00784313725490196,0.028226977679718004
2,-5.0,R,620.0,1.0000789764966502,14.209353319244416,4,19,60.0,5.0,0.00392156862745098,0.01994638965273254
2,-5.0,R,620.0,1.0000789764966502,14.209353319244416,4,20,60.0,5.0,0.00392156862745098,0.01994638965273254
2,-5.0,R,620.0,1.0000789764966502,14.209353319244416,4,21,60.0,5.0,0.00784313725490196,0.028226977679718004
2,-5.0,R,620.0,1.0000789764966502,14.209353319244416,4,22,60.0,5.0,0.00392156862745098,0.01994638965273254
2,-5.0,R,620.0,1.0000789764966502,14.209353319244416,4,23,60.0,5.0,0.0,0.0
2,-5.0,R,620.0,1.0000789764966502,14.209353319244416,4,24,60.0,5.0,0.00392156862745098,0.01994638965273254
2,-5.0,R,620.0,1.0000789764966502,14.209353319244416,4,25,60.0,5.0,0.00784313725490196,0.028226977679718004
2,-5.0,R,620.0,1.0000789764966502,14.209353319244416,4,26,60.0,5.0,0.00392156862745098,0.01994638965273254
2,-5.0,R,620.0,1.0000789764966502,14.209353319244416,4,27,60.0,5.0,0.0,0.0
2,-5.0,R,620.0,1.0000789764966502,14.209353319244416,4,28,60.0,5.0,0.0,0.0
2,-5.0,R,620.0,1.0000789764966502,14.209353319244416,4,29,60.0,5.0,0.0,0.0
2,-5.0,R,620.0,1.0000789764966502,14.209353319244416,4,30,60.0,5.0,0.0,0.0
2,-5.0,R,620.0,1.0000789764966502,14.209353319244416,4,31,60.0,5.0,0.0,0.0
2,-5.0,R,620.0,1.0000789764966502,14.209353319244416,4,32,60.0,5.0,0.0,0.0
2,-5.0,R,620.0,1.0000789764966502,14.209353319244416,4,33,60.0,5.0,0.0,0.0
2,-5.0,R,620.0,1.0000789764966502,14.209353319244416,4,34,60.0,5.0,0.0,0.0
2,-5.0,R,620.0,1.0000789764966502,14.209353319244416,4,35,60.0,5.0,0.0,0.0
2,-5.0,R,620.0,1.0000789764966502,14.209353319244416,5,0,60.0,5.0,0.0,0.0
2,-5.0,R,620.0,1.0000789764966502,14.209353319244416,5,1,60.0,5.0,0.0,0.0
2,-5.0,R,620.0,1.0000789764966502,14.209353319244416,5,2,60.0,5.0,0.0,0.0
2,-5.0,R,620.0,1.0000789764966502,14.209353319244416,5,3,60.0,5.0,0.00392156862745098,0.01994638965273254
2,-5.0,R,620.0,1.0000789764966502,14.209353319244416,5,4,60.0,5.0,0.0,0.0
2,-5.0,R,620.0,1.0000789764966502,14.209353319244416,5,5,60.0,5.0,0.0,0.0
2,-5.0,R,620.0,1.0000789764966502,14.209353319244416,5,6,60.0,5.0,0.03529411764705882,0.060157486757451334
2,-5.0,R,620.0,1.0000789764966502,14.209353319244416,5,7,60.0,5.0,0.023529411764705882,0.049020040417914766
2,-5.0,R,620.0,1.0000789764966502,14.209353319244416,5,8,60.0,5.0,0.00392156862745098,0.01994638965273254
2,-5.0,R,620.0,1.0000789764966502,14.209353319244416,5,9,60.0,5.0,0.00784313725490196,0.028226977679718004
2,-5.0,R,620.0,1.0000789764966502,14.209353319244416,5,10,60.0,5.0,0.0,0.0
2,-5.0,R,620.0,1.0000789764966502,14.209353319244416,5,11,60.0,5.0,0.0,0.0
2,-5.0,R,620.0,1.0000789764966502,14.209353319244416,5,12,60.0,5.0,0.0,0.0
2,-5.0,R,620.0,1.0000789764966502,14.209353319244416,5,13,60.0,5.0,0.0,0.0
2,-5.0,R,620.0,1.0000789764966502,14.209353319244416,5,14,60.0,5.0,0.0,0.0
2,-5.0,R,620.0,1.0000789764966502,14.209353319244416,5,15,60.0,5.0,0.0,0.0
2,-5.0,R,620.0,1.0000789764966502,14.209353319244416,5,16,60.0,5.0,0.0,0.0
2,-5.0,R,620.0,1.0000789764966502,14.209353319244416,5,17,60.0,5.0,0.0,0.0
2,-5.0,R,620.0,1.0000789764966502,14.209353319244416,5,18,60.0,5.0,0.0,0.0
2,-5.0,R,620.0,1.0000789764966502,14.209353319244416,5,19,60.0,5.0,0.0,0.0
2,-5.0,R,620.0,1.0000789764966502,14.209353319244416,5,20,60.0,5.0,0.0,0.0
2,-5.0,R,620.0,1.0000789764966502,14.209353319244416,5,21,60.0,5.0,0.0,0.0
2,-5.0,R,620.0,1.0000789764966502,14.209353319244416,5,22,60.0,5.0,0.0,0.0
2,-5.0,R,620.0,1.0000789764966502,14.209353319244416,5,23,60.0,5.0,0.0,0.0
2,-5.0,R,620.0,1.0000789764966502,14.209353319244416,5,24,60.0,5.0,0.0,0.0
2,-5.0,R,620.0,1.0000789764966502,14.209353319244416,5,25,60.0,5.0,0.0,0.0
2,-5.0,R,620.0,1.0000789764966502,14.209353319244416,5,26,60.0,5.0,0.0,0.0
2,-5.0,R,620.0,1.0000789764966502,14.209353319244416,5,27,60.0,5.0,0.0,0.0
2,-5.0,R,620.0,1.0000789764966502,14.209353319244416,5,28,60.0,5.0,0.0,0.0
2,-5.0,R,620.0,1.0000789764966502,14.209353319244416,5,29,60.0,5.0,0.0,0.0
2,-5.0,R,620.0,1.0000789764966502,14.209353319244416,5,30,60.0,5.0,0.0,0.0
2,-5.0,R,620.0,1.0000789764966502,14.209353319244416,5,31,60.0,5.0,0.0,0.0
2,-5.0,R,620.0,1.0000789764966502,14.209353319244416,5,32,60.0,5.0,0.0,0.0
2,-5.0,R,620.0,1.0000789764966502,14.209353319244416,5,33,60.0,5.0,0.0,0.0
2,-5.0,R,620.0,1.0000789764966502,14.209353319244416,5,34,60.0,5.0,0.0,0.0
2,-5.0,R,620.0,1.0000789764966502,14.209353319244416,5,35,60.0,5.0,0.0,0.0
2,-5.0,R,620.0,1.0000789764966502,14.209353319244416,6,0,60.0,5.0,0.0,0.0
2,-5.0,R,620.0,1.0000789764966502,14.209353319244416,6,1,60.0,5.0,0.0,0.0
2,-5.0,R,620.0,1.0000789764966502,14.209353319244416,6,2,60.0,5.0,0.0,0.0
2,-5.0,R,620.0,1.0000789764966502,14.209353319244416,6,3,60.0,5.0,0.0,0.0
2,-5.0,R,620.0,1.0000789764966502,14.209353319244416,6,4,60.0,5.0,0.011764705882352941,0.0345936127618576
2,-5.0,R,620.0,1.0000789764966502,14.209353319244416,6,5,60.0,5.0,0.10588235294117647,0.105497495924501
2,-5.0,R,620.0,1.0000789764966502,14.209353319244416,6,6,60.0,5.0,0.12549019607843137,0.11526243188745809
2,-5.0,R,620.0,1.0000789764966502,14.209353319244416,6,7,60.0,5.0,0.26666666666666666,0.1727273908759613
2,-5.0,R,620.0,1.0000789764966502,14.209353319244416,6,8,60.0,5.0,0.043137254901960784,0.06659618536329842
2,-5.0,R,620.0,1.0000789764966502,14.209353319244416,6,9,60.0,5.0,0.0,0.0
2,-5.0,R,620.0,1.0000789764966502,14.209353319244416,6,10,60.0,5.0,0.011764705882352941,0.0345936127618576
2,-5.0,R,620.0,1.0000789764966502,14.209353319244416,6,11,60.0,5.0,0.0,0.0
2,-5.0,R,620.0,1.0000789764966502,14.209353319244416,6,12,60.0,5.0,0.20784313725490197,0.15068188153318207
2,-5.0,R,620.0,1.0000789764966502,14.209353319244416,6,13,60.0,5.0,0.10196078431372549,0.10345212448837855
2,-5.0,R,620.0,1.0000789764966502,14.209353319244416,6,14,60.0,5.0,0.058823529411764705,0.07797913037736934
2,-5.0,R,620.0,1.0000789764966502,14.209353319244416,6,15,60.0,5.0,0.07058823529411765,0.08559793231834631
2,-5.0,R,620.0,1.0000789764966502,14.209353319244416,6,16,60.0,5.0,0.20392156862745098,0.14913829006235088
2,-5.0,R,620.0,1.0000789764966502,14.209353319244416,6,17,60.0,5.0,0.27450980392156865,0.17553721581099607
2,-5.0,R,620.0,1.0000789764966502,14.209353319244416,6,18,60.0,5.0,0.25882352941176473,0.16989114055384089
2,-5.0,R,620.0,1.0000789764966502,14.209353319244416,6,19,60.0,5.0,0.07450980392156863,0.08800426979263411
2,-5.0,R,620.0,1.0000789764966502,14.209353319244416,6,20,60.0,5.0,0.07450980392156863,0.08800426979263411
2,-5.0,R,620.0,1.0000789764966502,14.209353319244416,6,21,60.0,5.0,0.2235294117647059,0.1567527086383188
2,-5.0,R,620.0,1.0000789764966502,14.209353319244416,6,22,60.0,5.0,0.050980392156862744,0.07249578895933438
2,-5.0,R,620.0,1.0000789764966502,14.209353319244416,6,23,60.0,5.0,0.01568627450980392,0.03997164583041206
2,-5.0,R,620.0,1.0000789764966502,14.209353319244416,6,24,60.0,5.0,0.027450980392156862,0.05298297410946823
2,-5.0,R,620.0,1.0000789764966502,14.209353319244416,6,25,60.0,5.0,0.19215686274509805,0.14443943567870407
2,-5.0,R,620.0,1.0000789764966502,14.209353319244416,6,26,60.0,5.0,0.34901960784313724,0.20117941526475813
2,-5.0,R,620.0,1.0000789764966502,14.209353319244416,6,27,60.0,5.0,0.0,0.0
2,-5.0,R,620.0,1.0000789764966502,14.209353319244416,6,28,60.0,5.0,0.00392156862745098,0.01994638965273254
2,-5.0,R,620.0,1.0000789764966502,14.209353319244416,6,29,60.0,5.0,0.0,0.0
2,-5.0,R,620.0,1.0000789764966502,14.209353319244416,6,30,60.0,5.0,0.0,0.0
2,-5.0,R,620.0,1.0000789764966502,14.209353319244416,6,31,60.0,5.0,0.0,0.0
2,-5.0,R,620.0,1.0000789764966502,14.209353319244416,6,32,60.0,5.0,0.0,0.0
2,-5.0,R,620.0,1.0000789764966502,14.209353319244416,6,33,60.0,5.0,0.0,0.0
2,-5.0,R,620.0,1.0000789764966502,14.209353319244416,6,34,60.0,5.0,0.0,0.0
2,-5.0,R,620.0,1.0000789764966502,14.209353319244416,6,35,60.0,5.0,0.0,0.0
2,-5.0,R,620.0,1.0000789764966502,14.209353319244416,7,0,60.0,5.0,0.0,0.0
2,-5.0,R,620.0,1.0000789764966502,14.209353319244416,7,1,60.0,5.0,0.0,0.0
2,-5.0,R,620.0,1.0000789764966502,14.209353319244416,7,2,60.0,5.0,0.0,0.0
2,-5.0,R,620.0,1.0000789764966502,14.209353319244416,7,3,60.0,5.0,0.043137254901960784,0.06659618536329842
2,-5.0,R,620.0,1.0000789764966502,14.209353319244416,7,4,60.0,5.0,0.050980392156862744,0.07249578895933438
2,-5.0,R,620.0,1.0000789764966502,14.209353319244416,7,5,60.0,5.0,0.2549019607843137,0.1684625831810239
2,-5.0,R,620.0,1.0000789764966502,14.209353319244416,7,6,60.0,5.0,0.19607843137254902,0.14601747052853942
2,-5.0,R,620.0,1.0000789764966502,14.209353319244416,7,7,60.0,5.0,0.28627450980392155,0.17970582947972352
2,-5.0,R,620.0,1.0000789764966502,14.209353319244416,7,8,60.0,5.0,0.4666666666666667,0.23938179519646016
2,-5.0,R,620.0,1.0000789764966502,14.209353319244416,7,9,60.0,5.0,0.2235294117647059,0.1567527086383188
2,-5.0,R,620.0,1.0000789764966502,14.209353319244416,7,10,60.0,5.0,0.01568627450980392,0.03997164583041206
2,-5.0,R,620.0,1.0000789764966502,14.209353319244416,7,11,60.0,5.0,0.0,0.0
2,-5.0,R,620.0,1.0000789764966502,14.209353319244416,7,12,60.0,5.0,0.42745098039215684,0.22682512093786292
2,-5.0,R,620.0,1.0000789764966502,14.209353319244416,7,13,60.0,5.0,0.5254901960784314,0.25811730014959144
2,-5.0,R,620.0,1.0000789764966502,14.209353319244416,7,14,60.0,5.0,0.5176470588235295,0.2556184001474059
2,-5.0,R,620.0,1.0000789764966502,14.209353319244416,7,15,60.0,5.0,0.4627450980392157,0.23813039630387822
2,-5.0,R,620.0,1.0000789764966502,14.209353319244416,7,16,60.0,5.0,0.47058823529411764,0.2406325369904614
2,-5.0,R,620.0,1.0000789764966502,14.209353319244416,7,17,60.0,5.0,0.47058823529411764,0.2406325369904614
2,-5.0,R,620.0,1.0000789764966502,14.209353319244416,7,18,60.0,5.0,0.5372549019607843,0.26186960369612183
2,-5.0,R,620.0,1.0000789764966502,14.209353319244416,7,19,60.0,5.0,0.4588235294117647,0.23687826177997542
2,-5.0,R,620.0,1.0000789764966502,14.209353319244416,7,20,60.0,5.0,0.5529411764705883,0.2668833473847134
2,-5.0,R,620.0,1.0000789764966502,14.209353319244416,7,21,60.0,5.0,0.5372549019607843,0.26186960369612183
2,-5.0,R,620.0,1.0000789764966502,14.209353319244416,7,22,60.0,5.0,0.592156862745098,0.2795031214917875
2,-5.0,R,620.0,1.0000789764966502,14.209353319244416,7,23,60.0,5.0,0.30196078431372547,0.1851854165236684
2,-5.0,R,620.0,1.0000789764966502,14.209353319244416,7,24,60.0,5.0,0.4823529411764706,0.24438159985259414
2,-5.0,R,620.0,1.0000789764966502,14.209353319244416,7,25,60.0,5.0,0.6235294117647059,0.28973204586090356
2,-5.0,R,620.0,1.0000789764966502,14.209353319244416,7,26,60.0,5.0,0.3843137254901961,0.2128391863481819
2,-5.0,R,620.0,1.0000789764966502,14.209353319244416,7,27,60.0,5.0,0.0,0.0
2,-5.0,R,620.0,1.0000789764966502,14.209353319244416,7,28,60.0,5.0,0.011764705882352941,0.0345936127618576
2,-5.0,R,620.0,1.0000789764966502,14.209353319244416,7,29,60.0,5.0,0.00392156862745098,0.01994638965273254
2,-5.0,R,620.0,1.0000789764966502,14.209353319244416,7,30,60.0,5.0,0.0,0.0
2,-5.0,R,620.0,1.0000789764966502,14.209353319244416,7,31,60.0,5.0,0.0,0.0
2,-5.0,R,620.0,1.0000789764966502,14.209353319244416,7,32,60.0,5.0,0.0,0.0
2,-5.0,R,620.0,1.0000789764966502,14.209353319244416,7,33,60.0,5.0,0.0,0.0
2,-5.0,R,620.0,1.0000789764966502,14.209353319244416,7,34,60.0,5.0,0.0,0.0
2,-5.0,R,620.0,1.0000789764966502,14.209353319244416,7,35,60.0,5.0,0.0,0.0
2,-5.0,R,620.0,1.0000789764966502,14.209353319244416,8,0,60.0,5.0,0.0,0.0
2,-5.0,R,620.0,1.0000789764966502,14.209353319244416,8,1,60.0,5.0,0.0,0.0
2,-5.0,R,620.0,1.0000789764966502,14.209353319244416,8,2,60.0,5.0,0.058823529411764705,0.07797913037736934
2,-5.0,R,620.0,1.0000789764966502,14.209353319244416,8,3,60.0,5.0,0.24705882352941178,0.16558349319631221
2,-5.0,R,620.0,1.0000789764966502,14.209353319244416,8,4,60.0,5.0,0.11764705882352941,0.11144213027334762
2,-5.0,R,620.0,1.0000789764966502,14.209353319244416,8,5,60.0,5.0,0.3254901960784314,0.19325732867442041
2,-5.0,R,620.0,1.0000789764966502,14.209353319244416,8,6,60.0,5.0,0.24705882352941178,0.16558349319631221
2,-5.0,R,620.0,1.0000789764966502,14.209353319244416,8,7,60.0,5.0,0.6784313725490196,0.308076808304903
2,-5.0,R,620.0,1.0000789764966502,14.209353319244416,8,8,60.0,5.0,0.9725490196078431,0.44701702589053177
2,-5.0,R,620.0,1.0000789764966502,14.209353319244416,8,9,60.0,5.0,0.44313725490196076,0.23186078127719867
2,-5.0,R,620.0,1.0000789764966502,14.209353319244416,8,10,60.0,5.0,0.10196078431372549,0.10345212448837855
2,-5.0,R,620.0,1.0000789764966502,14.209353319244416,8,11,60.0,5.0,0.047058823529411764,0.06960448727306395
2,-5.0,R,620.0,1.0000789764966502,14.209353319244416,8,12,60.0,5.0,0.3176470588235294,0.19058476853837517
2,-5.0,R,620.0,1.0000789764966502,14.209353319244416,8,13,60.0,5.0,0.41568627450980394,0.22303326182108058
2,-5.0,R,620.0,1.0000789764966502,14.209353319244416,8,14,60.0,5.0,0.3803921568627451,0.21155484953700343
2,-5.0,R,620.0,1.0000789764966502,14.209353319244416,8,15,60.0,5.0,0.4235294117647059,0.2255627480278026
2,-5.0,R,620.0,1.0000789764966502,14.209353319244416,8,16,60.0,5.0,0.3843137254901961,0.2128391863481819
2,-5.0,R,620.0,1.0000789764966502,14.209353319244416,8,17,60.0,5.0,0.3568627450980392,0.20379153547696685
2,-5.0,R,620.0,1.0000789764966502,14.209353319244416,8,18,60.0,5.0,0.34901960784313724,0.20117941526475813
2,-5.0,R,620.0,1.0000789764966502,14.209353319244416,8,19,60.0,5.0,0.44313725490196076,0.23186078127719867
2,-5.0,R,620.0,1.0000789764966502,14.209353319244416,8,20,60.0,5.0,0.4823529411764706,0.24438159985259414
2,-5.0,R,620.0,1.0000789764966502,14.209353319244416,8,21,60.0,5.0,0.3568627450980392,0.20379153547696685
2,-5.0,R,620.0,1.0000789764966502,14.209353319244416,8,22,60.0,5.0,0.47843137254901963,0.24313236161726806
2,-5.0,R,620.0,1.0000789764966502,14.209353319244416,8,23,60.0,5.0,0.19607843137254902,0.14601747052853942
2,-5.0,R,620.0,1.0000789764966502,14.209353319244416,8,24,60.0,5.0,0.4,0.21795289157551256
2,-5.0,R,620.0,1.0000789764966502,14.209353319244416,8,25,60.0,5.0,0.48627450980392156,0.24563049188224292
2,-5.0,R,620.0,1.0000789764966502,14.209353319244416,8,26,60.0,5.0,0.20784313725490197,0.15068188153318207
2,-5.0,R,620.0,1.0000789764966502,14.209353319244416,8,27,60.0,5.0,0.011764705882352941,0.0345936127618576
2,-5.0,R,620.0,1.0000789764966502,14.209353319244416,8,28,60.0,5.0,0.00784313725490196,0.028226977679718004
2,-5.0,R,620.0,1.0000789764966502,14.209353319244416,8,29,60.0,5.0,0.0,0.0
2,-5.0,R,620.0,1.0000789764966502,14.209353319244416,8,30,60.0,5.0,0.011764705882352941,0.0345936127618576
2,-5.0,R,620.0,1.0000789764966502,14.209353319244416,8,31,60.0,5.0,0.00784313725490196,0.028226977679718004
2,-5.0,R,620.0,1.0000789764966502,14.209353319244416,8,32,60.0,5.0,0.0,0.0
2,-5.0,R,620.0,1.0000789764966502,14.209353319244416,8,33,60.0,5.0,0.0,0.0
2,-5.0,R,620.0,1.0000789764966502,14.209353319244416,8,34,60.0,5.0,0.0,0.0
2,-5.0,R,620.0,1.0000789764966502,14.209353319244416,8,35,60.0,5.0,0.0,0.0
2,-5.0,R,620.0,1.0000789764966502,14.209353319244416,9,0,60.0,5.0,0.0,0.0
2,-5.0,R,620.0,1.0000789764966502,14.209353319244416,9,1,60.0,5.0,0.0,0.0
2,-5.0,R,620.0,1.0000789764966502,14.209353319244416,9,2,60.0,5.0,0.047058823529411764,0.06960448727306395
2,-5.0,R,620.0,1.0000789764966502,14.209353319244416,9,3,60.0,5.0,0.1843137254901961,0.14124594593397474
2,-5.0,R,620.0,1.0000789764966502,14.209353319244416,9,4,60.0,5.0,0.1568627450980392,0.12962243684422406
2,-5.0,R,620.0,1.0000789764966502,14.209353319244416,9,5,60.0,5.0,0.17647058823529413,0.13799940258341492
2,-5.0,R,620.0,1.0000789764966502,14.209353319244416,9,6,60.0,5.0,0.13333333333333333,0.11898174462796458
2,-5.0,R,620.0,1.0000789764966502,14.209353319244416,9,7,60.0,5.0,0.5529411764705883,0.2668833473847134
2,-5.0,R,620.0,1.0000789764966502,14.209353319244416,9,8,60.0,5.0,0.796078431372549,0.35086170993764915
2,-5.0,R,620.0,1.0000789764966502,14.209353319244416,9,9,60.0,5.0,0.596078431372549,0.2807741196509589
2,-5.0,R,620.0,1.0000789764966502,14.209353319244416,9,10,60.0,5.0,0.27450980392156865,0.17553721581099607
2,-5.0,R,620.0,1.0000789764966502,14.209353319244416,9,11,60.0,5.0,0.03529411764705882,0.060157486757451334
2,-5.0,R,620.0,1.0000789764966502,14.209353319244416,9,12,60.0,5.0,0.0,0.0
2,-5.0,R,620.0,1.0000789764966502,14.209353319244416,9,13,60.0,5.0,0.0,0.0
2,-5.0,R,620.0,1.0000789764966502,14.209353319244416,9,14,60.0,5.0,0.0,0.0
2,-5.0,R,620.0,1.0000789764966502,14.209353319244416,9,15,60.0,5.0,0.0,0.0
2,-5.0,R,620.0,1.0000789764966502,14.209353319244416,9,16,60.0,5.0,0.0,0.0
2,-5.0,R,620.0,1.0000789764966502,14.209353319244416,9,17,60.0,5.0,0.047058823529411764,0.06960448727306395
2,-5.0,R,620.0,1.0000789764966502,14.209353319244416,9,18,60.0,5.0,0.06274509803921569,0.08059162758159863
2,-5.0,R,620.0,1.0000789764966502,14.209353319244416,9,19,60.0,5.0,0.0,0.0
2,-5.0,R,620.0,1.0000789764966502,14.209353319244416,9,20,60.0,5.0,0.0,0.0
2,-5.0,R,620.0,1.0000789764966502,14.209353319244416,9,21,60.0,5.0,0.027450980392156862,0.05298297410946823
2,-5.0,R,620.0,1.0000789764966502,14.209353319244416,9,22,60.0,5.0,0.03137254901960784,0.05667903330417266
2,-5.0,R,620.0,1.0000789764966502,14.209353319244416,9,23,60.0,5.0,0.0,0.0
2,-5.0,R,620.0,1.0000789764966502,14.209353319244416,9,24,60.0,5.0,0.00784313725490196,0.028226977679718004
2,-5.0,R,620.0,1.0000789764966502,14.209353319244416,9,25,60.0,5.0,0.0,0.0
2,-5.0,R,620.0,1.0000789764966502,14.209353319244416,9,26,60.0,5.0,0.0,0.0
2,-5.0,R,620.0,1.0000789764966502,14.209353319244416,9,27,60.0,5.0,0.0,0.0
2,-5.0,R,620.0,1.0000789764966502,14.209353319244416,9,28,60.0,5.0,0.0,0.0
2,-5.0,R,620.0,1.0000789764966502,14.209353319244416,9,29,60.0,5.0,0.03529411764705882,0.060157486757451334
2,-5.0,R,620.0,1.0000789764966502,14.209353319244416,9,30,60.0,5.0,0.0,0.0
2,-5.0,R,620.0,1.0000789764966502,14.209353319244416,9,31,60.0,5.0,0.0,0.0
2,-5.0,R,620.0,1.0000789764966502,14.209353319244416,9,32,60.0,5.0,0.0,0.0
2,-5.0,R,620.0,1.0000789764966502,14.209353319244416,9,33,60.0,5.0,0.0,0.0
2,-5.0,R,620.0,1.0000789764966502,14.209353319244416,9,34,60.0,5.0,0.0,0.0
2,-5.0,R,620.0,1.0000789764966502,14.209353319244416,9,35,60.0,5.0,0.0,0.0
2,-5.0,R,620.0,1.0000789764966502,14.209353319244416,10,0,60.0,5.0,0.0,0.0
2,-5.0,R,620.0,1.0000789764966502,14.209353319244416,10,1,60.0,5.0,0.0,0.0
2,-5.0,R,620.0,1.0000789764966502,14.209353319244416,10,2,60.0,5.0,0.0,0.0
2,-5.0,R,620.0,1.0000789764966502,14.209353319244416,10,3,60.0,5.0,0.23137254901960785,0.1597306585446781
2,-5.0,R,620.0,1.0000789764966502,14.209353319244416,10,4,60.0,5.0,0.19607843137254902,0.14601747052853942
2,-5.0,R,620.0,1.0000789764966502,14.209353319244416,10,5,60.0,5.0,0.17647058823529413,0.13799940258341492
2,-5.0,R,620.0,1.0000789764966502,14.209353319244416,10,6,60.0,5.0,0.2,0.1475836176504333
2,-5.0,R,620.0,1.0000789764966502,14.209353319244416,10,7,60.0,5.0,0.14901960784313725,0.12615408206482107
2,-5.0,R,620.0,1.0000789764966502,14.209353319244416,10,8,60.0,5.0,0.4470588235294118,0.23311665261528658
2,-5.0,R,620.0,1.0000789764966502,14.209353319244416,10,9,60.0,5.0,0.4745098039215686,0.24188269985040858
2,-5.0,R,620.0,1.0000789764966502,14.209353319244416,10,10,60.0,5.0,0.1803921568627451,0.13962955546331615
2,-5.0,R,620.0,1.0000789764966502,14.209353319244416,10,11,60.0,5.0,0.21176470588235294,0.1522147678661474
2,-5.0,R,620.0,1.0000789764966502,14.209353319244416,10,12,60.0,5.0,0.19215686274509805,0.14443943567870407
2,-5.0,R,620.0,1.0000789764966502,14.209353319244416,10,13,60.0,5.0,0.2627450980392157,0.17131267163863242
2,-5.0,R,620.0,1.0000789764966502,14.209353319244416,10,14,60.0,5.0,0.17254901960784313,0.13635495410892096
2,-5.0,R,620.0,1.0000789764966502,14.209353319244416,10,15,60.0,5.0,0.1843137254901961,0.14124594593397474
2,-5.0,R,620.0,1.0000789764966502,14.209353319244416,10,16,60.0,5.0,0.21176470588235294,0.1522147678661474
2,-5.0,R,620.0,1.0000789764966502,14.209353319244416,10,17,60.0,5.0,0.3686274509803922,0.2076860858214986
2,-5.0,R,620.0,1.0000789764966502,14.209353319244416,10,18,60.0,5.0,0.403921568627451,0.21922588034904109
2,-5.0,R,620.0,1.0000789764966502,14.209353319244416,10,19,60.0,5.0,0.20784313725490197,0.15068188153318207
2,-5.0,R,620.0,1.0000789764966502,14.209353319244416,10,20,60.0,5.0,0.19607843137254902,0.14601747052853942
2,-5.0,R,620.0,1.0000789764966502,14.209353319244416,10,21,60.0,5.0,0.4117647058823529,0.22176597605076812
2,-5.0,R,620.0,1.0000789764966502,14.209353319244416,10,22,60.0,5.0,0.2235294117647059,0.1567527086383188
2,-5.0,R,620.0,1.0000789764966502,14.209353319244416,10,23,60.0,5.0,0.4666666666666667,0.23938179519646016
2,-5.0,R,620.0,1.0000789764966502,14.209353319244416,10,24,60.0,5.0,0.5647058823529412,0.2706544493931912
2,-5.0,R,620.0,1.0000789764966502,14.209353319244416,10,25,60.0,5.0,0.3686274509803922,0.2076860858214986
2,-5.0,R,620.0,1.0000789764966502,14.209353319244416,10,26,60.0,5.0,0.25098039215686274,0.16702677744422859
2,-5.0,R,620.0,1.0000789764966502,14.209353319244416,10,27,60.0,5.0,0.27058823529411763,0.17413550547828363
2,-5.0,R,620.0,1.0000789764966502,14.209353319244416,10,28,60.0,5.0,0.32941176470588235,0.19458731326097745
2,-5.0,R,620.0,1.0000789764966502,14.209353319244416,10,29,60.0,5.0,0.4117647058823529,0.22176597605076812
2,-5.0,R,620.0,1.0000789764966502,14.209353319244416,10,30,60.0,5.0,0.27450980392156865,0.17553721581099607
2,-5.0,R,620.0,1.0000789764966502,14.209353319244416,10,31,60.0,5.0,0.24705882352941178,0.16558349319631221
2,-5.0,R,620.0,1.0000789764966502,14.209353319244416,10,32,60.0,5.0,0.011764705882352941,0.0345936127618576
2,-5.0,R,620.0,1.0000789764966502,14.209353319244416,10,33,60.0,5.0,0.0,0.0
2,-5.0,R,620.0,1.0000789764966502,14.209353319244416,10,34,60.0,5.0,0.0,0.0
2,-5.0,R,620.0,1.0000789764966502,14.209353319244416,10,35,60.0,5.0,0.0,0.0
2,-5.0,R,620.0,1.0000789764966502,14.209353319244416,11,0,60.0,5.0,0.0,0.0
2,-5.0,R,620.0,1.0000789764966502,14.209353319244416,11,1,60.0,5.0,0.0,0.0
2,-5.0,R,620.0,1.0000789764966502,14.209353319244416,11,2,60.0,5.0,0.0,0.0
2,-5.0,R,620.0,1.0000789764966502,14.209353319244416,11,3,60.0,5.0,0.00784313725490196,0.028226977679718004
2,-5.0,R,620.0,1.0000789764966502,14.209353319244416,11,4,60.0,5.0,0.11372549019607843,0.10949071206008622
2,-5.0,R,620.0,1.0000789764966502,14.209353319244416,11,5,60.0,5.0,0.10196078431372549,0.10345212448837855
2,-5.0,R,620.0,1.0000789764966502,14.209353319244416,11,6,60.0,5.0,0.12156862745098039,0.11336555669651052
2,-5.0,R,620.0,1.0000789764966502,14.209353319244416,11,7,60.0,5.0,0.13725490196078433,0.12080655096397991
2,-5.0,R,620.0,1.0000789764966502,14.209353319244416,11,8,60.0,5.0,0.40784313725490196,0.2204968785082125
2,-5.0,R,620.0,1.0000789764966502,14.209353319244416,11,9,60.0,5.0,0.6666666666666666,0.3040867239846963
2,-5.0,R,620.0,1.0000789764966502,14.209353319244416,11,10,60.0,5.0,0.43529411764705883,0.22934555060680878
2,-5.0,R,620.0,1.0000789764966502,14.209353319244416,11,11,60.0,5.0,0.0,0.0
2,-5.0,R,620.0,1.0000789764966502,14.209353319244416,11,12,60.0,5.0,0.4117647058823529,0.22176597605076812
2,-5.0,R,620.0,1.0000789764966502,14.209353319244416,11,13,60.0,5.0,0.5450980392156862,0.2643746873214314
2,-5.0,R,620.0,1.0000789764966502,14.209353319244416,11,14,60.0,5.0,0.45098039215686275,0.2343714695941511
2,-5.0,R,620.0,1.0000789764966502,14.209353319244416,11,15,60.0,5.0,0.5450980392156862,0.2643746873214314
2,-5.0,R,620.0,1.0000789764966502,14.209353319244416,11,16,60.0,5.0,0.5294117647058824,0.2593674630095386
2,-5.0,R,620.0,1.0000789764966502,14.209353319244416,11,17,60.0,5.0,0.5137254901960784,0.25436950811775705
2,-5.0,R,620.0,1.0000789764966502,14.209353319244416,11,18,60.0,5.0,0.5137254901960784,0.25436950811775705
2,-5.0,R,620.0,1.0000789764966502,14.209353319244416,11,19,60.0,5.0,0.6078431372549019,0.28459942396084814
2,-5.0,R,620.0,1.0000789764966502,14.209353319244416,11,20,60.0,5.0,0.5843137254901961,0.2769667381789195
2,-5.0,R,620.0,1.0000789764966502,14.209353319244416,11,21,60.0,5.0,0.5333333333333333,0.26061820480353987
2,-5.0,R,620.0,1.0000789764966502,14.209353319244416,11,22,60.0,5.0,0.2196078431372549,0.15524984546857312
2,-5.0,R,620.0,1.0000789764966502,14.209353319244416,11,23,60.0,5.0,0.5882352941176471,0.2782340239492319
2,-5.0,R,620.0,1.0000789764966502,14.209353319244416,11,24,60.0,5.0,0.5019607843137255,0.2506241386314801
2,-5.0,R,620.0,1.0000789764966502,14.209353319244416,11,25,60.0,5.0,0.5647058823529412,0.2706544493931912
2,-5.0,R,620.0,1.0000789764966502,14.209353319244416,11,26,60.0,5.0,0.6941176470588235,0.3134576075771592
2,-5.0,R,620.0,1.0000789764966502,14.209353319244416,11,27,60.0,5.0,0.5372549019607843,0.26186960369612183
2,-5.0,R,620.0,1.0000789764966502,14.209353319244416,11,28,60.0,5.0,0.5647058823529412,0.2706544493931912
2,-5.0,R,620.0,1.0000789764966502,14.209353319244416,11,29,60.0,5.0,0.6666666666666666,0.3040867239846963
2,-5.0,R,620.0,1.0000789764966502,14.209353319244416,11,30,60.0,5.0,0.43137254901960786,0.22808602713867193
2,-5.0,R,620.0,1.0000789764966502,14.209353319244416,11,31,60.0,5.0,0.5215686274509804,0.25686763838273197
2,-5.0,R,620.0,1.0000789764966502,14.209353319244416,11,32,60.0,5.0,0.10196078431372549,0.10345212448837855
2,-5.0,R,620.0,1.0000789764966502,14.209353319244416,11,33,60.0,5.0,0.00392156862745098,0.01994638965273254
2,-5.0,R,620.0,1.0000789764966502,14.209353319244416,11,34,60.0,5.0,0.00392156862745098,0.01994638965273254
2,-5.0,R,620.0,1.0000789764966502,14.209353319244416,11,35,60.0,5.0,0.0,0.0
2,-5.0,R,620.0,1.0000789764966502,14.209353319244416,12,0,60.0,5.0,0.0,0.0
2,-5.0,R,620.0,1.0000789764966502,14.209353319244416,12,1,60.0,5.0,0.0,0.0
2,-5.0,R,620.0,1.0000789764966502,14.209353319244416,12,2,60.0,5.0,0.0,0.0
2,-5.0,R,620.0,1.0000789764966502,14.209353319244416,12,3,60.0,5.0,0.0,0.0
2,-5.0,R,620.0,1.0000789764966502,14.209353319244416,12,4,60.0,5.0,0.0,0.0
2,-5.0,R,620.0,1.0000789764966502,14.209353319244416,12,5,60.0,5.0,0.054901960784313725,0.0752836212383225
2,-5.0,R,620.0,1.0000789764966502,14.209353319244416,12,6,60.0,5.0,0.14901960784313725,0.12615408206482107
2,-5.0,R,620.0,1.0000789764966502,14.209353319244416,12,7,60.0,5.0,0.16470588235294117,0.1330208851941153
2,-5.0,R,620.0,1.0000789764966502,14.209353319244416,12,8,60.0,5.0,0.3764705882352941,0.2102679541390965
2,-5.0,R,620.0,1.0000789764966502,14.209353319244416,12,9,60.0,5.0,0.6588235294117647,0.3014463569594737
2,-5.0,R,620.0,1.0000789764966502,14.209353319244416,12,10,60.0,5.0,0.10196078431372549,0.10345212448837855
2,-5.0,R,620.0,1.0000789764966502,14.209353319244416,12,11,60.0,5.0,0.00392156862745098,0.01994638965273254
2,-5.0,R,620.0,1.0000789764966502,14.209353319244416,12,12,60.0,5.0,0.2627450980392157,0.17131267163863242
2,-5.0,R,620.0,1.0000789764966502,14.209353319244416,12,13,60.0,5.0,0.3333333333333333,0.19591327601530364
2,-5.0,R,620.0,1.0000789764966502,14.209353319244416,12,14,60.0,5.0,0.45098039215686275,0.2343714695941511
2,-5.0,R,620.0,1.0000789764966502,14.209353319244416,12,15,60.0,5.0,0.33725490196078434,0.19723534442367363
2,-5.0,R,620.0,1.0000789764966502,14.209353319244416,12,16,60.0,5.0,0.4117647058823529,0.22176597605076812
2,-5.0,R,620.0,1.0000789764966502,14.209353319244416,12,17,60.0,5.0,0.24705882352941178,0.16558349319631221
2,-5.0,R,620.0,1.0000789764966502,14.209353319244416,12,18,60.0,5.0,0.24705882352941178,0.16558349319631221
2,-5.0,R,620.0,1.0000789764966502,14.209353319244416,12,19,60.0,5.0,0.27450980392156865,0.17553721581099607
2,-5.0,R,620.0,1.0000789764966502,14.209353319244416,12,20,60.0,5.0,0.23529411764705882,0.1612063368033418
2,-5.0,R,620.0,1.0000789764966502,14.209353319244416,12,21,60.0,5.0,0.3137254901960784,0.18924192203775808
2,-5.0,R,620.0,1.0000789764966502,14.209353319244416,12,22,60.0,5.0,0.09803921568627451,0.10137157388840211
2,-5.0,R,620.0,1.0000789764966502,14.209353319244416,12,23,60.0,5.0,0.16470588235294117,0.1330208851941153
2,-5.0,R,620.0,1.0000789764966502,14.209353319244416,12,24,60.0,5.0,0.07450980392156863,0.08800426979263411
2,-5.0,R,620.0,1.0000789764966502,14.209353319244416,12,25,60.0,5.0,0.25098039215686274,0.16702677744422859
2,-5.0,R,620.0,1.0000789764966502,14.209353319244416,12,26,60.0,5.0,0.3843137254901961,0.2128391863481819
2,-5.0,R,620.0,1.0000789764966502,14.209353319244416,12,27,60.0,5.0,0.27058823529411763,0.17413550547828363
2,-5.0,R,620.0,1.0000789764966502,14.209353319244416,12,28,60.0,5.0,0.2823529411764706,0.17832219301287253
2,-5.0,R,620.0,1.0000789764966502,14.209353319244416,12,29,60.0,5.0,0.2196078431372549,0.15524984546857312
2,-5.0,R,620.0,1.0000789764966502,14.209353319244416,12,30,60.0,5.0,0.25098039215686274,0.16702677744422859
2,-5.0,R,620.0,1.0000789764966502,14.209353319244416,12,31,60.0,5.0,0.2980392156862745,0.18382343133011075
2,-5.0,R,620.0,1.0000789764966502,14.209353319244416,12,32,60.0,5.0,0.06666666666666667,0.08312898574059512
2,-5.0,R,620.0,1.0000789764966502,14.209353319244416,12,33,60.0,5.0,0.0,0.0
2,-5.0,R,620.0,1.0000789764966502,14.209353319244416,12,34,60.0,5.0,0.00392156862745098,0.01994638965273254
2,-5.0,R,620.0,1.0000789764966502,14.209353319244416,12,35,60.0,5.0,0.0,0.0
2,-5.0,R,620.0,1.0000789764966502,14.209353319244416,13,0,60.0,5.0,0.0,0.0
2,-5.0,R,620.0,1.0000789764966502,14.209353319244416,13,1,60.0,5.0,0.0,0.0
2,-5.0,R,620.0,1.0000789764966502,14.209353319244416,13,2,60.0,5.0,0.0,0.0
2,-5.0,R,620.0,1.0000789764966502,14.209353319244416,13,3,60.0,5.0,0.0,0.0
2,-5.0,R,620.0,1.0000789764966502,14.209353319244416,13,4,60.0,5.0,0.00392156862745098,0.01994638965273254
2,-5.0,R,620.0,1.0000789764966502,14.209353319244416,13,5,60.0,5.0,0.027450980392156862,0.05298297410946823
2,-5.0,R,620.0,1.0000789764966502,14.209353319244416,13,6,60.0,5.0,0.03137254901960784,0.05667903330417266
2,-5.0,R,620.0,1.0000789764966502,14.209353319244416,13,7,60.0,5.0,0.058823529411764705,0.07797913037736934
2,-5.0,R,620.0,1.0000789764966502,14.209353319244416,13,8,60.0,5.0,0.2627450980392157,0.17131267163863242
2,-5.0,R,620.0,1.0000789764966502,14.209353319244416,13,9,60.0,5.0,0.23921568627450981,0.16267352538779695
2,-5.0,R,620.0,1.0000789764966502,14.209353319244416,13,10,60.0,5.0,0.0,0.0
2,-5.0,R,620.0,1.0000789764966502,14.209353319244416,13,11,60.0,5.0,0.00392156862745098,0.01994638965273254
2,-5.0,R,620.0,1.0000789764966502,14.209353319244416,13,12,60.0,5.0,0.0,0.0
2,-5.0,R,620.0,1.0000789764966502,14.209353319244416,13,13,60.0,5.0,0.0,0.0
2,-5.0,R,620.0,1.0000789764966502,14.209353319244416,13,14,60.0,5.0,0.058823529411764705,0.07797913037736934
2,-5.0,R,620.0,1.0000789764966502,14.209353319244416,13,15,60.0,5.0,0.01568627450980392,0.03997164583041206
2,-5.0,R,620.0,1.0000789764966502,14.209353319244416,13,16,60.0,5.0,0.03529411764705882,0.060157486757451334
2,-5.0,R,620.0,1.0000789764966502,14.209353319244416,13,17,60.0,5.0,0.0,0.0
2,-5.0,R,620.0,1.0000789764966502,14.209353319244416,13,18,60.0,5.0,0.0,0.0
2,-5.0,R,620.0,1.0000789764966502,14.209353319244416,13,19,60.0,5.0,0.0,0.0
2,-5.0,R,620.0,1.0000789764966502,14.209353319244416,13,20,60.0,5.0,0.0,0.0
2,-5.0,R,620.0,1.0000789764966502,14.209353319244416,13,21,60.0,5.0,0.0,0.0
2,-5.0,R,620.0,1.0000789764966502,14.209353319244416,13,22,60.0,5.0,0.0,0.0
2,-5.0,R,620.0,1.0000789764966502,14.209353319244416,13,23,60.0,5.0,0.0,0.0
2,-5.0,R,620.0,1.0000789764966502,14.209353319244416,13,24,60.0,5.0,0.0,0.0
2,-5.0,R,620.0,1.0000789764966502,14.209353319244416,13,25,60.0,5.0,0.0,0.0
2,-5.0,R,620.0,1.0000789764966502,14.209353319244416,13,26,60.0,5.0,0.03137254901960784,0.05667903330417266
2,-5.0,R,620.0,1.0000789764966502,14.209353319244416,13,27,60.0,5.0,0.00784313725490196,0.028226977679718004
2,-5.0,R,620.0,1.0000789764966502,14.209353319244416,13,28,60.0,5.0,0.0,0.0
2,-5.0,R,620.0,1.0000789764966502,14.209353319244416,13,29,60.0,5.0,0.0,0.0
2,-5.0,R,620.0,1.0000789764966502,14.209353319244416,13,30,60.0,5.0,0.0,0.0
2,-5.0,R,620.0,1.0000789764966502,14.209353319244416,13,31,60.0,5.0,0.0,0.0
2,-5.0,R,620.0,1.0000789764966502,14.209353319244416,13,32,60.0,5.0,0.0,0.0
2,-5.0,R,620.0,1.0000789764966502,14.209353319244416,13,33,60.0,5.0,0.0,0.0
2,-5.0,R,620.0,1.0000789764966502,14.209353319244416,13,34,60.0,5.0,0.0,0.0
2,-5.0,R,620.0,1.0000789764966502,14.209353319244416,13,35,60.0,5.0,0.0,0.0
2,-5.0,R,620.0,1.0000789764966502,14.209353319244416,14,0,60.0,5.0,0.0,0.0
2,-5.0,R,620.0,1.0000789764966502,14.209353319244416,14,1,60.0,5.0,0.0,0.0
2,-5.0,R,620.0,1.0000789764966502,14.209353319244416,14,2,60.0,5.0,0.0,0.0
2,-5.0,R,620.0,1.0000789764966502,14.209353319244416,14,3,60.0,5.0,0.0,0.0
2,-5.0,R,620.0,1.0000789764966502,14.209353319244416,14,4,60.0,5.0,0.0,0.0
2,-5.0,R,620.0,1.0000789764966502,14.209353319244416,14,5,60.0,5.0,0.0,0.0
2,-5.0,R,620.0,1.0000789764966502,14.209353319244416,14,6,60.0,5.0,0.0,0.0
2,-5.0,R,620.0,1.0000789764966502,14.209353319244416,14,7,60.0,5.0,0.00392156862745098,0.01994638965273254
2,-5.0,R,620.0,1.0000789764966502,14.209353319244416,14,8,60.0,5.0,0.0,0.0
2,-5.0,R,620.0,1.0000789764966502,14.209353319244416,14,9,60.0,5.0,0.0,0.0
2,-5.0,R,620.0,1.0000789764966502,14.209353319244416,14,10,60.0,5.0,0.00392156862745098,0.01994638965273254
2,-5.0,R,620.0,1.0000789764966502,14.209353319244416,14,11,60.0,5.0,0.0,0.0
2,-5.0,R,620.0,1.0000789764966502,14.209353319244416,14,12,60.0,5.0,0.00784313725490196,0.028226977679718004
2,-5.0,R,620.0,1.0000789764966502,14.209353319244416,14,13,60.0,5.0,0.00392156862745098,0.01994638965273254
2,-5.0,R,620.0,1.0000789764966502,14.209353319244416,14,14,60.0,5.0,0.0,0.0
2,-5.0,R,620.0,1.0000789764966502,14.209353319244416,14,15,60.0,5.0,0.0,0.0
2,-5.0,R,620.0,1.0000789764966502,14.209353319244416,14,16,60.0,5.0,0.0,0.0
2,-5.0,R,620.0,1.0000789764966502,14.209353319244416,14,17,60.0,5.0,0.00784313725490196,0.028226977679718004
2,-5.0,R,620.0,1.0000789764966502,14.209353319244416,14,18,60.0,5.0,0.00784313725490196,0.028226977679718004
2,-5.0,R,620.0,1.0000789764966502,14.209353319244416,14,19,60.0,5.0,0.00784313725490196,0.028226977679718004
2,-5.0,R,620.0,1.0000789764966502,14.209353319244416,14,20,60.0,5.0,0.00784313725490196,0.028226977679718004
2,-5.0,R,620.0,1.0000789764966502,14.209353319244416,14,21,60.0,5.0,0.00784313725490196,0.028226977679718004
2,-5.0,R,620.0,1.0000789764966502,14.209353319244416,14,22,60.0,5.0,0.00392156862745098,0.01994638965273254
2,-5.0,R,620.0,1.0000789764966502,14.209353319244416,14,23,60.0,5.0,0.00392156862745098,0.01994638965273254
2,-5.0,R,620.0,1.0000789764966502,14.209353319244416,14,24,60.0,5.0,0.00392156862745098,0.01994638965273254
2,-5.0,R,620.0,1.0000789764966502,14.209353319244416,14,25,60.0,5.0,0.00784313725490196,0.028226977679718004
2,-5.0,R,620.0,1.0000789764966502,14.209353319244416,14,26,60.0,5.0,0.0,0.0
2,-5.0,R,620.0,1.0000789764966502,14.209353319244416,14,27,60.0,5.0,0.0,0.0
2,-5.0,R,620.0,1.0000789764966502,14.209353319244416,14,28,60.0,5.0,0.00784313725490196,0.028226977679718004
2,-5.0,R,620.0,1.0000789764966502,14.209353319244416,14,29,60.0,5.0,0.00784313725490196,0.028226977679718004
2,-5.0,R,620.0,1.0000789764966502,14.209353319244416,14,30,60.0,5.0,0.00784313725490196,0.028226977679718004
2,-5.0,R,620.0,1.0000789764966502,14.209353319244416,14,31,60.0,5.0,0.00784313725490196,0.028226977679718004
2,-5.0,R,620.0,1.0000789764966502,14.209353319244416,14,32,60.0,5.0,0.00392156862745098,0.01994638965273254
2,-5.0,R,620.0,1.0000789764966502,14.209353319244416,14,33,60.0,5.0,0.0,0.0
2,-5.0,R,620.0,1.0000789764966502,14.209353319244416,14,34,60.0,5.0,0.0,0.0
2,-5.0,R,620.0,1.0000789764966502,14.209353319244416,14,35,60.0,5.0,0.0,0.0
2,-5.0,R,620.0,1.0000789764966502,14.209353319244416,15,0,60.0,5.0,0.0,0.0
2,-5.0,R,620.0,1.0000789764966502,14.209353319244416,15,1,60.0,5.0,0.0,0.0
2,-5.0,R,620.0,1.0000789764966502,14.209353319244416,15,2,60.0,5.0,0.0,0.0
2,-5.0,R,620.0,1.0000789764966502,14.209353319244416,15,3,60.0,5.0,0.0,0.0
2,-5.0,R,620.0,1.0000789764966502,14.209353319244416,15,4,60.0,5.0,0.0,0.0
2,-5.0,R,620.0,1.0000789764966502,14.209353319244416,15,5,60.0,5.0,0.0,0.0
2,-5.0,R,620.0,1.0000789764966502,14.209353319244416,15,6,60.0,5.0,0.0,0.0
2,-5.0,R,620.0,1.0000789764966502,14.209353319244416,15,7,60.0,5.0,0.0,0.0
2,-5.0,R,620.0,1.0000789764966502,14.209353319244416,15,8,60.0,5.0,0.0,0.0
2,-5.0,R,620.0,1.0000789764966502,14.209353319244416,15,9,60.0,5.0,0.00784313725490196,0.028226977679718004
2,-5.0,R,620.0,1.0000789764966502,14.209353319244416,15,10,60.0,5.0,0.0,0.0
2,-5.0,R,620.0,1.0000789764966502,14.209353319244416,15,11,60.0,5.0,0.0,0.0
2,-5.0,R,620.0,1.0000789764966502,14.209353319244416,15,12,60.0,5.0,0.0,0.0
2,-5.0,R,620.0,1.0000789764966502,14.209353319244416,15,13,60.0,5.0,0.0,0.0
2,-5.0,R,620.0,1.0000789764966502,14.209353319244416,15,14,60.0,5.0,0.00392156862745098,0.01994638965273254
2,-5.0,R,620.0,1.0000789764966502,14.209353319244416,15,15,60.0,5.0,0.0,0.0
2,-5.0,R,620.0,1.0000789764966502,14.209353319244416,15,16,60.0,5.0,0.00392156862745098,0.01994638965273254
2,-5.0,R,620.0,1.0000789764966502,14.209353319244416,15,17,60.0,5.0,0.0,0.0
2,-5.0,R,620.0,1.0000789764966502,14.209353319244416,15,18,60.0,5.0,0.0,0.0
2,-5.0,R,620.0,1.0000789764966502,14.209353319244416,15,19,60.0,5.0,0.0,0.0
2,-5.0,R,620.0,1.0000789764966502,14.209353319244416,15,20,60.0,5.0,0.0,0.0
2,-5.0,R,620.0,1.0000789764966502,14.209353319244416,15,21,60.0,5.0,0.0,0.0
2,-5.0,R,620.0,1.0000789764966502,14.209353319244416,15,22,60.0,5.0,0.0,0.0
2,-5.0,R,620.0,1.0000789764966502,14.209353319244416,15,23,60.0,5.0,0.0,0.0
2,-5.0,R,620.0,1.0000789764966502,14.209353319244416,15,24,60.0,5.0,0.0,0.0
2,-5.0,R,620.0,1.0000789764966502,14.209353319244416,15,25,60.0,5.0,0.0,0.0
2,-5.0,R,620.0,1.0000789764966502,14.209353319244416,15,26,60.0,5.0,0.00392156862745098,0.01994638965273254
2,-5.0,R,620.0,1.0000789764966502,14.209353319244416,15,27,60.0,5.0,0.0,0.0
2,-5.0,R,620.0,1.0000789764966502,14.209353319244416,15,28,60.0,5.0,0.0,0.0
2,-5.0,R,620.0,1.0000789764966502,14.209353319244416,15,29,60.0,5.0,0.0,0.0
2,-5.0,R,620.0,1.0000789764966502,14.209353319244416,15,30,60.0,5.0,0.0,0.0
2,-5.0,R,620.0,1.0000789764966502,14.209353319244416,15,31,60.0,5.0,0.0,0.0
2,-5.0,R,620.0,1.0000789764966502,14.209353319244416,15,32,60.0,5.0,0.0,0.0
2,-5.0,R,620.0,1.0000789764966502,14.209353319244416,15,33,60.0,5.0,0.0,0.0
2,-5.0,R,620.0,1.0000789764966502,14.209353319244416,15,34,60.0,5.0,0.0,0.0
2,-5.0,R,620.0,1.0000789764966502,14.209353319244416,15,35,60.0,5.0,0.0,0.0
2,-5.0,R,620.0,1.0000789764966502,14.209353319244416,16,0,60.0,5.0,0.0,0.0
2,-5.0,R,620.0,1.0000789764966502,14.209353319244416,16,1,60.0,5.0,0.0,0.0
2,-5.0,R,620.0,1.0000789764966502,14.209353319244416,16,2,60.0,5.0,0.0,0.0
2,-5.0,R,620.0,1.0000789764966502,14.209353319244416,16,3,60.0,5.0,0.0,0.0
2,-5.0,R,620.0,1.0000789764966502,14.209353319244416,16,4,60.0,5.0,0.0,0.0
2,-5.0,R,620.0,1.0000789764966502,14.209353319244416,16,5,60.0,5.0,0.0,0.0
2,-5.0,R,620.0,1.0000789764966502,14.209353319244416,16,6,60.0,5.0,0.0,0.0
2,-5.0,R,620.0,1.0000789764966502,14.209353319244416,16,7,60.0,5.0,0.0,0.0
2,-5.0,R,620.0,1.0000789764966502,14.209353319244416,16,8,60.0,5.0,0.0,0.0
2,-5.0,R,620.0,1.0000789764966502,14.209353319244416,16,9,60.0,5.0,0.0,0.0
2,-5.0,R,620.0,1.0000789764966502,14.209353319244416,16,10,60.0,5.0,0.0,0.0
2,-5.0,R,620.0,1.0000789764966502,14.209353319244416,16,11,60.0,5.0,0.0,0.0
2,-5.0,R,620.0,1.0000789764966502,14.209353319244416,16,12,60.0,5.0,0.0,0.0
2,-5.0,R,620.0,1.0000789764966502,14.209353319244416,16,13,60.0,5.0,0.0,0.0
2,-5.0,R,620.0,1.0000789764966502,14.209353319244416,16,14,60.0,5.0,0.0,0.0
2,-5.0,R,620.0,1.0000789764966502,14.209353319244416,16,15,60.0,5.0,0.0,0.0
2,-5.0,R,620.0,1.0000789764966502,14.209353319244416,16,16,60.0,5.0,0.0,0.0
2,-5.0,R,620.0,1.0000789764966502,14.209353319244416,16,17,60.0,5.0,0.0,0.0
2,-5.0,R,620.0,1.0000789764966502,14.209353319244416,16,18,60.0,5.0,0.0,0.0
2,-5.0,R,620.0,1.0000789764966502,14.209353319244416,16,19,60.0,5.0,0.0,0.0
2,-5.0,R,620.0,1.0000789764966502,14.209353319244416,16,20,60.0,5.0,0.0,0.0
2,-5.0,R,620.0,1.0000789764966502,14.209353319244416,16,21,60.0,5.0,0.0,0.0
2,-5.0,R,620.0,1.0000789764966502,14.209353319244416,16,22,60.0,5.0,0.0,0.0
2,-5.0,R,620.0,1.0000789764966502,14.209353319244416,16,23,60.0,5.0,0.0,0.0
2,-5.0,R,620.0,1.0000789764966502,14.209353319244416,16,24,60.0,5.0,0.0,0.0
2,-5.0,R,620.0,1.0000789764966502,14.209353319244416,16,25,60.0,5.0,0.0,0.0
2,-5.0,R,620.0,1.0000789764966502,14.209353319244416,16,26,60.0,5.0,0.0,0.0
2,-5.0,R,620.0,1.0000789764966502,14.209353319244416,16,27,60.0,5.0,0.0,0.0
2,-5.0,R,620.0,1.0000789764966502,14.209353319244416,16,28,60.0,5.0,0.0,0.0
2,-5.0,R,620.0,1.0000789764966502,14.209353319244416,16,29,60.0,5.0,0.0,0.0
2,-5.0,R,620.0,1.0000789764966502,14.209353319244416,16,30,60.0,5.0,0.0,0.0
2,-5.0,R,620.0,1.0000789764966502,14.209353319244416,16,31,60.0,5.0,0.0,0.0
2,-5.0,R,620.0,1.0000789764966502,14.209353319244416,16,32,60.0,5.0,0.0,0.0
2,-5.0,R,620.0,1.0000789764966502,14.209353319244416,16,33,60.0,5.0,0.0,0.0
2,-5.0,R,620.0,1.0000789764966502,14.209353319244416,16,34,60.0,5.0,0.0,0.0
2,-5.0,R,620.0,1.0000789764966502,14.209353319244416,16,35,60.0,5.0,0.0,0.0
2,-5.0,R,620.0,1.0000789764966502,14.209353319244416,17,0,60.0,5.0,0.0,0.0
2,-5.0,R,620.0,1.0000789764966502,14.209353319244416,17,1,60.0,5.0,0.0,0.0
2,-5.0,R,620.0,1.0000789764966502,14.209353319244416,17,2,60.0,5.0,0.0,0.0
2,-5.0,R,620.0,1.0000789764966502,14.209353319244416,17,3,60.0,5.0,0.0,0.0
2,-5.0,R,620.0,1.0000789764966502,14.209353319244416,17,4,60.0,5.0,0.0,0.0
2,-5.0,R,620.0,1.0000789764966502,14.209353319244416,17,5,60.0,5.0,0.0,0.0
2,-5.0,R,620.0,1.0000789764966502,14.209353319244416,17,6,60.0,5.0,0.0,0.0
2,-5.0,R,620.0,1.0000789764966502,14.209353319244416,17,7,60.0,5.0,0.0,0.0
2,-5.0,R,620.0,1.0000789764966502,14.209353319244416,17,8,60.0,5.0,0.0,0.0
2,-5.0,R,620.0,1.0000789764966502,14.209353319244416,17,9,60.0,5.0,0.0,0.0
2,-5.0,R,620.0,1.0000789764966502,14.209353319244416,17,10,60.0,5.0,0.0,0.0
2,-5.0,R,620.0,1.0000789764966502,14.209353319244416,17,11,60.0,5.0,0.0,0.0
2,-5.0,R,620.0,1.0000789764966502,14.209353319244416,17,12,60.0,5.0,0.0,0.0
2,-5.0,R,620.0,1.0000789764966502,14.209353319244416,17,13,60.0,5.0,0.0,0.0
2,-5.0,R,620.0,1.0000789764966502,14.209353319244416,17,14,60.0,5.0,0.0,0.0
2,-5.0,R,620.0,1.0000789764966502,14.209353319244416,17,15,60.0,5.0,0.0,0.0
2,-5.0,R,620.0,1.0000789764966502,14.209353319244416,17,16,60.0,5.0,0.0,0.0
2,-5.0,R,620.0,1.0000789764966502,14.209353319244416,17,17,60.0,5.0,0.0,0.0
2,-5.0,R,620.0,1.0000789764966502,14.209353319244416,17,18,60.0,5.0,0.0,0.0
2,-5.0,R,620.0,1.0000789764966502,14.209353319244416,17,19,60.0,5.0,0.0,0.0
2,-5.0,R,620.0,1.0000789764966502,14.209353319244416,17,20,60.0,5.0,0.0,0.0
2,-5.0,R,620.0,1.0000789764966502,14.209353319244416,17,21,60.0,5.0,0.0,0.0
2,-5.0,R,620.0,1.0000789764966502,14.209353319244416,17,22,60.0,5.0,0.0,0.0
2,-5.0,R,620.0,1.0000789764966502,14.209353319244416,17,23,60.0,5.0,0.0,0.0
2,-5.0,R,620.0,1.0000789764966502,14.209353319244416,17,24,60.0,5.0,0.0,0.0
2,-5.0,R,620.0,1.0000789764966502,14.209353319244416,17,25,60.0,5.0,0.0,0.0
2,-5.0,R,620.0,1.0000789764966502,14.209353319244416,17,26,60.0,5.0,0.0,0.0
2,-5.0,R,620.0,1.0000789764966502,14.209353319244416,17,27,60.0,5.0,0.0,0.0
2,-5.0,R,620.0,1.0000789764966502,14.209353319244416,17,28,60.0,5.0,0.0,0.0
2,-5.0,R,620.0,1.0000789764966502,14.209353319244416,17,29,60.0,5.0,0.0,0.0
2,-5.0,R,620.0,1.0000789764966502,14.209353319244416,17,30,60.0,5.0,0.0,0.0
2,-5.0,R,620.0,1.0000789764966502,14.209353319244416,17,31,60.0,5.0,0.0,0.0
2,-5.0,R,620.0,1.0000789764966502,14.209353319244416,17,32,60.0,5.0,0.0,0.0
2,-5.0,R,620.0,1.0000789764966502,14.209353319244416,17,33,60.0,5.0,0.0,0.0
2,-5.0,R,620.0,1.0000789764966502,14.209353319244416,17,34,60.0,5.0,0.0,0.0
2,-5.0,R,620.0,1.0000789764966502,14.209353319244416,17,35,60.0,5.0,0.0,0.0
2,-5.0,R,620.0,1.0000789764966502,14.209353319244416,18,0,60.0,5.0,0.0,0.0
2,-5.0,R,620.0,1.0000789764966502,14.209353319244416,18,1,60.0,5.0,0.0,0.0
2,-5.0,R,620.0,1.0000789764966502,14.209353319244416,18,2,60.0,5.0,0.0,0.0
2,-5.0,R,620.0,1.0000789764966502,14.209353319244416,18,3,60.0,5.0,0.0,0.0
2,-5.0,R,620.0,1.0000789764966502,14.209353319244416,18,4,60.0,5.0,0.0,0.0
2,-5.0,R,620.0,1.0000789764966502,14.209353319244416,18,5,60.0,5.0,0.0,0.0
2,-5.0,R,620.0,1.0000789764966502,14.209353319244416,18,6,60.0,5.0,0.0,0.0
2,-5.0,R,620.0,1.0000789764966502,14.209353319244416,18,7,60.0,5.0,0.0,0.0
2,-5.0,R,620.0,1.0000789764966502,14.209353319244416,18,8,60.0,5.0,0.0,0.0
2,-5.0,R,620.0,1.0000789764966502,14.209353319244416,18,9,60.0,5.0,0.0,0.0
2,-5.0,R,620.0,1.0000789764966502,14.209353319244416,18,10,60.0,5.0,0.0,0.0
2,-5.0,R,620.0,1.0000789764966502,14.209353319244416,18,11,60.0,5.0,0.0,0.0
2,-5.0,R,620.0,1.0000789764966502,14.209353319244416,18,12,60.0,5.0,0.0,0.0
2,-5.0,R,620.0,1.0000789764966502,14.209353319244416,18,13,60.0,5.0,0.0,0.0
2,-5.0,R,620.0,1.0000789764966502,14.209353319244416,18,14,60.0,5.0,0.0,0.0
2,-5.0,R,620.0,1.0000789764966502,14.209353319244416,18,15,60.0,5.0,0.0,0.0
2,-5.0,R,620.0,1.0000789764966502,14.209353319244416,18,16,60.0,5.0,0.0,0.0
2,-5.0,R,620.0,1.0000789764966502,14.209353319244416,18,17,60.0,5.0,0.0,0.0
2,-5.0,R,620.0,1.0000789764966502,14.209353319244416,18,18,60.0,5.0,0.0,0.0
2,-5.0,R,620.0,1.0000789764966502,14.209353319244416,18,19,60.0,5.0,0.0,0.0
2,-5.0,R,620.0,1.0000789764966502,14.209353319244416,18,20,60.0,5.0,0.0,0.0
2,-5.0,R,620.0,1.0000789764966502,14.209353319244416,18,21,60.0,5.0,0.0,0.0
2,-5.0,R,620.0,1.0000789764966502,14.209353319244416,18,22,60.0,5.0,0.0,0.0
2,-5.0,R,620.0,1.0000789764966502,14.209353319244416,18,23,60.0,5.0,0.0,0.0
2,-5.0,R,620.0,1.0000789764966502,14.209353319244416,18,24,60.0,5.0,0.0,0.0
2,-5.0,R,620.0,1.0000789764966502,14.209353319244416,18,25,60.0,5.0,0.0,0.0
2,-5.0,R,620.0,1.0000789764966502,14.209353319244416,18,26,60.0,5.0,0.0,0.0
2,-5.0,R,620.0,1.0000789764966502,14.209353319244416,18,27,60.0,5.0,0.0,0.0
2,-5.0,R,620.0,1.0000789764966502,14.209353319244416,18,28,60.0,5.0,0.0,0.0
2,-5.0,R,620.0,1.0000789764966502,14.209353319244416,18,29,60.0,5.0,0.0,0.0
2,-5.0,R,620.0,1.0000789764966502,14.209353319244416,18,30,60.0,5.0,0.0,0.0
2,-5.0,R,620.0,1.0000789764966502,14.209353319244416,18,31,60.0,5.0,0.0,0.0
2,-5.0,R,620.0,1.0000789764966502,14.209353319244416,18,32,60.0,5.0,0.0,0.0
2,-5.0,R,620.0,1.0000789764966502,14.209353319244416,18,33,60.0,5.0,0.0,0.0
2,-5.0,R,620.0,1.0000789764966502,14.209353319244416,18,34,60.0,5.0,0.0,0.0
2,-5.0,R,620.0,1.0000789764966502,14.209353319244416,18,35,60.0,5.0,0.0,0.0
2,-5.0,R,620.0,1.0000789764966502,14.209353319244416,19,0,60.0,5.0,0.0,0.0
2,-5.0,R,620.0,1.0000789764966502,14.209353319244416,19,1,60.0,5.0,0.0,0.0
2,-5.0,R,620.0,1.0000789764966502,14.209353319244416,19,2,60.0,5.0,0.0,0.0
2,-5.0,R,620.0,1.0000789764966502,14.209353319244416,19,3,60.0,5.0,0.0,0.0
2,-5.0,R,620.0,1.0000789764966502,14.209353319244416,19,4,60.0,5.0,0.0,0.0
2,-5.0,R,620.0,1.0000789764966502,14.209353319244416,19,5,60.0,5.0,0.0,0.0
2,-5.0,R,620.0,1.0000789764966502,14.209353319244416,19,6,60.0,5.0,0.0,0.0
2,-5.0,R,620.0,1.0000789764966502,14.209353319244416,19,7,60.0,5.0,0.0,0.0
2,-5.0,R,620.0,1.0000789764966502,14.209353319244416,19,8,60.0,5.0,0.0,0.0
2,-5.0,R,620.0,1.0000789764966502,14.209353319244416,19,9,60.0,5.0,0.0,0.0
2,-5.0,R,620.0,1.0000789764966502,14.209353319244416,19,10,60.0,5.0,0.0,0.0
2,-5.0,R,620.0,1.0000789764966502,14.209353319244416,19,11,60.0,5.0,0.0,0.0
2,-5.0,R,620.0,1.0000789764966502,14.209353319244416,19,12,60.0,5.0,0.0,0.0
2,-5.0,R,620.0,1.0000789764966502,14.209353319244416,19,13,60.0,5.0,0.0,0.0
2,-5.0,R,620.0,1.0000789764966502,14.209353319244416,19,14,60.0,5.0,0.0,0.0
2,-5.0,R,620.0,1.0000789764966502,14.209353319244416,19,15,60.0,5.0,0.0,0.0
2,-5.0,R,620.0,1.0000789764966502,14.209353319244416,19,16,60.0,5.0,0.0,0.0
2,-5.0,R,620.0,1.0000789764966502,14.209353319244416,19,17,60.0,5.0,0.0,0.0
2,-5.0,R,620.0,1.0000789764966502,14.209353319244416,19,18,60.0,5.0,0.0,0.0
2,-5.0,R,620.0,1.0000789764966502,14.209353319244416,19,19,60.0,5.0,0.0,0.0
2,-5.0,R,620.0,1.0000789764966502,14.209353319244416,19,20,60.0,5.0,0.0,0.0
2,-5.0,R,620.0,1.0000789764966502,14.209353319244416,19,21,60.0,5.0,0.0,0.0
2,-5.0,R,620.0,1.0000789764966502,14.209353319244416,19,22,60.0,5.0,0.0,0.0
2,-5.0,R,620.0,1.0000789764966502,14.209353319244416,19,23,60.0,5.0,0.0,0.0
2,-5.0,R,620.0,1.0000789764966502,14.209353319244416,19,24,60.0,5.0,0.0,0.0
2,-5.0,R,620.0,1.0000789764966502,14.209353319244416,19,25,60.0,5.0,0.0,0.0
2,-5.0,R,620.0,1.0000789764966502,14.209353319244416,19,26,60.0,5.0,0.0,0.0
2,-5.0,R,620.0,1.0000789764966502,14.209353319244416,19,27,60.0,5.0,0.0,0.0
2,-5.0,R,620.0,1.0000789764966502,14.209353319244416,19,28,60.0,5.0,0.0,0.0
2,-5.0,R,620.0,1.0000789764966502,14.209353319244416,19,29,60.0,5.0,0.0,0.0
2,-5.0,R,620.0,1.0000789764966502,14.209353319244416,19,30,60.0,5.0,0.0,0.0
2,-5.0,R,620.0,1.0000789764966502,14.209353319244416,19,31,60.0,5.0,0.0,0.0
2,-5.0,R,620.0,1.0000789764966502,14.209353319244416,19,32,60.0,5.0,0.0,0.0
2,-5.0,R,620.0,1.0000789764966502,14.209353319244416,19,33,60.0,5.0,0.0,0.0
2,-5.0,R,620.0,1.0000789764966502,14.209353319244416,19,34,60.0,5.0,0.0,0.0
2,-5.0,R,620.0,1.0000789764966502,14.209353319244416,19,35,60.0,5.0,0.0,0.0
2,-5.0,G,540.0,0.8710365279164374,12.375888374825783,0,0,60.0,5.0,0.0,0.0
2,-5.0,G,540.0,0.8710365279164374,12.375888374825783,0,1,60.0,5.0,0.0,0.0
2,-5.0,G,540.0,0.8710365279164374,12.375888374825783,0,2,60.0,5.0,0.0,0.0
2,-5.0,G,540.0,0.8710365279164374,12.375888374825783,0,3,60.0,5.0,0.0,0.0
2,-5.0,G,540.0,0.8710365279164374,12.375888374825783,0,4,60.0,5.0,0.0,0.0
2,-5.0,G,540.0,0.8710365279164374,12.375888374825783,0,5,60.0,5.0,0.0,0.0
2,-5.0,G,540.0,0.8710365279164374,12.375888374825783,0,6,60.0,5.0,0.0,0.0
2,-5.0,G,540.0,0.8710365279164374,12.375888374825783,0,7,60.0,5.0,0.0,0.0
2,-5.0,G,540.0,0.8710365279164374,12.375888374825783,0,8,60.0,5.0,0.0,0.0
2,-5.0,G,540.0,0.8710365279164374,12.375888374825783,0,9,60.0,5.0,0.0,0.0
2,-5.0,G,540.0,0.8710365279164374,12.375888374825783,0,10,60.0,5.0,0.0,0.0
2,-5.0,G,540.0,0.8710365279164374,12.375888374825783,0,11,60.0,5.0,0.0,0.0
2,-5.0,G,540.0,0.8710365279164374,12.375888374825783,0,12,60.0,5.0,0.0,0.0
2,-5.0,G,540.0,0.8710365279164374,12.375888374825783,0,13,60.0,5.0,0.0,0.0
2,-5.0,G,540.0,0.8710365279164374,12.375888374825783,0,14,60.0,5.0,0.0,0.0
2,-5.0,G,540.0,0.8710365279164374,12.375888374825783,0,15,60.0,5.0,0.0,0.0
2,-5.0,G,540.0,0.8710365279164374,12.375888374825783,0,16,60.0,5.0,0.0,0.0
2,-5.0,G,540.0,0.8710365279164374,12.375888374825783,0,17,60.0,5.0,0.0,0.0
2,-5.0,G,540.0,0.8710365279164374,12.375888374825783,0,18,60.0,5.0,0.0,0.0
2,-5.0,G,540.0,0.8710365279164374,12.375888374825783,0,19,60.0,5.0,0.0,0.0
2,-5.0,G,540.0,0.8710365279164374,12.375888374825783,0,20,60.0,5.0,0.0,0.0
2,-5.0,G,540.0,0.8710365279164374,12.375888374825783,0,21,60.0,5.0,0.0,0.0
2,-5.0,G,540.0,0.8710365279164374,12.375888374825783,0,22,60.0,5.0,0.0,0.0
2,-5.0,G,540.0,0.8710365279164374,12.375888374825783,0,23,60.0,5.0,0.0,0.0
2,-5.0,G,540.0,0.8710365279164374,12.375888374825783,0,24,60.0,5.0,0.0,0.0
2,-5.0,G,540.0,0.8710365279164374,12.375888374825783,0,25,60.0,5.0,0.0,0.0
2,-5.0,G,540.0,0.8710365279164374,12.375888374825783,0,26,60.0,5.0,0.0,0.0
2,-5.0,G,540.0,0.8710365279164374,12.375888374825783,0,27,60.0,5.0,0.0,0.0
2,-5.0,G,540.0,0.8710365279164374,12.375888374825783,0,28,60.0,5.0,0.0,0.0
2,-5.0,G,540.0,0.8710365279164374,12.375888374825783,0,29,60.0,5.0,0.0,0.0
2,-5.0,G,540.0,0.8710365279164374,12.375888374825783,0,30,60.0,5.0,0.0,0.0
2,-5.0,G,540.0,0.8710365279164374,12.375888374825783,0,31,60.0,5.0,0.0,0.0
2,-5.0,G,540.0,0.8710365279164374,12.375888374825783,0,32,60.0,5.0,0.0,0.0
2,-5.0,G,540.0,0.8710365279164374,12.375888374825783,0,33,60.0,5.0,0.0,0.0
2,-5.0,G,540.0,0.8710365279164374,12.375888374825783,0,34,60.0,5.0,0.0,0.0
2,-5.0,G,540.0,0.8710365279164374,12.375888374825783,0,35,60.0,5.0,0.0,0.0
2,-5.0,G,540.0,0.8710365279164374,12.375888374825783,1,0,60.0,5.0,0.0,0.0
2,-5.0,G,540.0,0.8710365279164374,12.375888374825783,1,1,60.0,5.0,0.0,0.0
2,-5.0,G,540.0,0.8710365279164374,12.375888374825783,1,2,60.0,5.0,0.0,0.0
2,-5.0,G,540.0,0.8710365279164374,12.375888374825783,1,3,60.0,5.0,0.0,0.0
2,-5.0,G,540.0,0.8710365279164374,12.375888374825783,1,4,60.0,5.0,0.0,0.0
2,-5.0,G,540.0,0.8710365279164374,12.375888374825783,1,5,60.0,5.0,0.0,0.0
2,-5.0,G,540.0,0.8710365279164374,12.375888374825783,1,6,60.0,5.0,0.0,0.0
2,-5.0,G,540.0,0.8710365279164374,12.375888374825783,1,7,60.0,5.0,0.0,0.0
2,-5.0,G,540.0,0.8710365279164374,12.375888374825783,1,8,60.0,5.0,0.0,0.0
2,-5.0,G,540.0,0.8710365279164374,12.375888374825783,1,9,60.0,5.0,0.0,0.0
2,-5.0,G,540.0,0.8710365279164374,12.375888374825783,1,10,60.0,5.0,0.0,0.0
2,-5.0,G,540.0,0.8710365279164374,12.375888374825783,1,11,60.0,5.0,0.0,0.0
2,-5.0,G,540.0,0.8710365279164374,12.375888374825783,1,12,60.0,5.0,0.0,0.0
2,-5.0,G,540.0,0.8710365279164374,12.375888374825783,1,13,60.0,5.0,0.0,0.0
2,-5.0,G,540.0,0.8710365279164374,12.375888374825783,1,14,60.0,5.0,0.0,0.0
2,-5.0,G,540.0,0.8710365279164374,12.375888374825783,1,15,60.0,5.0,0.0,0.0
2,-5.0,G,540.0,0.8710365279164374,12.375888374825783,1,16,60.0,5.0,0.0,0.0
2,-5.0,G,540.0,0.8710365279164374,12.375888374825783,1,17,60.0,5.0,0.0,0.0
2,-5.0,G,540.0,0.8710365279164374,12.375888374825783,1,18,60.0,5.0,0.0,0.0
2,-5.0,G,540.0,0.8710365279164374,12.375888374825783,1,19,60.0,5.0,0.0,0.0
2,-5.0,G,540.0,0.8710365279164374,12.375888374825783,1,20,60.0,5.0,0.0,0.0
2,-5.0,G,540.0,0.8710365279164374,12.375888374825783,1,21,60.0,5.0,0.0,0.0
2,-5.0,G,540.0,0.8710365279164374,12.375888374825783,1,22,60.0,5.0,0.0,0.0
2,-5.0,G,540.0,0.8710365279164374,12.375888374825783,1,23,60.0,5.0,0.0,0.0
2,-5.0,G,540.0,0.8710365279164374,12.375888374825783,1,24,60.0,5.0,0.0,0.0
2,-5.0,G,540.0,0.8710365279164374,12.375888374825783,1,25,60.0,5.0,0.0,0.0
2,-5.0,G,540.0,0.8710365279164374,12.375888374825783,1,26,60.0,5.0,0.0,0.0
2,-5.0,G,540.0,0.8710365279164374,12.375888374825783,1,27,60.0,5.0,0.0,0.0
2,-5.0,G,540.0,0.8710365279164374,12.375888374825783,1,28,60.0,5.0,0.0,0.0
2,-5.0,G,540.0,0.8710365279164374,12.375888374825783,1,29,60.0,5.0,0.0,0.0
2,-5.0,G,540.0,0.8710365279164374,12.375888374825783,1,30,60.0,5.0,0.0,0.0
2,-5.0,G,540.0,0.8710365279164374,12.375888374825783,1,31,60.0,5.0,0.0,0.0
2,-5.0,G,540.0,0.8710365279164374,12.375888374825783,1,32,60.0,5.0,0.0,0.0
2,-5.0,G,540.0,0.8710365279164374,12.375888374825783,1,33,60.0,5.0,0.0,0.0
2,-5.0,G,540.0,0.8710365279164374,12.375888374825783,1,34,60.0,5.0,0.0,0.0
2,-5.0,G,540.0,0.8710365279164374,12.375888374825783,1,35,60.0,5.0,0.0,0.0
2,-5.0,G,540.0,0.8710365279164374,12.375888374825783,2,0,60.0,5.0,0.0,0.0
2,-5.0,G,540.0,0.8710365279164374,12.375888374825783,2,1,60.0,5.0,0.0,0.0
2,-5.0,G,540.0,0.8710365279164374,12.375888374825783,2,2,60.0,5.0,0.0,0.0
2,-5.0,G,540.0,0.8710365279164374,12.375888374825783,2,3,60.0,5.0,0.0,0.0
2,-5.0,G,540.0,0.8710365279164374,12.375888374825783,2,4,60.0,5.0,0.0,0.0
2,-5.0,G,540.0,0.8710365279164374,12.375888374825783,2,5,60.0,5.0,0.0,0.0
2,-5.0,G,540.0,0.8710365279164374,12.375888374825783,2,6,60.0,5.0,0.0,0.0
2,-5.0,G,540.0,0.8710365279164374,12.375888374825783,2,7,60.0,5.0,0.0,0.0
2,-5.0,G,540.0,0.8710365279164374,12.375888374825783,2,8,60.0,5.0,0.0,0.0
2,-5.0,G,540.0,0.8710365279164374,12.375888374825783,2,9,60.0,5.0,0.0,0.0
2,-5.0,G,540.0,0.8710365279164374,12.375888374825783,2,10,60.0,5.0,0.0,0.0
2,-5.0,G,540.0,0.8710365279164374,12.375888374825783,2,11,60.0,5.0,0.0,0.0
2,-5.0,G,540.0,0.8710365279164374,12.375888374825783,2,12,60.0,5.0,0.0,0.0
2,-5.0,G,540.0,0.8710365279164374,12.375888374825783,2,13,60.0,5.0,0.0,0.0
2,-5.0,G,540.0,0.8710365279164374,12.375888374825783,2,14,60.0,5.0,0.0,0.0
2,-5.0,G,540.0,0.8710365279164374,12.375888374825783,2,15,60.0,5.0,0.0,0.0
2,-5.0,G,540.0,0.8710365279164374,12.375888374825783,2,16,60.0,5.0,0.0,0.0
2,-5.0,G,540.0,0.8710365279164374,12.375888374825783,2,17,60.0,5.0,0.0,0.0
2,-5.0,G,540.0,0.8710365279164374,12.375888374825783,2,18,60.0,5.0,0.0,0.0
2,-5.0,G,540.0,0.8710365279164374,12.375888374825783,2,19,60.0,5.0,0.0,0.0
2,-5.0,G,540.0,0.8710365279164374,12.375888374825783,2,20,60.0,5.0,0.0,0.0
2,-5.0,G,540.0,0.8710365279164374,12.375888374825783,2,21,60.0,5.0,0.0,0.0
2,-5.0,G,540.0,0.8710365279164374,12.375888374825783,2,22,60.0,5.0,0.0,0.0
2,-5.0,G,540.0,0.8710365279164374,12.375888374825783,2,23,60.0,5.0,0.0,0.0
2,-5.0,G,540.0,0.8710365279164374,12.375888374825783,2,24,60.0,5.0,0.0,0.0
2,-5.0,G,540.0,0.8710365279164374,12.375888374825783,2,25,60.0,5.0,0.0,0.0
2,-5.0,G,540.0,0.8710365279164374,12.375888374825783,2,26,60.0,5.0,0.0,0.0
2,-5.0,G,540.0,0.8710365279164374,12.375888374825783,2,27,60.0,5.0,0.0,0.0
2,-5.0,G,540.0,0.8710365279164374,12.375888374825783,2,28,60.0,5.0,0.0,0.0
2,-5.0,G,540.0,0.8710365279164374,12.375888374825783,2,29,60.0,5.0,0.0,0.0
2,-5.0,G,540.0,0.8710365279164374,12.375888374825783,2,30,60.0,5.0,0.0,0.0
2,-5.0,G,540.0,0.8710365279164374,12.375888374825783,2,31,60.0,5.0,0.0,0.0
2,-5.0,G,540.0,0.8710365279164374,12.375888374825783,2,32,60.0,5.0,0.0,0.0
2,-5.0,G,540.0,0.8710365279164374,12.375888374825783,2,33,60.0,5.0,0.0,0.0
2,-5.0,G,540.0,0.8710365279164374,12.375888374825783,2,34,60.0,5.0,0.0,0.0
2,-5.0,G,540.0,0.8710365279164374,12.375888374825783,2,35,60.0,5.0,0.0,0.0
2,-5.0,G,540.0,0.8710365279164374,12.375888374825783,3,0,60.0,5.0,0.0,0.0
2,-5.0,G,540.0,0.8710365279164374,12.375888374825783,3,1,60.0,5.0,0.0,0.0
2,-5.0,G,540.0,0.8710365279164374,12.375888374825783,3,2,60.0,5.0,0.0,0.0
2,-5.0,G,540.0,0.8710365279164374,12.375888374825783,3,3,60.0,5.0,0.0,0.0
2,-5.0,G,540.0,0.8710365279164374,12.375888374825783,3,4,60.0,5.0,0.0,0.0
2,-5.0,G,540.0,0.8710365279164374,12.375888374825783,3,5,60.0,5.0,0.0,0.0
2,-5.0,G,540.0,0.8710365279164374,12.375888374825783,3,6,60.0,5.0,0.0,0.0
2,-5.0,G,540.0,0.8710365279164374,12.375888374825783,3,7,60.0,5.0,0.0,0.0
2,-5.0,G,540.0,0.8710365279164374,12.375888374825783,3,8,60.0,5.0,0.0,0.0
2,-5.0,G,540.0,0.8710365279164374,12.375888374825783,3,9,60.0,5.0,0.0,0.0
2,-5.0,G,540.0,0.8710365279164374,12.375888374825783,3,10,60.0,5.0,0.0,0.0
2,-5.0,G,540.0,0.8710365279164374,12.375888374825783,3,11,60.0,5.0,0.0,0.0
2,-5.0,G,540.0,0.8710365279164374,12.375888374825783,3,12,60.0,5.0,0.0,0.0
2,-5.0,G,540.0,0.8710365279164374,12.375888374825783,3,13,60.0,5.0,0.0,0.0
2,-5.0,G,540.0,0.8710365279164374,12.375888374825783,3,14,60.0,5.0,0.0,0.0
2,-5.0,G,540.0,0.8710365279164374,12.375888374825783,3,15,60.0,5.0,0.0,0.0
2,-5.0,G,540.0,0.8710365279164374,12.375888374825783,3,16,60.0,5.0,0.0,0.0
2,-5.0,G,540.0,0.8710365279164374,12.375888374825783,3,17,60.0,5.0,0.0,0.0
2,-5.0,G,540.0,0.8710365279164374,12.375888374825783,3,18,60.0,5.0,0.0,0.0
2,-5.0,G,540.0,0.8710365279164374,12.375888374825783,3,19,60.0,5.0,0.0,0.0
2,-5.0,G,540.0,0.8710365279164374,12.375888374825783,3,20,60.0,5.0,0.0,0.0
2,-5.0,G,540.0,0.8710365279164374,12.375888374825783,3,21,60.0,5.0,0.0,0.0
2,-5.0,G,540.0,0.8710365279164374,12.375888374825783,3,22,60.0,5.0,0.0,0.0
2,-5.0,G,540.0,0.8710365279164374,12.375888374825783,3,23,60.0,5.0,0.0,0.0
2,-5.0,G,540.0,0.8710365279164374,12.375888374825783,3,24,60.0,5.0,0.0,0.0
2,-5.0,G,540.0,0.8710365279164374,12.375888374825783,3,25,60.0,5.0,0.0,0.0
2,-5.0,G,540.0,0.8710365279164374,12.375888374825783,3,26,60.0,5.0,0.0,0.0
2,-5.0,G,540.0,0.8710365279164374,12.375888374825783,3,27,60.0,5.0,0.0,0.0
2,-5.0,G,540.0,0.8710365279164374,12.375888374825783,3,28,60.0,5.0,0.0,0.0
2,-5.0,G,540.0,0.8710365279164374,12.375888374825783,3,29,60.0,5.0,0.0,0.0
2,-5.0,G,540.0,0.8710365279164374,12.375888374825783,3,30,60.0,5.0,0.0,0.0
2,-5.0,G,540.0,0.8710365279164374,12.375888374825783,3,31,60.0,5.0,0.0,0.0
2,-5.0,G,540.0,0.8710365279164374,12.375888374825783,3,32,60.0,5.0,0.0,0.0
2,-5.0,G,540.0,0.8710365279164374,12.375888374825783,3,33,60.0,5.0,0.0,0.0
2,-5.0,G,540.0,0.8710365279164374,12.375888374825783,3,34,60.0,5.0,0.0,0.0
2,-5.0,G,540.0,0.8710365279164374,12.375888374825783,3,35,60.0,5.0,0.0,0.0
2,-5.0,G,540.0,0.8710365279164374,12.375888374825783,4,0,60.0,5.0,0.0,0.0
2,-5.0,G,540.0,0.8710365279164374,12.375888374825783,4,1,60.0,5.0,0.0,0.0
2,-5.0,G,540.0,0.8710365279164374,12.375888374825783,4,2,60.0,5.0,0.0,0.0
2,-5.0,G,540.0,0.8710365279164374,12.375888374825783,4,3,60.0,5.0,0.0,0.0
2,-5.0,G,540.0,0.8710365279164374,12.375888374825783,4,4,60.0,5.0,0.0,0.0
2,-5.0,G,540.0,0.8710365279164374,12.375888374825783,4,5,60.0,5.0,0.00392156862745098,0.01994638965273254
2,-5.0,G,540.0,0.8710365279164374,12.375888374825783,4,6,60.0,5.0,0.027450980392156862,0.05298297410946823
2,-5.0,G,540.0,0.8710365279164374,12.375888374825783,4,7,60.0,5.0,0.01568627450980392,0.03997164583041206
2,-5.0,G,540.0,0.8710365279164374,12.375888374825783,4,8,60.0,5.0,0.0,0.0
2,-5.0,G,540.0,0.8710365279164374,12.375888374825783,4,9,60.0,5.0,0.0,0.0
2,-5.0,G,540.0,0.8710365279164374,12.375888374825783,4,10,60.0,5.0,0.0,0.0
2,-5.0,G,540.0,0.8710365279164374,12.375888374825783,4,11,60.0,5.0,0.0,0.0
2,-5.0,G,540.0,0.8710365279164374,12.375888374825783,4,12,60.0,5.0,0.00784313725490196,0.028226977679718004
2,-5.0,G,540.0,0.8710365279164374,12.375888374825783,4,13,60.0,5.0,0.00392156862745098,0.01994638965273254
2,-5.0,G,540.0,0.8710365279164374,12.375888374825783,4,14,60.0,5.0,0.00392156862745098,0.01994638965273254
2,-5.0,G,540.0,0.8710365279164374,12.375888374825783,4,15,60.0,5.0,0.00392156862745098,0.01994638965273254
2,-5.0,G,540.0,0.8710365279164374,12.375888374825783,4,16,60.0,5.0,0.00784313725490196,0.028226977679718004
2,-5.0,G,540.0,0.8710365279164374,12.375888374825783,4,17,60.0,5.0,0.00392156862745098,0.01994638965273254
2,-5.0,G,540.0,0.8710365279164374,12.375888374825783,4,18,60.0,5.0,0.00784313725490196,0.028226977679718004
2,-5.0,G,540.0,0.8710365279164374,12.375888374825783,4,19,60.0,5.0,0.00392156862745098,0.01994638965273254
2,-5.0,G,540.0,0.8710365279164374,12.375888374825783,4,20,60.0,5.0,0.00392156862745098,0.01994638965273254
2,-5.0,G,540.0,0.8710365279164374,12.375888374825783,4,21,60.0,5.0,0.00784313725490196,0.028226977679718004
2,-5.0,G,540.0,0.8710365279164374,12.375888374825783,4,22,60.0,5.0,0.00392156862745098,0.01994638965273254
2,-5.0,G,540.0,0.8710365279164374,12.375888374825783,4,23,60.0,5.0,0.0,0.0
2,-5.0,G,540.0,0.8710365279164374,12.375888374825783,4,24,60.0,5.0,0.00392156862745098,0.01994638965273254
2,-5.0,G,540.0,0.8710365279164374,12.375888374825783,4,25,60.0,5.0,0.00784313725490196,0.028226977679718004
2,-5.0,G,540.0,0.8710365279164374,12.375888374825783,4,26,60.0,5.0,0.00392156862745098,0.01994638965273254
2,-5.0,G,540.0,0.8710365279164374,12.375888374825783,4,27,60.0,5.0,0.0,0.0
2,-5.0,G,540.0,0.8710365279164374,12.375888374825783,4,28,60.0,5.0,0.0,0.0
2,-5.0,G,540.0,0.8710365279164374,12.375888374825783,4,29,60.0,5.0,0.0,0.0
2,-5.0,G,540.0,0.8710365279164374,12.375888374825783,4,30,60.0,5.0,0.0,0.0
2,-5.0,G,540.0,0.8710365279164374,12.375888374825783,4,31,60.0,5.0,0.0,0.0
2,-5.0,G,540.0,0.8710365279164374,12.375888374825783,4,32,60.0,5.0,0.0,0.0
2,-5.0,G,540.0,0.8710365279164374,12.375888374825783,4,33,60.0,5.0,0.0,0.0
2,-5.0,G,540.0,0.8710365279164374,12.375888374825783,4,34,60.0,5.0,0.0,0.0
2,-5.0,G,540.0,0.8710365279164374,12.375888374825783,4,35,60.0,5.0,0.0,0.0
2,-5.0,G,540.0,0.8710365279164374,12.375888374825783,5,0,60.0,5.0,0.0,0.0
2,-5.0,G,540.0,0.8710365279164374,12.375888374825783,5,1,60.0,5.0,0.0,0.0
2,-5.0,G,540.0,0.8710365279164374,12.375888374825783,5,2,60.0,5.0,0.0,0.0
2,-5.0,G,540.0,0.8710365279164374,12.375888374825783,5,3,60.0,5.0,0.0,0.0
2,-5.0,G,540.0,0.8710365279164374,12.375888374825783,5,4,60.0,5.0,0.00392156862745098,0.01994638965273254
2,-5.0,G,540.0,0.8710365279164374,12.375888374825783,5,5,60.0,5.0,0.0,0.0
2,-5.0,G,540.0,0.8710365279164374,12.375888374825783,5,6,60.0,5.0,0.06666666666666667,0.08312898574059512
2,-5.0,G,540.0,0.8710365279164374,12.375888374825783,5,7,60.0,5.0,0.03137254901960784,0.05667903330417266
2,-5.0,G,540.0,0.8710365279164374,12.375888374825783,5,8,60.0,5.0,0.0,0.0
2,-5.0,G,540.0,0.8710365279164374,12.375888374825783,5,9,60.0,5.0,0.00392156862745098,0.01994638965273254
2,-5.0,G,540.0,0.8710365279164374,12.375888374825783,5,10,60.0,5.0,0.0,0.0
2,-5.0,G,540.0,0.8710365279164374,12.375888374825783,5,11,60.0,5.0,0.0,0.0
2,-5.0,G,540.0,0.8710365279164374,12.375888374825783,5,12,60.0,5.0,0.0,0.0
2,-5.0,G,540.0,0.8710365279164374,12.375888374825783,5,13,60.0,5.0,0.0,0.0
2,-5.0,G,540.0,0.8710365279164374,12.375888374825783,5,14,60.0,5.0,0.0,0.0
2,-5.0,G,540.0,0.8710365279164374,12.375888374825783,5,15,60.0,5.0,0.0,0.0
2,-5.0,G,540.0,0.8710365279164374,12.375888374825783,5,16,60.0,5.0,0.0,0.0
2,-5.0,G,540.0,0.8710365279164374,12.375888374825783,5,17,60.0,5.0,0.0,0.0
2,-5.0,G,540.0,0.8710365279164374,12.375888374825783,5,18,60.0,5.0,0.0,0.0
2,-5.0,G,540.0,0.8710365279164374,12.375888374825783,5,19,60.0,5.0,0.0,0.0
2,-5.0,G,540.0,0.8710365279164374,12.375888374825783,5,20,60.0,5.0,0.0,0.0
2,-5.0,G,540.0,0.8710365279164374,12.375888374825783,5,21,60.0,5.0,0.0,0.0
2,-5.0,G,540.0,0.8710365279164374,12.375888374825783,5,22,60.0,5.0,0.0,0.0
2,-5.0,G,540.0,0.8710365279164374,12.375888374825783,5,23,60.0,5.0,0.0,0.0
2,-5.0,G,540.0,0.8710365279164374,12.375888374825783,5,24,60.0,5.0,0.0,0.0
2,-5.0,G,540.0,0.8710365279164374,12.375888374825783,5,25,60.0,5.0,0.0,0.0
2,-5.0,G,540.0,0.8710365279164374,12.375888374825783,5,26,60.0,5.0,0.0,0.0
2,-5.0,G,540.0,0.8710365279164374,12.375888374825783,5,27,60.0,5.0,0.0,0.0
2,-5.0,G,540.0,0.8710365279164374,12.375888374825783,5,28,60.0,5.0,0.0,0.0
2,-5.0,G,540.0,0.8710365279164374,12.375888374825783,5,29,60.0,5.0,0.0,0.0
2,-5.0,G,540.0,0.8710365279164374,12.375888374825783,5,30,60.0,5.0,0.0,0.0
2,-5.0,G,540.0,0.8710365279164374,12.375888374825783,5,31,60.0,5.0,0.0,0.0
2,-5.0,G,540.0,0.8710365279164374,12.375888374825783,5,32,60.0,5.0,0.0,0.0
2,-5.0,G,540.0,0.8710365279164374,12.375888374825783,5,33,60.0,5.0,0.0,0.0
2,-5.0,G,540.0,0.8710365279164374,12.375888374825783,5,34,60.0,5.0,0.0,0.0
2,-5.0,G,540.0,0.8710365279164374,12.375888374825783,5,35,60.0,5.0,0.0,0.0
2,-5.0,G,540.0,0.8710365279164374,12.375888374825783,6,0,60.0,5.0,0.0,0.0
2,-5.0,G,540.0,0.8710365279164374,12.375888374825783,6,1,60.0,5.0,0.0,0.0
2,-5.0,G,540.0,0.8710365279164374,12.375888374825783,6,2,60.0,5.0,0.0,0.0
2,-5.0,G,540.0,0.8710365279164374,12.375888374825783,6,3,60.0,5.0,0.0,0.0
2,-5.0,G,540.0,0.8710365279164374,12.375888374825783,6,4,60.0,5.0,0.0196078431372549,0.04471926097515774
2,-5.0,G,540.0,0.8710365279164374,12.375888374825783,6,5,60.0,5.0,0.14901960784313725,0.12615408206482107
2,-5.0,G,540.0,0.8710365279164374,12.375888374825783,6,6,60.0,5.0,0.20784313725490197,0.15068188153318207
2,-5.0,G,540.0,0.8710365279164374,12.375888374825783,6,7,60.0,5.0,0.47843137254901963,0.24313236161726806
2,-5.0,G,540.0,0.8710365279164374,12.375888374825783,6,8,60.0,5.0,0.11764705882352941,0.11144213027334762
2,-5.0,G,540.0,0.8710365279164374,12.375888374825783,6,9,60.0,5.0,0.0,0.0
2,-5.0,G,540.0,0.8710365279164374,12.375888374825783,6,10,60.0,5.0,0.011764705882352941,0.0345936127618576
2,-5.0,G,540.0,0.8710365279164374,12.375888374825783,6,11,60.0,5.0,0.0,0.0
2,-5.0,G,540.0,0.8710365279164374,12.375888374825783,6,12,60.0,5.0,0.20784313725490197,0.15068188153318207
2,-5.0,G,540.0,0.8710365279164374,12.375888374825783,6,13,60.0,5.0,0.10196078431372549,0.10345212448837855
2,-5.0,G,540.0,0.8710365279164374,12.375888374825783,6,14,60.0,5.0,0.058823529411764705,0.07797913037736934
2,-5.0,G,540.0,0.8710365279164374,12.375888374825783,6,15,60.0,5.0,0.07058823529411765,0.08559793231834631
2,-5.0,G,540.0,0.8710365279164374,12.375888374825783,6,16,60.0,5.0,0.20392156862745098,0.14913829006235088
2,-5.0,G,540.0,0.8710365279164374,12.375888374825783,6,17,60.0,5.0,0.27450980392156865,0.17553721581099607
2,-5.0,G,540.0,0.8710365279164374,12.375888374825783,6,18,60.0,5.0,0.25882352941176473,0.16989114055384089
2,-5.0,G,540.0,0.8710365279164374,12.375888374825783,6,19,60.0,5.0,0.07450980392156863,0.08800426979263411
2,-5.0,G,540.0,0.8710365279164374,12.375888374825783,6,20,60.0,5.0,0.07450980392156863,0.08800426979263411
2,-5.0,G,540.0,0.8710365279164374,12.375888374825783,6,21,60.0,5.0,0.2235294117647059,0.1567527086383188
2,-5.0,G,540.0,0.8710365279164374,12.375888374825783,6,22,60.0,5.0,0.050980392156862744,0.07249578895933438
2,-5.0,G,540.0,0.8710365279164374,12.375888374825783,6,23,60.0,5.0,0.01568627450980392,0.03997164583041206
2,-5.0,G,540.0,0.8710365279164374,12.375888374825783,6,24,60.0,5.0,0.027450980392156862,0.05298297410946823
2,-5.0,G,540.0,0.8710365279164374,12.375888374825783,6,25,60.0,5.0,0.19215686274509805,0.14443943567870407
2,-5.0,G,540.0,0.8710365279164374,12.375888374825783,6,26,60.0,5.0,0.34901960784313724,0.20117941526475813
2,-5.0,G,540.0,0.8710365279164374,12.375888374825783,6,27,60.0,5.0,0.0,0.0
2,-5.0,G,540.0,0.8710365279164374,12.375888374825783,6,28,60.0,5.0,0.00392156862745098,0.01994638965273254
2,-5.0,G,540.0,0.8710365279164374,12.375888374825783,6,29,60.0,5.0,0.0,0.0
2,-5.0,G,540.0,0.8710365279164374,12.375888374825783,6,30,60.0,5.0,0.0,0.0
2,-5.0,G,540.0,0.8710365279164374,12.375888374825783,6,31,60.0,5.0,0.0,0.0
2,-5.0,G,540.0,0.8710365279164374,12.375888374825783,6,32,60.0,5.0,0.0,0.0
2,-5.0,G,540.0,0.8710365279164374,12.375888374825783,6,33,60.0,5.0,0.0,0.0
2,-5.0,G,540.0,0.8710365279164374,12.375888374825783,6,34,60.0,5.0,0.0,0.0
2,-5.0,G,540.0,0.8710365279164374,12.375888374825783,6,35,60.0,5.0,0.0,0.0
2,-5.0,G,540.0,0.8710365279164374,12.375888374825783,7,0,60.0,5.0,0.0,0.0
2,-5.0,G,540.0,0.8710365279164374,12.375888374825783,7,1,60.0,5.0,0.0,0.0
2,-5.0,G,540.0,0.8710365279164374,12.375888374825783,7,2,60.0,5.0,0.00392156862745098,0.01994638965273254
2,-5.0,G,540.0,0.8710365279164374,12.375888374825783,7,3,60.0,5.0,0.011764705882352941,0.0345936127618576
2,-5.0,G,540.0,0.8710365279164374,12.375888374825783,7,4,60.0,5.0,0.09803921568627451,0.10137157388840211
2,-5.0,G,540.0,0.8710365279164374,12.375888374825783,7,5,60.0,5.0,0.4980392156862745,0.24937586136851997
2,-5.0,G,540.0,0.8710365279164374,12.375888374825783,7,6,60.0,5.0,0.4549019607843137,0.23562531267856862
2,-5.0,G,540.0,0.8710365279164374,12.375888374825783,7,7,60.0,5.0,0.48627450980392156,0.24563049188224292
2,-5.0,G,540.0,0.8710365279164374,12.375888374825783,7,8,60.0,5.0,0.4196078431372549,0.22429882357250014
2,-5.0,G,540.0,0.8710365279164374,12.375888374825783,7,9,60.0,5.0,0.10196078431372549,0.10345212448837855
2,-5.0,G,540.0,0.8710365279164374,12.375888374825783,7,10,60.0,5.0,0.011764705882352941,0.0345936127618576
2,-5.0,G,540.0,0.8710365279164374,12.375888374825783,7,11,60.0,5.0,0.0,0.0
2,-5.0,G,540.0,0.8710365279164374,12.375888374825783,7,12,60.0,5.0,0.42745098039215684,0.22682512093786292
2,-5.0,G,540.0,0.8710365279164374,12.375888374825783,7,13,60.0,5.0,0.5254901960784314,0.25811730014959144
2,-5.0,G,540.0,0.8710365279164374,12.375888374825783,7,14,60.0,5.0,0.5176470588235295,0.2556184001474059
2,-5.0,G,540.0,0.8710365279164374,12.375888374825783,7,15,60.0,5.0,0.4627450980392157,0.23813039630387822
2,-5.0,G,540.0,0.8710365279164374,12.375888374825783,7,16,60.0,5.0,0.47058823529411764,0.2406325369904614
2,-5.0,G,540.0,0.8710365279164374,12.375888374825783,7,17,60.0,5.0,0.47058823529411764,0.2406325369904614
2,-5.0,G,540.0,0.8710365279164374,12.375888374825783,7,18,60.0,5.0,0.5372549019607843,0.26186960369612183
2,-5.0,G,540.0,0.8710365279164374,12.375888374825783,7,19,60.0,5.0,0.4588235294117647,0.23687826177997542
2,-5.0,G,540.0,0.8710365279164374,12.375888374825783,7,20,60.0,5.0,0.5529411764705883,0.2668833473847134
2,-5.0,G,540.0,0.8710365279164374,12.375888374825783,7,21,60.0,5.0,0.5372549019607843,0.26186960369612183
2,-5.0,G,540.0,0.8710365279164374,12.375888374825783,7,22,60.0,5.0,0.592156862745098,0.2795031214917875
2,-5.0,G,540.0,0.8710365279164374,12.375888374825783,7,23,60.0,5.0,0.30196078431372547,0.1851854165236684
2,-5.0,G,540.0,0.8710365279164374,12.375888374825783,7,24,60.0,5.0,0.4823529411764706,0.24438159985259414
2,-5.0,G,540.0,0.8710365279164374,12.375888374825783,7,25,60.0,5.0,0.6235294117647059,0.28973204586090356
2,-5.0,G,540.0,0.8710365279164374,12.375888374825783,7,26,60.0,5.0,0.3843137254901961,0.2128391863481819
2,-5.0,G,540.0,0.8710365279164374,12.375888374825783,7,27,60.0,5.0,0.0,0.0
2,-5.0,G,540.0,0.8710365279164374,12.375888374825783,7,28,60.0,5.0,0.011764705882352941,0.0345936127618576
2,-5.0,G,540.0,0.8710365279164374,12.375888374825783,7,29,60.0,5.0,0.00392156862745098,0.01994638965273254
2,-5.0,G,540.0,0.8710365279164374,12.375888374825783,7,30,60.0,5.0,0.0,0.0
2,-5.0,G,540.0,0.8710365279164374,12.375888374825783,7,31,60.0,5.0,0.0,0.0
2,-5.0,G,540.0,0.8710365279164374,12.375888374825783,7,32,60.0,5.0,0.0,0.0
2,-5.0,G,540.0,0.8710365279164374,12.375888374825783,7,33,60.0,5.0,0.0,0.0
2,-5.0,G,540.0,0.8710365279164374,12.375888374825783,7,34,60.0,5.0,0.0,0.0
2,-5.0,G,540.0,0.8710365279164374,12.375888374825783,7,35,60.0,5.0,0.0,0.0
2,-5.0,G,540.0,0.8710365279164374,12.375888374825783,8,0,60.0,5.0,0.0,0.0
2,-5.0,G,540.0,0.8710365279164374,12.375888374825783,8,1,60.0,5.0,0.0,0.0
2,-5.0,G,540.0,0.8710365279164374,12.375888374825783,8,2,60.0,5.0,0.023529411764705882,0.049020040417914766
2,-5.0,G,540.0,0.8710365279164374,12.375888374825783,8,3,60.0,5.0,0.0784313725490196,0.09035304440877327
2,-5.0,G,540.0,0.8710365279164374,12.375888374825783,8,4,60.0,5.0,0.16470588235294117,0.1330208851941153
2,-5.0,G,540.0,0.8710365279164374,12.375888374825783,8,5,60.0,5.0,0.592156862745098,0.2795031214917875
2,-5.0,G,540.0,0.8710365279164374,12.375888374825783,8,6,60.0,5.0,0.5490196078431373,0.26562853040584894
2,-5.0,G,540.0,0.8710365279164374,12.375888374825783,8,7,60.0,5.0,0.6666666666666666,0.3040867239846963
2,-5.0,G,540.0,0.8710365279164374,12.375888374825783,8,8,60.0,5.0,0.8156862745098039,0.3587540540660253
2,-5.0,G,540.0,0.8710365279164374,12.375888374825783,8,9,60.0,5.0,0.35294117647058826,0.2024871245093228
2,-5.0,G,540.0,0.8710365279164374,12.375888374825783,8,10,60.0,5.0,0.01568627450980392,0.03997164583041206
2,-5.0,G,540.0,0.8710365279164374,12.375888374825783,8,11,60.0,5.0,0.01568627450980392,0.03997164583041206
2,-5.0,G,540.0,0.8710365279164374,12.375888374825783,8,12,60.0,5.0,0.3254901960784314,0.19325732867442041
2,-5.0,G,540.0,0.8710365279164374,12.375888374825783,8,13,60.0,5.0,0.41568627450980394,0.22303326182108058
2,-5.0,G,540.0,0.8710365279164374,12.375888374825783,8,14,60.0,5.0,0.3803921568627451,0.21155484953700343
2,-5.0,G,540.0,0.8710365279164374,12.375888374825783,8,15,60.0,5.0,0.4235294117647059,0.2255627480278026
2,-5.0,G,540.0,0.8710365279164374,12.375888374825783,8,16,60.0,5.0,0.3843137254901961,0.2128391863481819
2,-5.0,G,540.0,0.8710365279164374,12.375888374825783,8,17,60.0,5.0,0.3568627450980392,0.20379153547696685
2,-5.0,G,540.0,0.8710365279164374,12.375888374825783,8,18,60.0,5.0,0.34901960784313724,0.20117941526475813
2,-5.0,G,540.0,0.8710365279164374,12.375888374825783,8,19,60.0,5.0,0.44313725490196076,0.23186078127719867
2,-5.0,G,540.0,0.8710365279164374,12.375888374825783,8,20,60.0,5.0,0.4823529411764706,0.24438159985259414
2,-5.0,G,540.0,0.8710365279164374,12.375888374825783,8,21,60.0,5.0,0.3568627450980392,0.20379153547696685
2,-5.0,G,540.0,0.8710365279164374,12.375888374825783,8,22,60.0,5.0,0.47843137254901963,0.24313236161726806
2,-5.0,G,540.0,0.8710365279164374,12.375888374825783,8,23,60.0,5.0,0.19607843137254902,0.14601747052853942
2,-5.0,G,540.0,0.8710365279164374,12.375888374825783,8,24,60.0,5.0,0.4,0.21795289157551256
2,-5.0,G,540.0,0.8710365279164374,12.375888374825783,8,25,60.0,5.0,0.48627450980392156,0.24563049188224292
2,-5.0,G,540.0,0.8710365279164374,12.375888374825783,8,26,60.0,5.0,0.20784313725490197,0.15068188153318207
2,-5.0,G,540.0,0.8710365279164374,12.375888374825783,8,27,60.0,5.0,0.011764705882352941,0.0345936127618576
2,-5.0,G,540.0,0.8710365279164374,12.375888374825783,8,28,60.0,5.0,0.00784313725490196,0.028226977679718004
2,-5.0,G,540.0,0.8710365279164374,12.375888374825783,8,29,60.0,5.0,0.0,0.0
2,-5.0,G,540.0,0.8710365279164374,12.375888374825783,8,30,60.0,5.0,0.011764705882352941,0.0345936127618576
2,-5.0,G,540.0,0.8710365279164374,12.375888374825783,8,31,60.0,5.0,0.00784313725490196,0.028226977679718004
2,-5.0,G,540.0,0.8710365279164374,12.375888374825783,8,32,60.0,5.0,0.0,0.0
2,-5.0,G,540.0,0.8710365279164374,12.375888374825783,8,33,60.0,5.0,0.0,0.0
2,-5.0,G,540.0,0.8710365279164374,12.375888374825783,8,34,60.0,5.0,0.0,0.0
2,-5.0,G,540.0,0.8710365279164374,12.375888374825783,8,35,60.0,5.0,0.0,0.0
2,-5.0,G,540.0,0.8710365279164374,12.375888374825783,9,0,60.0,5.0,0.0,0.0
2,-5.0,G,540.0,0.8710365279164374,12.375888374825783,9,1,60.0,5.0,0.0,0.0
2,-5.0,G,540.0,0.8710365279164374,12.375888374825783,9,2,60.0,5.0,0.01568627450980392,0.03997164583041206
2,-5.0,G,540.0,0.8710365279164374,12.375888374825783,9,3,60.0,5.0,0.09019607843137255,0.09709567612708571
2,-5.0,G,540.0,0.8710365279164374,12.375888374825783,9,4,60.0,5.0,0.17647058823529413,0.13799940258341492
2,-5.0,G,540.0,0.8710365279164374,12.375888374825783,9,5,60.0,5.0,0.2980392156862745,0.18382343133011075
2,-5.0,G,540.0,0.8710365279164374,12.375888374825783,9,6,60.0,5.0,0.3137254901960784,0.18924192203775808
2,-5.0,G,540.0,0.8710365279164374,12.375888374825783,9,7,60.0,5.0,0.5294117647058824,0.2593674630095386
2,-5.0,G,540.0,0.8710365279164374,12.375888374825783,9,8,60.0,5.0,0.6784313725490196,0.308076808304903
2,-5.0,G,540.0,0.8710365279164374,12.375888374825783,9,9,60.0,5.0,0.41568627450980394,0.22303326182108058
2,-5.0,G,540.0,0.8710365279164374,12.375888374825783,9,10,60.0,5.0,0.06274509803921569,0.08059162758159863
2,-5.0,G,540.0,0.8710365279164374,12.375888374825783,9,11,60.0,5.0,0.011764705882352941,0.0345936127618576
2,-5.0,G,540.0,0.8710365279164374,12.375888374825783,9,12,60.0,5.0,0.0,0.0
2,-5.0,G,540.0,0.8710365279164374,12.375888374825783,9,13,60.0,5.0,0.0,0.0
2,-5.0,G,540.0,0.8710365279164374,12.375888374825783,9,14,60.0,5.0,0.0,0.0
2,-5.0,G,540.0,0.8710365279164374,12.375888374825783,9,15,60.0,5.0,0.0,0.0
2,-5.0,G,540.0,0.8710365279164374,12.375888374825783,9,16,60.0,5.0,0.0,0.0
2,-5.0,G,540.0,0.8710365279164374,12.375888374825783,9,17,60.0,5.0,0.047058823529411764,0.06960448727306395
2,-5.0,G,540.0,0.8710365279164374,12.375888374825783,9,18,60.0,5.0,0.06274509803921569,0.08059162758159863
2,-5.0,G,540.0,0.8710365279164374,12.375888374825783,9,19,60.0,5.0,0.0,0.0
2,-5.0,G,540.0,0.8710365279164374,12.375888374825783,9,20,60.0,5.0,0.0,0.0
2,-5.0,G,540.0,0.8710365279164374,12.375888374825783,9,21,60.0,5.0,0.027450980392156862,0.05298297410946823
2,-5.0,G,540.0,0.8710365279164374,12.375888374825783,9,22,60.0,5.0,0.03137254901960784,0.05667903330417266
2,-5.0,G,540.0,0.8710365279164374,12.375888374825783,9,23,60.0,5.0,0.0,0.0
2,-5.0,G,540.0,0.8710365279164374,12.375888374825783,9,24,60.0,5.0,0.00784313725490196,0.028226977679718004
2,-5.0,G,540.0,0.8710365279164374,12.375888374825783,9,25,60.0,5.0,0.0,0.0
2,-5.0,G,540.0,0.8710365279164374,12.375888374825783,9,26,60.0,5.0,0.0,0.0
2,-5.0,G,540.0,0.8710365279164374,12.375888374825783,9,27,60.0,5.0,0.0,0.0
2,-5.0,G,540.0,0.8710365279164374,12.375888374825783,9,28,60.0,5.0,0.0,0.0
2,-5.0,G,540.0,0.8710365279164374,12.375888374825783,9,29,60.0,5.0,0.03529411764705882,0.060157486757451334
2,-5.0,G,540.0,0.8710365279164374,12.375888374825783,9,30,60.0,5.0,0.0,0.0
2,-5.0,G,540.0,0.8710365279164374,12.375888374825783,9,31,60.0,5.0,0.0,0.0
2,-5.0,G,540.0,0.8710365279164374,12.375888374825783,9,32,60.0,5.0,0.0,0.0
2,-5.0,G,540.0,0.8710365279164374,12.375888374825783,9,33,60.0,5.0,0.0,0.0
2,-5.0,G,540.0,0.8710365279164374,12.375888374825783,9,34,60.0,5.0,0.0,0.0
2,-5.0,G,540.0,0.8710365279164374,12.375888374825783,9,35,60.0,5.0,0.0,0.0
2,-5.0,G,540.0,0.8710365279164374,12.375888374825783,10,0,60.0,5.0,0.0,0.0
2,-5.0,G,540.0,0.8710365279164374,12.375888374825783,10,1,60.0,5.0,0.0,0.0
2,-5.0,G,540.0,0.8710365279164374,12.375888374825783,10,2,60.0,5.0,0.00392156862745098,0.01994638965273254
2,-5.0,G,540.0,0.8710365279164374,12.375888374825783,10,3,60.0,5.0,0.14901960784313725,0.12615408206482107
2,-5.0,G,540.0,0.8710365279164374,12.375888374825783,10,4,60.0,5.0,0.14901960784313725,0.12615408206482107
2,-5.0,G,540.0,0.8710365279164374,12.375888374825783,10,5,60.0,5.0,0.27450980392156865,0.17553721581099607
2,-5.0,G,540.0,0.8710365279164374,12.375888374825783,10,6,60.0,5.0,0.49411764705882355,0.24812754570923665
2,-5.0,G,540.0,0.8710365279164374,12.375888374825783,10,7,60.0,5.0,0.26666666666666666,0.1727273908759613
2,-5.0,G,540.0,0.8710365279164374,12.375888374825783,10,8,60.0,5.0,0.2196078431372549,0.15524984546857312
2,-5.0,G,540.0,0.8710365279164374,12.375888374825783,10,9,60.0,5.0,0.25882352941176473,0.16989114055384089
2,-5.0,G,540.0,0.8710365279164374,12.375888374825783,10,10,60.0,5.0,0.050980392156862744,0.07249578895933438
2,-5.0,G,540.0,0.8710365279164374,12.375888374825783,10,11,60.0,5.0,0.050980392156862744,0.07249578895933438
2,-5.0,G,540.0,0.8710365279164374,12.375888374825783,10,12,60.0,5.0,0.19607843137254902,0.14601747052853942
2,-5.0,G,540.0,0.8710365279164374,12.375888374825783,10,13,60.0,5.0,0.2627450980392157,0.17131267163863242
2,-5.0,G,540.0,0.8710365279164374,12.375888374825783,10,14,60.0,5.0,0.17254901960784313,0.13635495410892096
2,-5.0,G,540.0,0.8710365279164374,12.375888374825783,10,15,60.0,5.0,0.1843137254901961,0.14124594593397474
2,-5.0,G,540.0,0.8710365279164374,12.375888374825783,10,16,60.0,5.0,0.21176470588235294,0.1522147678661474
2,-5.0,G,540.0,0.8710365279164374,12.375888374825783,10,17,60.0,5.0,0.3686274509803922,0.2076860858214986
2,-5.0,G,540.0,0.8710365279164374,12.375888374825783,10,18,60.0,5.0,0.403921568627451,0.21922588034904109
2,-5.0,G,540.0,0.8710365279164374,12.375888374825783,10,19,60.0,5.0,0.20784313725490197,0.15068188153318207
2,-5.0,G,540.0,0.8710365279164374,12.375888374825783,10,20,60.0,5.0,0.19607843137254902,0.14601747052853942
2,-5.0,G,540.0,0.8710365279164374,12.375888374825783,10,21,60.0,5.0,0.4117647058823529,0.22176597605076812
2,-5.0,G,540.0,0.8710365279164374,12.375888374825783,10,22,60.0,5.0,0.2235294117647059,0.1567527086383188
2,-5.0,G,540.0,0.8710365279164374,12.375888374825783,10,23,60.0,5.0,0.4666666666666667,0.23938179519646016
2,-5.0,G,540.0,0.8710365279164374,12.375888374825783,10,24,60.0,5.0,0.5647058823529412,0.2706544493931912
2,-5.0,G,540.0,0.8710365279164374,12.375888374825783,10,25,60.0,5.0,0.3686274509803922,0.2076860858214986
2,-5.0,G,540.0,0.8710365279164374,12.375888374825783,10,26,60.0,5.0,0.25098039215686274,0.16702677744422859
2,-5.0,G,540.0,0.8710365279164374,12.375888374825783,10,27,60.0,5.0,0.27058823529411763,0.17413550547828363
2,-5.0,G,540.0,0.8710365279164374,12.375888374825783,10,28,60.0,5.0,0.32941176470588235,0.19458731326097745
2,-5.0,G,540.0,0.8710365279164374,12.375888374825783,10,29,60.0,5.0,0.4117647058823529,0.22176597605076812
2,-5.0,G,540.0,0.8710365279164374,12.375888374825783,10,30,60.0,5.0,0.27450980392156865,0.17553721581099607
2,-5.0,G,540.0,0.8710365279164374,12.375888374825783,10,31,60.0,5.0,0.24705882352941178,0.16558349319631221
2,-5.0,G,540.0,0.8710365279164374,12.375888374825783,10,32,60.0,5.0,0.011764705882352941,0.0345936127618576
2,-5.0,G,540.0,0.8710365279164374,12.375888374825783,10,33,60.0,5.0,0.0,0.0
2,-5.0,G,540.0,0.8710365279164374,12.375888374825783,10,34,60.0,5.0,0.0,0.0
2,-5.0,G,540.0,0.8710365279164374,12.375888374825783,10,35,60.0,5.0,0.0,0.0
2,-5.0,G,540.0,0.8710365279164374,12.375888374825783,11,0,60.0,5.0,0.0,0.0
2,-5.0,G,540.0,0.8710365279164374,12.375888374825783,11,1,60.0,5.0,0.0,0.0
2,-5.0,G,540.0,0.8710365279164374,12.375888374825783,11,2,60.0,5.0,0.0,0.0
2,-5.0,G,540.0,0.8710365279164374,12.375888374825783,11,3,60.0,5.0,0.00392156862745098,0.01994638965273254
2,-5.0,G,540.0,0.8710365279164374,12.375888374825783,11,4,60.0,5.0,0.10980392156862745,0.10750973625166191
2,-5.0,G,540.0,0.8710365279164374,12.375888374825783,11,5,60.0,5.0,0.10588235294117647,0.105497495924501
2,-5.0,G,540.0,0.8710365279164374,12.375888374825783,11,6,60.0,5.0,0.18823529411764706,0.1428490794319283
2,-5.0,G,540.0,0.8710365279164374,12.375888374825783,11,7,60.0,5.0,0.2549019607843137,0.1684625831810239
2,-5.0,G,540.0,0.8710365279164374,12.375888374825783,11,8,60.0,5.0,0.20784313725490197,0.15068188153318207
2,-5.0,G,540.0,0.8710365279164374,12.375888374825783,11,9,60.0,5.0,0.17647058823529413,0.13799940258341492
2,-5.0,G,540.0,0.8710365279164374,12.375888374825783,11,10,60.0,5.0,0.12156862745098039,0.11336555669651052
2,-5.0,G,540.0,0.8710365279164374,12.375888374825783,11,11,60.0,5.0,0.0,0.0
2,-5.0,G,540.0,0.8710365279164374,12.375888374825783,11,12,60.0,5.0,0.4117647058823529,0.22176597605076812
2,-5.0,G,540.0,0.8710365279164374,12.375888374825783,11,13,60.0,5.0,0.5450980392156862,0.2643746873214314
2,-5.0,G,540.0,0.8710365279164374,12.375888374825783,11,14,60.0,5.0,0.45098039215686275,0.2343714695941511
2,-5.0,G,540.0,0.8710365279164374,12.375888374825783,11,15,60.0,5.0,0.5450980392156862,0.2643746873214314
2,-5.0,G,540.0,0.8710365279164374,12.375888374825783,11,16,60.0,5.0,0.5294117647058824,0.2593674630095386
2,-5.0,G,540.0,0.8710365279164374,12.375888374825783,11,17,60.0,5.0,0.5137254901960784,0.25436950811775705
2,-5.0,G,540.0,0.8710365279164374,12.375888374825783,11,18,60.0,5.0,0.5137254901960784,0.25436950811775705
2,-5.0,G,540.0,0.8710365279164374,12.375888374825783,11,19,60.0,5.0,0.6078431372549019,0.28459942396084814
2,-5.0,G,540.0,0.8710365279164374,12.375888374825783,11,20,60.0,5.0,0.5843137254901961,0.2769667381789195
2,-5.0,G,540.0,0.8710365279164374,12.375888374825783,11,21,60.0,5.0,0.5333333333333333,0.26061820480353987
2,-5.0,G,540.0,0.8710365279164374,12.375888374825783,11,22,60.0,5.0,0.2196078431372549,0.15524984546857312
2,-5.0,G,540.0,0.8710365279164374,12.375888374825783,11,23,60.0,5.0,0.5882352941176471,0.2782340239492319
2,-5.0,G,540.0,0.8710365279164374,12.375888374825783,11,24,60.0,5.0,0.5019607843137255,0.2506241386314801
2,-5.0,G,540.0,0.8710365279164374,12.375888374825783,11,25,60.0,5.0,0.5647058823529412,0.2706544493931912
2,-5.0,G,540.0,0.8710365279164374,12.375888374825783,11,26,60.0,5.0,0.6941176470588235,0.3134576075771592
2,-5.0,G,540.0,0.8710365279164374,12.375888374825783,11,27,60.0,5.0,0.5372549019607843,0.26186960369612183
2,-5.0,G,540.0,0.8710365279164374,12.375888374825783,11,28,60.0,5.0,0.5647058823529412,0.2706544493931912
2,-5.0,G,540.0,0.8710365279164374,12.375888374825783,11,29,60.0,5.0,0.6666666666666666,0.3040867239846963
2,-5.0,G,540.0,0.8710365279164374,12.375888374825783,11,30,60.0,5.0,0.43137254901960786,0.22808602713867193
2,-5.0,G,540.0,0.8710365279164374,12.375888374825783,11,31,60.0,5.0,0.5215686274509804,0.25686763838273197
2,-5.0,G,540.0,0.8710365279164374,12.375888374825783,11,32,60.0,5.0,0.10196078431372549,0.10345212448837855
2,-5.0,G,540.0,0.8710365279164374,12.375888374825783,11,33,60.0,5.0,0.00392156862745098,0.01994638965273254
2,-5.0,G,540.0,0.8710365279164374,12.375888374825783,11,34,60.0,5.0,0.00392156862745098,0.01994638965273254
2,-5.0,G,540.0,0.8710365279164374,12.375888374825783,11,35,60.0,5.0,0.0,0.0
2,-5.0,G,540.0,0.8710365279164374,12.375888374825783,12,0,60.0,5.0,0.0,0.0
2,-5.0,G,540.0,0.8710365279164374,12.375888374825783,12,1,60.0,5.0,0.0,0.0
2,-5.0,G,540.0,0.8710365279164374,12.375888374825783,12,2,60.0,5.0,0.0,0.0
2,-5.0,G,540.0,0.8710365279164374,12.375888374825783,12,3,60.0,5.0,0.00392156862745098,0.01994638965273254
2,-5.0,G,540.0,0.8710365279164374,12.375888374825783,12,4,60.0,5.0,0.0,0.0
2,-5.0,G,540.0,0.8710365279164374,12.375888374825783,12,5,60.0,5.0,0.16862745098039217,0.1346956468623352
2,-5.0,G,540.0,0.8710365279164374,12.375888374825783,12,6,60.0,5.0,0.33725490196078434,0.19723534442367363
2,-5.0,G,540.0,0.8710365279164374,12.375888374825783,12,7,60.0,5.0,0.2823529411764706,0.17832219301287253
2,-5.0,G,540.0,0.8710365279164374,12.375888374825783,12,8,60.0,5.0,0.17647058823529413,0.13799940258341492
2,-5.0,G,540.0,0.8710365279164374,12.375888374825783,12,9,60.0,5.0,0.19215686274509805,0.14443943567870407
2,-5.0,G,540.0,0.8710365279164374,12.375888374825783,12,10,60.0,5.0,0.023529411764705882,0.049020040417914766
2,-5.0,G,540.0,0.8710365279164374,12.375888374825783,12,11,60.0,5.0,0.00784313725490196,0.028226977679718004
2,-5.0,G,540.0,0.8710365279164374,12.375888374825783,12,12,60.0,5.0,0.25882352941176473,0.16989114055384089
2,-5.0,G,540.0,0.8710365279164374,12.375888374825783,12,13,60.0,5.0,0.3333333333333333,0.19591327601530364
2,-5.0,G,540.0,0.8710365279164374,12.375888374825783,12,14,60.0,5.0,0.45098039215686275,0.2343714695941511
2,-5.0,G,540.0,0.8710365279164374,12.375888374825783,12,15,60.0,5.0,0.33725490196078434,0.19723534442367363
2,-5.0,G,540.0,0.8710365279164374,12.375888374825783,12,16,60.0,5.0,0.4117647058823529,0.22176597605076812
2,-5.0,G,540.0,0.8710365279164374,12.375888374825783,12,17,60.0,5.0,0.24313725490196078,0.1641324917521111
2,-5.0,G,540.0,0.8710365279164374,12.375888374825783,12,18,60.0,5.0,0.24705882352941178,0.16558349319631221
2,-5.0,G,540.0,0.8710365279164374,12.375888374825783,12,19,60.0,5.0,0.27450980392156865,0.17553721581099607
2,-5.0,G,540.0,0.8710365279164374,12.375888374825783,12,20,60.0,5.0,0.23529411764705882,0.1612063368033418
2,-5.0,G,540.0,0.8710365279164374,12.375888374825783,12,21,60.0,5.0,0.3137254901960784,0.18924192203775808
2,-5.0,G,540.0,0.8710365279164374,12.375888374825783,12,22,60.0,5.0,0.09803921568627451,0.10137157388840211
2,-5.0,G,540.0,0.8710365279164374,12.375888374825783,12,23,60.0,5.0,0.16470588235294117,0.1330208851941153
2,-5.0,G,540.0,0.8710365279164374,12.375888374825783,12,24,60.0,5.0,0.07450980392156863,0.08800426979263411
2,-5.0,G,540.0,0.8710365279164374,12.375888374825783,12,25,60.0,5.0,0.25098039215686274,0.16702677744422859
2,-5.0,G,540.0,0.8710365279164374,12.375888374825783,12,26,60.0,5.0,0.3843137254901961,0.2128391863481819
2,-5.0,G,540.0,0.8710365279164374,12.375888374825783,12,27,60.0,5.0,0.27058823529411763,0.17413550547828363
2,-5.0,G,540.0,0.8710365279164374,12.375888374825783,12,28,60.0,5.0,0.2823529411764706,0.17832219301287253
2,-5.0,G,540.0,0.8710365279164374,12.375888374825783,12,29,60.0,5.0,0.2196078431372549,0.15524984546857312
2,-5.0,G,540.0,0.8710365279164374,12.375888374825783,12,30,60.0,5.0,0.25098039215686274,0.16702677744422859
2,-5.0,G,540.0,0.8710365279164374,12.375888374825783,12,31,60.0,5.0,0.2980392156862745,0.18382343133011075
2,-5.0,G,540.0,0.8710365279164374,12.375888374825783,12,32,60.0,5.0,0.06666666666666667,0.08312898574059512
2,-5.0,G,540.0,0.8710365279164374,12.375888374825783,12,33,60.0,5.0,0.0,0.0
2,-5.0,G,540.0,0.8710365279164374,12.375888374825783,12,34,60.0,5.0,0.00392156862745098,0.01994638965273254
2,-5.0,G,540.0,0.8710365279164374,12.375888374825783,12,35,60.0,5.0,0.0,0.0
2,-5.0,G,540.0,0.8710365279164374,12.375888374825783,13,0,60.0,5.0,0.0,0.0
2,-5.0,G,540.0,0.8710365279164374,12.375888374825783,13,1,60.0,5.0,0.0,0.0
2,-5.0,G,540.0,0.8710365279164374,12.375888374825783,13,2,60.0,5.0,0.0,0.0
2,-5.0,G,540.0,0.8710365279164374,12.375888374825783,13,3,60.0,5.0,0.00392156862745098,0.01994638965273254
2,-5.0,G,540.0,0.8710365279164374,12.375888374825783,13,4,60.0,5.0,0.00392156862745098,0.01994638965273254
2,-5.0,G,540.0,0.8710365279164374,12.375888374825783,13,5,60.0,5.0,0.06666666666666667,0.08312898574059512
2,-5.0,G,540.0,0.8710365279164374,12.375888374825783,13,6,60.0,5.0,0.09411764705882353,0.09925358883323245
2,-5.0,G,540.0,0.8710365279164374,12.375888374825783,13,7,60.0,5.0,0.054901960784313725,0.0752836212383225
2,-5.0,G,540.0,0.8710365279164374,12.375888374825783,13,8,60.0,5.0,0.1607843137254902,0.13133003823498593
2,-5.0,G,540.0,0.8710365279164374,12.375888374825783,13,9,60.0,5.0,0.13333333333333333,0.11898174462796458
2,-5.0,G,540.0,0.8710365279164374,12.375888374825783,13,10,60.0,5.0,0.0,0.0
2,-5.0,G,540.0,0.8710365279164374,12.375888374825783,13,11,60.0,5.0,0.00392156862745098,0.01994638965273254
2,-5.0,G,540.0,0.8710365279164374,12.375888374825783,13,12,60.0,5.0,0.0,0.0
2,-5.0,G,540.0,0.8710365279164374,12.375888374825783,13,13,60.0,5.0,0.0,0.0
2,-5.0,G,540.0,0.8710365279164374,12.375888374825783,13,14,60.0,5.0,0.058823529411764705,0.07797913037736934
2,-5.0,G,540.0,0.8710365279164374,12.375888374825783,13,15,60.0,5.0,0.01568627450980392,0.03997164583041206
2,-5.0,G,540.0,0.8710365279164374,12.375888374825783,13,16,60.0,5.0,0.03529411764705882,0.060157486757451334
2,-5.0,G,540.0,0.8710365279164374,12.375888374825783,13,17,60.0,5.0,0.0,0.0
2,-5.0,G,540.0,0.8710365279164374,12.375888374825783,13,18,60.0,5.0,0.0,0.0
2,-5.0,G,540.0,0.8710365279164374,12.375888374825783,13,19,60.0,5.0,0.0,0.0
2,-5.0,G,540.0,0.8710365279164374,12.375888374825783,13,20,60.0,5.0,0.0,0.0
2,-5.0,G,540.0,0.8710365279164374,12.375888374825783,13,21,60.0,5.0,0.0,0.0
2,-5.0,G,540.0,0.8710365279164374,12.375888374825783,13,22,60.0,5.0,0.0,0.0
2,-5.0,G,540.0,0.8710365279164374,12.375888374825783,13,23,60.0,5.0,0.0,0.0
2,-5.0,G,540.0,0.8710365279164374,12.375888374825783,13,24,60.0,5.0,0.0,0.0
2,-5.0,G,540.0,0.8710365279164374,12.375888374825783,13,25,60.0,5.0,0.0,0.0
2,-5.0,G,540.0,0.8710365279164374,12.375888374825783,13,26,60.0,5.0,0.03137254901960784,0.05667903330417266
2,-5.0,G,540.0,0.8710365279164374,12.375888374825783,13,27,60.0,5.0,0.00784313725490196,0.028226977679718004
2,-5.0,G,540.0,0.8710365279164374,12.375888374825783,13,28,60.0,5.0,0.0,0.0
2,-5.0,G,540.0,0.8710365279164374,12.375888374825783,13,29,60.0,5.0,0.0,0.0
2,-5.0,G,540.0,0.8710365279164374,12.375888374825783,13,30,60.0,5.0,0.0,0.0
2,-5.0,G,540.0,0.8710365279164374,12.375888374825783,13,31,60.0,5.0,0.0,0.0
2,-5.0,G,540.0,0.8710365279164374,12.375888374825783,13,32,60.0,5.0,0.0,0.0
2,-5.0,G,540.0,0.8710365279164374,12.375888374825783,13,33,60.0,5.0,0.0,0.0
2,-5.0,G,540.0,0.8710365279164374,12.375888374825783,13,34,60.0,5.0,0.0,0.0
2,-5.0,G,540.0,0.8710365279164374,12.375888374825783,13,35,60.0,5.0,0.0,0.0
2,-5.0,G,540.0,0.8710365279164374,12.375888374825783,14,0,60.0,5.0,0.0,0.0
2,-5.0,G,540.0,0.8710365279164374,12.375888374825783,14,1,60.0,5.0,0.0,0.0
2,-5.0,G,540.0,0.8710365279164374,12.375888374825783,14,2,60.0,5.0,0.0,0.0
2,-5.0,G,540.0,0.8710365279164374,12.375888374825783,14,3,60.0,5.0,0.0,0.0
2,-5.0,G,540.0,0.8710365279164374,12.375888374825783,14,4,60.0,5.0,0.0,0.0
2,-5.0,G,540.0,0.8710365279164374,12.375888374825783,14,5,60.0,5.0,0.0,0.0
2,-5.0,G,540.0,0.8710365279164374,12.375888374825783,14,6,60.0,5.0,0.0,0.0
2,-5.0,G,540.0,0.8710365279164374,12.375888374825783,14,7,60.0,5.0,0.0,0.0
2,-5.0,G,540.0,0.8710365279164374,12.375888374825783,14,8,60.0,5.0,0.0,0.0
2,-5.0,G,540.0,0.8710365279164374,12.375888374825783,14,9,60.0,5.0,0.0,0.0
2,-5.0,G,540.0,0.8710365279164374,12.375888374825783,14,10,60.0,5.0,0.0,0.0
2,-5.0,G,540.0,0.8710365279164374,12.375888374825783,14,11,60.0,5.0,0.0,0.0
2,-5.0,G,540.0,0.8710365279164374,12.375888374825783,14,12,60.0,5.0,0.00784313725490196,0.028226977679718004
2,-5.0,G,540.0,0.8710365279164374,12.375888374825783,14,13,60.0,5.0,0.00392156862745098,0.01994638965273254
2,-5.0,G,540.0,0.8710365279164374,12.375888374825783,14,14,60.0,5.0,0.0,0.0
2,-5.0,G,540.0,0.8710365279164374,12.375888374825783,14,15,60.0,5.0,0.0,0.0
2,-5.0,G,540.0,0.8710365279164374,12.375888374825783,14,16,60.0,5.0,0.0,0.0
2,-5.0,G,540.0,0.8710365279164374,12.375888374825783,14,17,60.0,5.0,0.00784313725490196,0.028226977679718004
2,-5.0,G,540.0,0.8710365279164374,12.375888374825783,14,18,60.0,5.0,0.00784313725490196,0.028226977679718004
2,-5.0,G,540.0,0.8710365279164374,12.375888374825783,14,19,60.0,5.0,0.00784313725490196,0.028226977679718004
2,-5.0,G,540.0,0.8710365279164374,12.375888374825783,14,20,60.0,5.0,0.00784313725490196,0.028226977679718004
2,-5.0,G,540.0,0.8710365279164374,12.375888374825783,14,21,60.0,5.0,0.00784313725490196,0.028226977679718004
2,-5.0,G,540.0,0.8710365279164374,12.375888374825783,14,22,60.0,5.0,0.00392156862745098,0.01994638965273254
2,-5.0,G,540.0,0.8710365279164374,12.375888374825783,14,23,60.0,5.0,0.00392156862745098,0.01994638965273254
2,-5.0,G,540.0,0.8710365279164374,12.375888374825783,14,24,60.0,5.0,0.00392156862745098,0.01994638965273254
2,-5.0,G,540.0,0.8710365279164374,12.375888374825783,14,25,60.0,5.0,0.00784313725490196,0.028226977679718004
2,-5.0,G,540.0,0.8710365279164374,12.375888374825783,14,26,60.0,5.0,0.0,0.0
2,-5.0,G,540.0,0.8710365279164374,12.375888374825783,14,27,60.0,5.0,0.0,0.0
2,-5.0,G,540.0,0.8710365279164374,12.375888374825783,14,28,60.0,5.0,0.00784313725490196,0.028226977679718004
2,-5.0,G,540.0,0.8710365279164374,12.375888374825783,14,29,60.0,5.0,0.00784313725490196,0.028226977679718004
2,-5.0,G,540.0,0.8710365279164374,12.375888374825783,14,30,60.0,5.0,0.00784313725490196,0.028226977679718004
2,-5.0,G,540.0,0.8710365279164374,12.375888374825783,14,31,60.0,5.0,0.00784313725490196,0.028226977679718004
2,-5.0,G,540.0,0.8710365279164374,12.375888374825783,14,32,60.0,5.0,0.00392156862745098,0.01994638965273254
2,-5.0,G,540.0,0.8710365279164374,12.375888374825783,14,33,60.0,5.0,0.0,0.0
2,-5.0,G,540.0,0.8710365279164374,12.375888374825783,14,34,60.0,5.0,0.0,0.0
2,-5.0,G,540.0,0.8710365279164374,12.375888374825783,14,35,60.0,5.0,0.0,0.0
2,-5.0,G,540.0,0.8710365279164374,12.375888374825783,15,0,60.0,5.0,0.0,0.0
2,-5.0,G,540.0,0.8710365279164374,12.375888374825783,15,1,60.0,5.0,0.0,0.0
2,-5.0,G,540.0,0.8710365279164374,12.375888374825783,15,2,60.0,5.0,0.0,0.0
2,-5.0,G,540.0,0.8710365279164374,12.375888374825783,15,3,60.0,5.0,0.0,0.0
2,-5.0,G,540.0,0.8710365279164374,12.375888374825783,15,4,60.0,5.0,0.0,0.0
2,-5.0,G,540.0,0.8710365279164374,12.375888374825783,15,5,60.0,5.0,0.00392156862745098,0.01994638965273254
2,-5.0,G,540.0,0.8710365279164374,12.375888374825783,15,6,60.0,5.0,0.00392156862745098,0.01994638965273254
2,-5.0,G,540.0,0.8710365279164374,12.375888374825783,15,7,60.0,5.0,0.0,0.0
2,-5.0,G,540.0,0.8710365279164374,12.375888374825783,15,8,60.0,5.0,0.0,0.0
2,-5.0,G,540.0,0.8710365279164374,12.375888374825783,15,9,60.0,5.0,0.00392156862745098,0.01994638965273254
2,-5.0,G,540.0,0.8710365279164374,12.375888374825783,15,10,60.0,5.0,0.0,0.0
2,-5.0,G,540.0,0.8710365279164374,12.375888374825783,15,11,60.0,5.0,0.0,0.0
2,-5.0,G,540.0,0.8710365279164374,12.375888374825783,15,12,60.0,5.0,0.0,0.0
2,-5.0,G,540.0,0.8710365279164374,12.375888374825783,15,13,60.0,5.0,0.0,0.0
2,-5.0,G,540.0,0.8710365279164374,12.375888374825783,15,14,60.0,5.0,0.00392156862745098,0.01994638965273254
2,-5.0,G,540.0,0.8710365279164374,12.375888374825783,15,15,60.0,5.0,0.0,0.0
2,-5.0,G,540.0,0.8710365279164374,12.375888374825783,15,16,60.0,5.0,0.00392156862745098,0.01994638965273254
2,-5.0,G,540.0,0.8710365279164374,12.375888374825783,15,17,60.0,5.0,0.0,0.0
2,-5.0,G,540.0,0.8710365279164374,12.375888374825783,15,18,60.0,5.0,0.0,0.0
2,-5.0,G,540.0,0.8710365279164374,12.375888374825783,15,19,60.0,5.0,0.0,0.0
2,-5.0,G,540.0,0.8710365279164374,12.375888374825783,15,20,60.0,5.0,0.0,0.0
2,-5.0,G,540.0,0.8710365279164374,12.375888374825783,15,21,60.0,5.0,0.0,0.0
2,-5.0,G,540.0,0.8710365279164374,12.375888374825783,15,22,60.0,5.0,0.0,0.0
2,-5.0,G,540.0,0.8710365279164374,12.375888374825783,15,23,60.0,5.0,0.0,0.0
2,-5.0,G,540.0,0.8710365279164374,12.375888374825783,15,24,60.0,5.0,0.0,0.0
2,-5.0,G,540.0,0.8710365279164374,12.375888374825783,15,25,60.0,5.0,0.0,0.0
2,-5.0,G,540.0,0.8710365279164374,12.375888374825783,15,26,60.0,5.0,0.00392156862745098,0.01994638965273254
2,-5.0,G,540.0,0.8710365279164374,12.375888374825783,15,27,60.0,5.0,0.0,0.0
2,-5.0,G,540.0,0.8710365279164374,12.375888374825783,15,28,60.0,5.0,0.0,0.0
2,-5.0,G,540.0,0.8710365279164374,12.375888374825783,15,29,60.0,5.0,0.0,0.0
2,-5.0,G,540.0,0.8710365279164374,12.375888374825783,15,30,60.0,5.0,0.0,0.0
2,-5.0,G,540.0,0.8710365279164374,12.375888374825783,15,31,60.0,5.0,0.0,0.0
2,-5.0,G,540.0,0.8710365279164374,12.375888374825783,15,32,60.0,5.0,0.0,0.0
2,-5.0,G,540.0,0.8710365279164374,12.375888374825783,15,33,60.0,5.0,0.0,0.0
2,-5.0,G,540.0,0.8710365279164374,12.375888374825783,15,34,60.0,5.0,0.0,0.0
2,-5.0,G,540.0,0.8710365279164374,12.375888374825783,15,35,60.0,5.0,0.0,0.0
2,-5.0,G,540.0,0.8710365279164374,12.375888374825783,16,0,60.0,5.0,0.0,0.0
2,-5.0,G,540.0,0.8710365279164374,12.375888374825783,16,1,60.0,5.0,0.0,0.0
2,-5.0,G,540.0,0.8710365279164374,12.375888374825783,16,2,60.0,5.0,0.0,0.0
2,-5.0,G,540.0,0.8710365279164374,12.375888374825783,16,3,60.0,5.0,0.0,0.0
2,-5.0,G,540.0,0.8710365279164374,12.375888374825783,16,4,60.0,5.0,0.0,0.0
2,-5.0,G,540.0,0.8710365279164374,12.375888374825783,16,5,60.0,5.0,0.0,0.0
2,-5.0,G,540.0,0.8710365279164374,12.375888374825783,16,6,60.0,5.0,0.0,0.0
2,-5.0,G,540.0,0.8710365279164374,12.375888374825783,16,7,60.0,5.0,0.0,0.0
2,-5.0,G,540.0,0.8710365279164374,12.375888374825783,16,8,60.0,5.0,0.0,0.0
2,-5.0,G,540.0,0.8710365279164374,12.375888374825783,16,9,60.0,5.0,0.0,0.0
2,-5.0,G,540.0,0.8710365279164374,12.375888374825783,16,10,60.0,5.0,0.0,0.0
2,-5.0,G,540.0,0.8710365279164374,12.375888374825783,16,11,60.0,5.0,0.0,0.0
2,-5.0,G,540.0,0.8710365279164374,12.375888374825783,16,12,60.0,5.0,0.0,0.0
2,-5.0,G,540.0,0.8710365279164374,12.375888374825783,16,13,60.0,5.0,0.0,0.0
2,-5.0,G,540.0,0.8710365279164374,12.375888374825783,16,14,60.0,5.0,0.0,0.0
2,-5.0,G,540.0,0.8710365279164374,12.375888374825783,16,15,60.0,5.0,0.0,0.0
2,-5.0,G,540.0,0.8710365279164374,12.375888374825783,16,16,60.0,5.0,0.0,0.0
2,-5.0,G,540.0,0.8710365279164374,12.375888374825783,16,17,60.0,5.0,0.0,0.0
2,-5.0,G,540.0,0.8710365279164374,12.375888374825783,16,18,60.0,5.0,0.0,0.0
2,-5.0,G,540.0,0.8710365279164374,12.375888374825783,16,19,60.0,5.0,0.0,0.0
2,-5.0,G,540.0,0.8710365279164374,12.375888374825783,16,20,60.0,5.0,0.0,0.0
2,-5.0,G,540.0,0.8710365279164374,12.375888374825783,16,21,60.0,5.0,0.0,0.0
2,-5.0,G,540.0,0.8710365279164374,12.375888374825783,16,22,60.0,5.0,0.0,0.0
2,-5.0,G,540.0,0.8710365279164374,12.375888374825783,16,23,60.0,5.0,0.0,0.0
2,-5.0,G,540.0,0.8710365279164374,12.375888374825783,16,24,60.0,5.0,0.0,0.0
2,-5.0,G,540.0,0.8710365279164374,12.375888374825783,16,25,60.0,5.0,0.0,0.0
2,-5.0,G,540.0,0.8710365279164374,12.375888374825783,16,26,60.0,5.0,0.0,0.0
2,-5.0,G,540.0,0.8710365279164374,12.375888374825783,16,27,60.0,5.0,0.0,0.0
2,-5.0,G,540.0,0.8710365279164374,12.375888374825783,16,28,60.0,5.0,0.0,0.0
2,-5.0,G,540.0,0.8710365279164374,12.375888374825783,16,29,60.0,5.0,0.0,0.0
2,-5.0,G,540.0,0.8710365279164374,12.375888374825783,16,30,60.0,5.0,0.0,0.0
2,-5.0,G,540.0,0.8710365279164374,12.375888374825783,16,31,60.0,5.0,0.0,0.0
2,-5.0,G,540.0,0.8710365279164374,12.375888374825783,16,32,60.0,5.0,0.0,0.0
2,-5.0,G,540.0,0.8710365279164374,12.375888374825783,16,33,60.0,5.0,0.0,0.0
2,-5.0,G,540.0,0.8710365279164374,12.375888374825783,16,34,60.0,5.0,0.0,0.0
2,-5.0,G,540.0,0.8710365279164374,12.375888374825783,16,35,60.0,5.0,0.0,0.0
2,-5.0,G,540.0,0.8710365279164374,12.375888374825783,17,0,60.0,5.0,0.0,0.0
2,-5.0,G,540.0,0.8710365279164374,12.375888374825783,17,1,60.0,5.0,0.0,0.0
2,-5.0,G,540.0,0.8710365279164374,12.375888374825783,17,2,60.0,5.0,0.0,0.0
2,-5.0,G,540.0,0.8710365279164374,12.375888374825783,17,3,60.0,5.0,0.0,0.0
2,-5.0,G,540.0,0.8710365279164374,12.375888374825783,17,4,60.0,5.0,0.0,0.0
2,-5.0,G,540.0,0.8710365279164374,12.375888374825783,17,5,60.0,5.0,0.0,0.0
2,-5.0,G,540.0,0.8710365279164374,12.375888374825783,17,6,60.0,5.0,0.0,0.0
2,-5.0,G,540.0,0.8710365279164374,12.375888374825783,17,7,60.0,5.0,0.0,0.0
2,-5.0,G,540.0,0.8710365279164374,12.375888374825783,17,8,60.0,5.0,0.0,0.0
2,-5.0,G,540.0,0.8710365279164374,12.375888374825783,17,9,60.0,5.0,0.0,0.0
2,-5.0,G,540.0,0.8710365279164374,12.375888374825783,17,10,60.0,5.0,0.0,0.0
2,-5.0,G,540.0,0.8710365279164374,12.375888374825783,17,11,60.0,5.0,0.0,0.0
2,-5.0,G,540.0,0.8710365279164374,12.375888374825783,17,12,60.0,5.0,0.0,0.0
2,-5.0,G,540.0,0.8710365279164374,12.375888374825783,17,13,60.0,5.0,0.0,0.0
2,-5.0,G,540.0,0.8710365279164374,12.375888374825783,17,14,60.0,5.0,0.0,0.0
2,-5.0,G,540.0,0.8710365279164374,12.375888374825783,17,15,60.0,5.0,0.0,0.0
2,-5.0,G,540.0,0.8710365279164374,12.375888374825783,17,16,60.0,5.0,0.0,0.0
2,-5.0,G,540.0,0.8710365279164374,12.375888374825783,17,17,60.0,5.0,0.0,0.0
2,-5.0,G,540.0,0.8710365279164374,12.375888374825783,17,18,60.0,5.0,0.0,0.0
2,-5.0,G,540.0,0.8710365279164374,12.375888374825783,17,19,60.0,5.0,0.0,0.0
2,-5.0,G,540.0,0.8710365279164374,12.375888374825783,17,20,60.0,5.0,0.0,0.0
2,-5.0,G,540.0,0.8710365279164374,12.375888374825783,17,21,60.0,5.0,0.0,0.0
2,-5.0,G,540.0,0.8710365279164374,12.375888374825783,17,22,60.0,5.0,0.0,0.0
2,-5.0,G,540.0,0.8710365279164374,12.375888374825783,17,23,60.0,5.0,0.0,0.0
2,-5.0,G,540.0,0.8710365279164374,12.375888374825783,17,24,60.0,5.0,0.0,0.0
2,-5.0,G,540.0,0.8710365279164374,12.375888374825783,17,25,60.0,5.0,0.0,0.0
2,-5.0,G,540.0,0.8710365279164374,12.375888374825783,17,26,60.0,5.0,0.0,0.0
2,-5.0,G,540.0,0.8710365279164374,12.375888374825783,17,27,60.0,5.0,0.0,0.0
2,-5.0,G,540.0,0.8710365279164374,12.375888374825783,17,28,60.0,5.0,0.0,0.0
2,-5.0,G,540.0,0.8710365279164374,12.375888374825783,17,29,60.0,5.0,0.0,0.0
2,-5.0,G,540.0,0.8710365279164374,12.375888374825783,17,30,60.0,5.0,0.0,0.0
2,-5.0,G,540.0,0.8710365279164374,12.375888374825783,17,31,60.0,5.0,0.0,0.0
2,-5.0,G,540.0,0.8710365279164374,12.375888374825783,17,32,60.0,5.0,0.0,0.0
2,-5.0,G,540.0,0.8710365279164374,12.375888374825783,17,33,60.0,5.0,0.0,0.0
2,-5.0,G,540.0,0.8710365279164374,12.375888374825783,17,34,60.0,5.0,0.0,0.0
2,-5.0,G,540.0,0.8710365279164374,12.375888374825783,17,35,60.0,5.0,0.0,0.0
2,-5.0,G,540.0,0.8710365279164374,12.375888374825783,18,0,60.0,5.0,0.0,0.0
2,-5.0,G,540.0,0.8710365279164374,12.375888374825783,18,1,60.0,5.0,0.0,0.0
2,-5.0,G,540.0,0.8710365279164374,12.375888374825783,18,2,60.0,5.0,0.0,0.0
2,-5.0,G,540.0,0.8710365279164374,12.375888374825783,18,3,60.0,5.0,0.0,0.0
2,-5.0,G,540.0,0.8710365279164374,12.375888374825783,18,4,60.0,5.0,0.0,0.0
2,-5.0,G,540.0,0.8710365279164374,12.375888374825783,18,5,60.0,5.0,0.0,0.0
2,-5.0,G,540.0,0.8710365279164374,12.375888374825783,18,6,60.0,5.0,0.0,0.0
2,-5.0,G,540.0,0.8710365279164374,12.375888374825783,18,7,60.0,5.0,0.0,0.0
2,-5.0,G,540.0,0.8710365279164374,12.375888374825783,18,8,60.0,5.0,0.0,0.0
2,-5.0,G,540.0,0.8710365279164374,12.375888374825783,18,9,60.0,5.0,0.0,0.0
2,-5.0,G,540.0,0.8710365279164374,12.375888374825783,18,10,60.0,5.0,0.0,0.0
2,-5.0,G,540.0,0.8710365279164374,12.375888374825783,18,11,60.0,5.0,0.0,0.0
2,-5.0,G,540.0,0.8710365279164374,12.375888374825783,18,12,60.0,5.0,0.0,0.0
2,-5.0,G,540.0,0.8710365279164374,12.375888374825783,18,13,60.0,5.0,0.0,0.0
2,-5.0,G,540.0,0.8710365279164374,12.375888374825783,18,14,60.0,5.0,0.0,0.0
2,-5.0,G,540.0,0.8710365279164374,12.375888374825783,18,15,60.0,5.0,0.0,0.0
2,-5.0,G,540.0,0.8710365279164374,12.375888374825783,18,16,60.0,5.0,0.0,0.0
2,-5.0,G,540.0,0.8710365279164374,12.375888374825783,18,17,60.0,5.0,0.0,0.0
2,-5.0,G,540.0,0.8710365279164374,12.375888374825783,18,18,60.0,5.0,0.0,0.0
2,-5.0,G,540.0,0.8710365279164374,12.375888374825783,18,19,60.0,5.0,0.0,0.0
2,-5.0,G,540.0,0.8710365279164374,12.375888374825783,18,20,60.0,5.0,0.0,0.0
2,-5.0,G,540.0,0.8710365279164374,12.375888374825783,18,21,60.0,5.0,0.0,0.0
2,-5.0,G,540.0,0.8710365279164374,12.375888374825783,18,22,60.0,5.0,0.0,0.0
2,-5.0,G,540.0,0.8710365279164374,12.375888374825783,18,23,60.0,5.0,0.0,0.0
2,-5.0,G,540.0,0.8710365279164374,12.375888374825783,18,24,60.0,5.0,0.0,0.0
2,-5.0,G,540.0,0.8710365279164374,12.375888374825783,18,25,60.0,5.0,0.0,0.0
2,-5.0,G,540.0,0.8710365279164374,12.375888374825783,18,26,60.0,5.0,0.0,0.0
2,-5.0,G,540.0,0.8710365279164374,12.375888374825783,18,27,60.0,5.0,0.0,0.0
2,-5.0,G,540.0,0.8710365279164374,12.375888374825783,18,28,60.0,5.0,0.0,0.0
2,-5.0,G,540.0,0.8710365279164374,12.375888374825783,18,29,60.0,5.0,0.0,0.0
2,-5.0,G,540.0,0.8710365279164374,12.375888374825783,18,30,60.0,5.0,0.0,0.0
2,-5.0,G,540.0,0.8710365279164374,12.375888374825783,18,31,60.0,5.0,0.0,0.0
2,-5.0,G,540.0,0.8710365279164374,12.375888374825783,18,32,60.0,5.0,0.0,0.0
2,-5.0,G,540.0,0.8710365279164374,12.375888374825783,18,33,60.0,5.0,0.0,0.0
2,-5.0,G,540.0,0.8710365279164374,12.375888374825783,18,34,60.0,5.0,0.0,0.0
2,-5.0,G,540.0,0.8710365279164374,12.375888374825783,18,35,60.0,5.0,0.0,0.0
2,-5.0,G,540.0,0.8710365279164374,12.375888374825783,19,0,60.0,5.0,0.0,0.0
2,-5.0,G,540.0,0.8710365279164374,12.375888374825783,19,1,60.0,5.0,0.0,0.0
2,-5.0,G,540.0,0.8710365279164374,12.375888374825783,19,2,60.0,5.0,0.0,0.0
2,-5.0,G,540.0,0.8710365279164374,12.375888374825783,19,3,60.0,5.0,0.0,0.0
2,-5.0,G,540.0,0.8710365279164374,12.375888374825783,19,4,60.0,5.0,0.0,0.0
2,-5.0,G,540.0,0.8710365279164374,12.375888374825783,19,5,60.0,5.0,0.0,0.0
2,-5.0,G,540.0,0.8710365279164374,12.375888374825783,19,6,60.0,5.0,0.0,0.0
2,-5.0,G,540.0,0.8710365279164374,12.375888374825783,19,7,60.0,5.0,0.0,0.0
2,-5.0,G,540.0,0.8710365279164374,12.375888374825783,19,8,60.0,5.0,0.0,0.0
2,-5.0,G,540.0,0.8710365279164374,12.375888374825783,19,9,60.0,5.0,0.0,0.0
2,-5.0,G,540.0,0.8710365279164374,12.375888374825783,19,10,60.0,5.0,0.0,0.0
2,-5.0,G,540.0,0.8710365279164374,12.375888374825783,19,11,60.0,5.0,0.0,0.0
2,-5.0,G,540.0,0.8710365279164374,12.375888374825783,19,12,60.0,5.0,0.0,0.0
2,-5.0,G,540.0,0.8710365279164374,12.375888374825783,19,13,60.0,5.0,0.0,0.0
2,-5.0,G,540.0,0.8710365279164374,12.375888374825783,19,14,60.0,5.0,0.0,0.0
2,-5.0,G,540.0,0.8710365279164374,12.375888374825783,19,15,60.0,5.0,0.0,0.0
2,-5.0,G,540.0,0.8710365279164374,12.375888374825783,19,16,60.0,5.0,0.0,0.0
2,-5.0,G,540.0,0.8710365279164374,12.375888374825783,19,17,60.0,5.0,0.0,0.0
2,-5.0,G,540.0,0.8710365279164374,12.375888374825783,19,18,60.0,5.0,0.0,0.0
2,-5.0,G,540.0,0.8710365279164374,12.375888374825783,19,19,60.0,5.0,0.0,0.0
2,-5.0,G,540.0,0.8710365279164374,12.375888374825783,19,20,60.0,5.0,0.0,0.0
2,-5.0,G,540.0,0.8710365279164374,12.375888374825783,19,21,60.0,5.0,0.0,0.0
2,-5.0,G,540.0,0.8710365279164374,12.375888374825783,19,22,60.0,5.0,0.0,0.0
2,-5.0,G,540.0,0.8710365279164374,12.375888374825783,19,23,60.0,5.0,0.0,0.0
2,-5.0,G,540.0,0.8710365279164374,12.375888374825783,19,24,60.0,5.0,0.0,0.0
2,-5.0,G,540.0,0.8710365279164374,12.375888374825783,19,25,60.0,5.0,0.0,0.0
2,-5.0,G,540.0,0.8710365279164374,12.375888374825783,19,26,60.0,5.0,0.0,0.0
2,-5.0,G,540.0,0.8710365279164374,12.375888374825783,19,27,60.0,5.0,0.0,0.0
2,-5.0,G,540.0,0.8710365279164374,12.375888374825783,19,28,60.0,5.0,0.0,0.0
2,-5.0,G,540.0,0.8710365279164374,12.375888374825783,19,29,60.0,5.0,0.0,0.0
2,-5.0,G,540.0,0.8710365279164374,12.375888374825783,19,30,60.0,5.0,0.0,0.0
2,-5.0,G,540.0,0.8710365279164374,12.375888374825783,19,31,60.0,5.0,0.0,0.0
2,-5.0,G,540.0,0.8710365279164374,12.375888374825783,19,32,60.0,5.0,0.0,0.0
2,-5.0,G,540.0,0.8710365279164374,12.375888374825783,19,33,60.0,5.0,0.0,0.0
2,-5.0,G,540.0,0.8710365279164374,12.375888374825783,19,34,60.0,5.0,0.0,0.0
2,-5.0,G,540.0,0.8710365279164374,12.375888374825783,19,35,60.0,5.0,0.0,0.0
2,-5.0,B,470.0,0.7581243854087509,10.771606548459477,0,0,60.0,5.0,0.0,0.0
2,-5.0,B,470.0,0.7581243854087509,10.771606548459477,0,1,60.0,5.0,0.0,0.0
2,-5.0,B,470.0,0.7581243854087509,10.771606548459477,0,2,60.0,5.0,0.0,0.0
2,-5.0,B,470.0,0.7581243854087509,10.771606548459477,0,3,60.0,5.0,0.0,0.0
2,-5.0,B,470.0,0.7581243854087509,10.771606548459477,0,4,60.0,5.0,0.0,0.0
2,-5.0,B,470.0,0.7581243854087509,10.771606548459477,0,5,60.0,5.0,0.0,0.0
2,-5.0,B,470.0,0.7581243854087509,10.771606548459477,0,6,60.0,5.0,0.0,0.0
2,-5.0,B,470.0,0.7581243854087509,10.771606548459477,0,7,60.0,5.0,0.0,0.0
2,-5.0,B,470.0,0.7581243854087509,10.771606548459477,0,8,60.0,5.0,0.0,0.0
2,-5.0,B,470.0,0.7581243854087509,10.771606548459477,0,9,60.0,5.0,0.0,0.0
2,-5.0,B,470.0,0.7581243854087509,10.771606548459477,0,10,60.0,5.0,0.0,0.0
2,-5.0,B,470.0,0.7581243854087509,10.771606548459477,0,11,60.0,5.0,0.0,0.0
2,-5.0,B,470.0,0.7581243854087509,10.771606548459477,0,12,60.0,5.0,0.0,0.0
2,-5.0,B,470.0,0.7581243854087509,10.771606548459477,0,13,60.0,5.0,0.0,0.0
2,-5.0,B,470.0,0.7581243854087509,10.771606548459477,0,14,60.0,5.0,0.0,0.0
2,-5.0,B,470.0,0.7581243854087509,10.771606548459477,0,15,60.0,5.0,0.0,0.0
2,-5.0,B,470.0,0.7581243854087509,10.771606548459477,0,16,60.0,5.0,0.0,0.0
2,-5.0,B,470.0,0.7581243854087509,10.771606548459477,0,17,60.0,5.0,0.0,0.0
2,-5.0,B,470.0,0.7581243854087509,10.771606548459477,0,18,60.0,5.0,0.0,0.0
2,-5.0,B,470.0,0.7581243854087509,10.771606548459477,0,19,60.0,5.0,0.0,0.0
2,-5.0,B,470.0,0.7581243854087509,10.771606548459477,0,20,60.0,5.0,0.0,0.0
2,-5.0,B,470.0,0.7581243854087509,10.771606548459477,0,21,60.0,5.0,0.0,0.0
2,-5.0,B,470.0,0.7581243854087509,10.771606548459477,0,22,60.0,5.0,0.0,0.0
2,-5.0,B,470.0,0.7581243854087509,10.771606548459477,0,23,60.0,5.0,0.0,0.0
2,-5.0,B,470.0,0.7581243854087509,10.771606548459477,0,24,60.0,5.0,0.0,0.0
2,-5.0,B,470.0,0.7581243854087509,10.771606548459477,0,25,60.0,5.0,0.0,0.0
2,-5.0,B,470.0,0.7581243854087509,10.771606548459477,0,26,60.0,5.0,0.0,0.0
2,-5.0,B,470.0,0.7581243854087509,10.771606548459477,0,27,60.0,5.0,0.0,0.0
2,-5.0,B,470.0,0.7581243854087509,10.771606548459477,0,28,60.0,5.0,0.0,0.0
2,-5.0,B,470.0,0.7581243854087509,10.771606548459477,0,29,60.0,5.0,0.0,0.0
2,-5.0,B,470.0,0.7581243854087509,10.771606548459477,0,30,60.0,5.0,0.0,0.0
2,-5.0,B,470.0,0.7581243854087509,10.771606548459477,0,31,60.0,5.0,0.0,0.0
2,-5.0,B,470.0,0.7581243854087509,10.771606548459477,0,32,60.0,5.0,0.0,0.0
2,-5.0,B,470.0,0.7581243854087509,10.771606548459477,0,33,60.0,5.0,0.0,0.0
2,-5.0,B,470.0,0.7581243854087509,10.771606548459477,0,34,60.0,5.0,0.0,0.0
2,-5.0,B,470.0,0.7581243854087509,10.771606548459477,0,35,60.0,5.0,0.0,0.0
2,-5.0,B,470.0,0.7581243854087509,10.771606548459477,1,0,60.0,5.0,0.0,0.0
2,-5.0,B,470.0,0.7581243854087509,10.771606548459477,1,1,60.0,5.0,0.0,0.0
2,-5.0,B,470.0,0.7581243854087509,10.771606548459477,1,2,60.0,5.0,0.0,0.0
2,-5.0,B,470.0,0.7581243854087509,10.771606548459477,1,3,60.0,5.0,0.0,0.0
2,-5.0,B,470.0,0.7581243854087509,10.771606548459477,1,4,60.0,5.0,0.0,0.0
2,-5.0,B,470.0,0.7581243854087509,10.771606548459477,1,5,60.0,5.0,0.0,0.0
2,-5.0,B,470.0,0.7581243854087509,10.771606548459477,1,6,60.0,5.0,0.0,0.0
2,-5.0,B,470.0,0.7581243854087509,10.771606548459477,1,7,60.0,5.0,0.0,0.0
2,-5.0,B,470.0,0.7581243854087509,10.771606548459477,1,8,60.0,5.0,0.0,0.0
2,-5.0,B,470.0,0.7581243854087509,10.771606548459477,1,9,60.0,5.0,0.0,0.0
2,-5.0,B,470.0,0.7581243854087509,10.771606548459477,1,10,60.0,5.0,0.0,0.0
2,-5.0,B,470.0,0.7581243854087509,10.771606548459477,1,11,60.0,5.0,0.0,0.0
2,-5.0,B,470.0,0.7581243854087509,10.771606548459477,1,12,60.0,5.0,0.0,0.0
2,-5.0,B,470.0,0.7581243854087509,10.771606548459477,1,13,60.0,5.0,0.0,0.0
2,-5.0,B,470.0,0.7581243854087509,10.771606548459477,1,14,60.0,5.0,0.0,0.0
2,-5.0,B,470.0,0.7581243854087509,10.771606548459477,1,15,60.0,5.0,0.0,0.0
2,-5.0,B,470.0,0.7581243854087509,10.771606548459477,1,16,60.0,5.0,0.0,0.0
2,-5.0,B,470.0,0.7581243854087509,10.771606548459477,1,17,60.0,5.0,0.0,0.0
2,-5.0,B,470.0,0.7581243854087509,10.771606548459477,1,18,60.0,5.0,0.0,0.0
2,-5.0,B,470.0,0.7581243854087509,10.771606548459477,1,19,60.0,5.0,0.0,0.0
2,-5.0,B,470.0,0.7581243854087509,10.771606548459477,1,20,60.0,5.0,0.0,0.0
2,-5.0,B,470.0,0.7581243854087509,10.771606548459477,1,21,60.0,5.0,0.0,0.0
2,-5.0,B,470.0,0.7581243854087509,10.771606548459477,1,22,60.0,5.0,0.0,0.0
2,-5.0,B,470.0,0.7581243854087509,10.771606548459477,1,23,60.0,5.0,0.0,0.0
2,-5.0,B,470.0,0.7581243854087509,10.771606548459477,1,24,60.0,5.0,0.0,0.0
2,-5.0,B,470.0,0.7581243854087509,10.771606548459477,1,25,60.0,5.0,0.0,0.0
2,-5.0,B,470.0,0.7581243854087509,10.771606548459477,1,26,60.0,5.0,0.0,0.0
2,-5.0,B,470.0,0.7581243854087509,10.771606548459477,1,27,60.0,5.0,0.0,0.0
2,-5.0,B,470.0,0.7581243854087509,10.771606548459477,1,28,60.0,5.0,0.0,0.0
2,-5.0,B,470.0,0.7581243854087509,10.771606548459477,1,29,60.0,5.0,0.0,0.0
2,-5.0,B,470.0,0.7581243854087509,10.771606548459477,1,30,60.0,5.0,0.0,0.0
2,-5.0,B,470.0,0.7581243854087509,10.771606548459477,1,31,60.0,5.0,0.0,0.0
2,-5.0,B,470.0,0.7581243854087509,10.771606548459477,1,32,60.0,5.0,0.0,0.0
2,-5.0,B,470.0,0.7581243854087509,10.771606548459477,1,33,60.0,5.0,0.0,0.0
2,-5.0,B,470.0,0.7581243854087509,10.771606548459477,1,34,60.0,5.0,0.0,0.0
2,-5.0,B,470.0,0.7581243854087509,10.771606548459477,1,35,60.0,5.0,0.0,0.0
2,-5.0,B,470.0,0.7581243854087509,10.771606548459477,2,0,60.0,5.0,0.0,0.0
2,-5.0,B,470.0,0.7581243854087509,10.771606548459477,2,1,60.0,5.0,0.0,0.0
2,-5.0,B,470.0,0.7581243854087509,10.771606548459477,2,2,60.0,5.0,0.0,0.0
2,-5.0,B,470.0,0.7581243854087509,10.771606548459477,2,3,60.0,5.0,0.0,0.0
2,-5.0,B,470.0,0.7581243854087509,10.771606548459477,2,4,60.0,5.0,0.0,0.0
2,-5.0,B,470.0,0.7581243854087509,10.771606548459477,2,5,60.0,5.0,0.0,0.0
2,-5.0,B,470.0,0.7581243854087509,10.771606548459477,2,6,60.0,5.0,0.0,0.0
2,-5.0,B,470.0,0.7581243854087509,10.771606548459477,2,7,60.0,5.0,0.0,0.0
2,-5.0,B,470.0,0.7581243854087509,10.771606548459477,2,8,60.0,5.0,0.0,0.0
2,-5.0,B,470.0,0.7581243854087509,10.771606548459477,2,9,60.0,5.0,0.0,0.0
2,-5.0,B,470.0,0.7581243854087509,10.771606548459477,2,10,60.0,5.0,0.0,0.0
2,-5.0,B,470.0,0.7581243854087509,10.771606548459477,2,11,60.0,5.0,0.0,0.0
2,-5.0,B,470.0,0.7581243854087509,10.771606548459477,2,12,60.0,5.0,0.0,0.0
2,-5.0,B,470.0,0.7581243854087509,10.771606548459477,2,13,60.0,5.0,0.0,0.0
2,-5.0,B,470.0,0.7581243854087509,10.771606548459477,2,14,60.0,5.0,0.0,0.0
2,-5.0,B,470.0,0.7581243854087509,10.771606548459477,2,15,60.0,5.0,0.0,0.0
2,-5.0,B,470.0,0.7581243854087509,10.771606548459477,2,16,60.0,5.0,0.0,0.0
2,-5.0,B,470.0,0.7581243854087509,10.771606548459477,2,17,60.0,5.0,0.0,0.0
2,-5.0,B,470.0,0.7581243854087509,10.771606548459477,2,18,60.0,5.0,0.0,0.0
2,-5.0,B,470.0,0.7581243854087509,10.771606548459477,2,19,60.0,5.0,0.0,0.0
2,-5.0,B,470.0,0.7581243854087509,10.771606548459477,2,20,60.0,5.0,0.0,0.0
2,-5.0,B,470.0,0.7581243854087509,10.771606548459477,2,21,60.0,5.0,0.0,0.0
2,-5.0,B,470.0,0.7581243854087509,10.771606548459477,2,22,60.0,5.0,0.0,0.0
2,-5.0,B,470.0,0.7581243854087509,10.771606548459477,2,23,60.0,5.0,0.0,0.0
2,-5.0,B,470.0,0.7581243854087509,10.771606548459477,2,24,60.0,5.0,0.0,0.0
2,-5.0,B,470.0,0.7581243854087509,10.771606548459477,2,25,60.0,5.0,0.0,0.0
2,-5.0,B,470.0,0.7581243854087509,10.771606548459477,2,26,60.0,5.0,0.0,0.0
2,-5.0,B,470.0,0.7581243854087509,10.771606548459477,2,27,60.0,5.0,0.0,0.0
2,-5.0,B,470.0,0.7581243854087509,10.771606548459477,2,28,60.0,5.0,0.0,0.0
2,-5.0,B,470.0,0.7581243854087509,10.771606548459477,2,29,60.0,5.0,0.0,0.0
2,-5.0,B,470.0,0.7581243854087509,10.771606548459477,2,30,60.0,5.0,0.0,0.0
2,-5.0,B,470.0,0.7581243854087509,10.771606548459477,2,31,60.0,5.0,0.0,0.0
2,-5.0,B,470.0,0.7581243854087509,10.771606548459477,2,32,60.0,5.0,0.0,0.0
2,-5.0,B,470.0,0.7581243854087509,10.771606548459477,2,33,60.0,5.0,0.0,0.0
2,-5.0,B,470.0,0.7581243854087509,10.771606548459477,2,34,60.0,5.0,0.0,0.0
2,-5.0,B,470.0,0.7581243854087509,10.771606548459477,2,35,60.0,5.0,0.0,0.0
2,-5.0,B,470.0,0.7581243854087509,10.771606548459477,3,0,60.0,5.0,0.0,0.0
2,-5.0,B,470.0,0.7581243854087509,10.771606548459477,3,1,60.0,5.0,0.0,0.0
2,-5.0,B,470.0,0.7581243854087509,10.771606548459477,3,2,60.0,5.0,0.0,0.0
2,-5.0,B,470.0,0.7581243854087509,10.771606548459477,3,3,60.0,5.0,0.0,0.0
2,-5.0,B,470.0,0.7581243854087509,10.771606548459477,3,4,60.0,5.0,0.0,0.0
2,-5.0,B,470.0,0.7581243854087509,10.771606548459477,3,5,60.0,5.0,0.0,0.0
2,-5.0,B,470.0,0.7581243854087509,10.771606548459477,3,6,60.0,5.0,0.0,0.0
2,-5.0,B,470.0,0.7581243854087509,10.771606548459477,3,7,60.0,5.0,0.0,0.0
2,-5.0,B,470.0,0.7581243854087509,10.771606548459477,3,8,60.0,5.0,0.0,0.0
2,-5.0,B,470.0,0.7581243854087509,10.771606548459477,3,9,60.0,5.0,0.0,0.0
2,-5.0,B,470.0,0.7581243854087509,10.771606548459477,3,10,60.0,5.0,0.0,0.0
2,-5.0,B,470.0,0.7581243854087509,10.771606548459477,3,11,60.0,5.0,0.0,0.0
2,-5.0,B,470.0,0.7581243854087509,10.771606548459477,3,12,60.0,5.0,0.0,0.0
2,-5.0,B,470.0,0.7581243854087509,10.771606548459477,3,13,60.0,5.0,0.0,0.0
2,-5.0,B,470.0,0.7581243854087509,10.771606548459477,3,14,60.0,5.0,0.0,0.0
2,-5.0,B,470.0,0.7581243854087509,10.771606548459477,3,15,60.0,5.0,0.0,0.0
2,-5.0,B,470.0,0.7581243854087509,10.771606548459477,3,16,60.0,5.0,0.0,0.0
2,-5.0,B,470.0,0.7581243854087509,10.771606548459477,3,17,60.0,5.0,0.0,0.0
2,-5.0,B,470.0,0.7581243854087509,10.771606548459477,3,18,60.0,5.0,0.0,0.0
2,-5.0,B,470.0,0.7581243854087509,10.771606548459477,3,19,60.0,5.0,0.0,0.0
2,-5.0,B,470.0,0.7581243854087509,10.771606548459477,3,20,60.0,5.0,0.0,0.0
2,-5.0,B,470.0,0.7581243854087509,10.771606548459477,3,21,60.0,5.0,0.0,0.0
2,-5.0,B,470.0,0.7581243854087509,10.771606548459477,3,22,60.0,5.0,0.0,0.0
2,-5.0,B,470.0,0.7581243854087509,10.771606548459477,3,23,60.0,5.0,0.0,0.0
2,-5.0,B,470.0,0.7581243854087509,10.771606548459477,3,24,60.0,5.0,0.0,0.0
2,-5.0,B,470.0,0.7581243854087509,10.771606548459477,3,25,60.0,5.0,0.0,0.0
2,-5.0,B,470.0,0.7581243854087509,10.771606548459477,3,26,60.0,5.0,0.0,0.0
2,-5.0,B,470.0,0.7581243854087509,10.771606548459477,3,27,60.0,5.0,0.0,0.0
2,-5.0,B,470.0,0.7581243854087509,10.771606548459477,3,28,60.0,5.0,0.0,0.0
2,-5.0,B,470.0,0.7581243854087509,10.771606548459477,3,29,60.0,5.0,0.0,0.0
2,-5.0,B,470.0,0.7581243854087509,10.771606548459477,3,30,60.0,5.0,0.0,0.0
2,-5.0,B,470.0,0.7581243854087509,10.771606548459477,3,31,60.0,5.0,0.0,0.0
2,-5.0,B,470.0,0.7581243854087509,10.771606548459477,3,32,60.0,5.0,0.0,0.0
2,-5.0,B,470.0,0.7581243854087509,10.771606548459477,3,33,60.0,5.0,0.0,0.0
2,-5.0,B,470.0,0.7581243854087509,10.771606548459477,3,34,60.0,5.0,0.0,0.0
2,-5.0,B,470.0,0.7581243854087509,10.771606548459477,3,35,60.0,5.0,0.0,0.0
2,-5.0,B,470.0,0.7581243854087509,10.771606548459477,4,0,60.0,5.0,0.0,0.0
2,-5.0,B,470.0,0.7581243854087509,10.771606548459477,4,1,60.0,5.0,0.0,0.0
2,-5.0,B,470.0,0.7581243854087509,10.771606548459477,4,2,60.0,5.0,0.0,0.0
2,-5.0,B,470.0,0.7581243854087509,10.771606548459477,4,3,60.0,5.0,0.0,0.0
2,-5.0,B,470.0,0.7581243854087509,10.771606548459477,4,4,60.0,5.0,0.0,0.0
2,-5.0,B,470.0,0.7581243854087509,10.771606548459477,4,5,60.0,5.0,0.00784313725490196,0.028226977679718004
2,-5.0,B,470.0,0.7581243854087509,10.771606548459477,4,6,60.0,5.0,0.01568627450980392,0.03997164583041206
2,-5.0,B,470.0,0.7581243854087509,10.771606548459477,4,7,60.0,5.0,0.00784313725490196,0.028226977679718004
2,-5.0,B,470.0,0.7581243854087509,10.771606548459477,4,8,60.0,5.0,0.0,0.0
2,-5.0,B,470.0,0.7581243854087509,10.771606548459477,4,9,60.0,5.0,0.0,0.0
2,-5.0,B,470.0,0.7581243854087509,10.771606548459477,4,10,60.0,5.0,0.0,0.0
2,-5.0,B,470.0,0.7581243854087509,10.771606548459477,4,11,60.0,5.0,0.0,0.0
2,-5.0,B,470.0,0.7581243854087509,10.771606548459477,4,12,60.0,5.0,0.00784313725490196,0.028226977679718004
2,-5.0,B,470.0,0.7581243854087509,10.771606548459477,4,13,60.0,5.0,0.00392156862745098,0.01994638965273254
2,-5.0,B,470.0,0.7581243854087509,10.771606548459477,4,14,60.0,5.0,0.00392156862745098,0.01994638965273254
2,-5.0,B,470.0,0.7581243854087509,10.771606548459477,4,15,60.0,5.0,0.00392156862745098,0.01994638965273254
2,-5.0,B,470.0,0.7581243854087509,10.771606548459477,4,16,60.0,5.0,0.00784313725490196,0.028226977679718004
2,-5.0,B,470.0,0.7581243854087509,10.771606548459477,4,17,60.0,5.0,0.00392156862745098,0.01994638965273254
2,-5.0,B,470.0,0.7581243854087509,10.771606548459477,4,18,60.0,5.0,0.00784313725490196,0.028226977679718004
2,-5.0,B,470.0,0.7581243854087509,10.771606548459477,4,19,60.0,5.0,0.00392156862745098,0.01994638965273254
2,-5.0,B,470.0,0.7581243854087509,10.771606548459477,4,20,60.0,5.0,0.00392156862745098,0.01994638965273254
2,-5.0,B,470.0,0.7581243854087509,10.771606548459477,4,21,60.0,5.0,0.00784313725490196,0.028226977679718004
2,-5.0,B,470.0,0.7581243854087509,10.771606548459477,4,22,60.0,5.0,0.00392156862745098,0.01994638965273254
2,-5.0,B,470.0,0.7581243854087509,10.771606548459477,4,23,60.0,5.0,0.0,0.0
2,-5.0,B,470.0,0.7581243854087509,10.771606548459477,4,24,60.0,5.0,0.00392156862745098,0.01994638965273254
2,-5.0,B,470.0,0.7581243854087509,10.771606548459477,4,25,60.0,5.0,0.00784313725490196,0.028226977679718004
2,-5.0,B,470.0,0.7581243854087509,10.771606548459477,4,26,60.0,5.0,0.00392156862745098,0.01994638965273254
2,-5.0,B,470.0,0.7581243854087509,10.771606548459477,4,27,60.0,5.0,0.0,0.0
2,-5.0,B,470.0,0.7581243854087509,10.771606548459477,4,28,60.0,5.0,0.0,0.0
2,-5.0,B,470.0,0.7581243854087509,10.771606548459477,4,29,60.0,5.0,0.0,0.0
2,-5.0,B,470.0,0.7581243854087509,10.771606548459477,4,30,60.0,5.0,0.0,0.0
2,-5.0,B,470.0,0.7581243854087509,10.771606548459477,4,31,60.0,5.0,0.0,0.0
2,-5.0,B,470.0,0.7581243854087509,10.771606548459477,4,32,60.0,5.0,0.0,0.0
2,-5.0,B,470.0,0.7581243854087509,10.771606548459477,4,33,60.0,5.0,0.0,0.0
2,-5.0,B,470.0,0.7581243854087509,10.771606548459477,4,34,60.0,5.0,0.0,0.0
2,-5.0,B,470.0,0.7581243854087509,10.771606548459477,4,35,60.0,5.0,0.0,0.0
2,-5.0,B,470.0,0.7581243854087509,10.771606548459477,5,0,60.0,5.0,0.0,0.0
2,-5.0,B,470.0,0.7581243854087509,10.771606548459477,5,1,60.0,5.0,0.0,0.0
2,-5.0,B,470.0,0.7581243854087509,10.771606548459477,5,2,60.0,5.0,0.0,0.0
2,-5.0,B,470.0,0.7581243854087509,10.771606548459477,5,3,60.0,5.0,0.0,0.0
2,-5.0,B,470.0,0.7581243854087509,10.771606548459477,5,4,60.0,5.0,0.0,0.0
2,-5.0,B,470.0,0.7581243854087509,10.771606548459477,5,5,60.0,5.0,0.0,0.0
2,-5.0,B,470.0,0.7581243854087509,10.771606548459477,5,6,60.0,5.0,0.0392156862745098,0.06345418699423495
2,-5.0,B,470.0,0.7581243854087509,10.771606548459477,5,7,60.0,5.0,0.023529411764705882,0.049020040417914766
2,-5.0,B,470.0,0.7581243854087509,10.771606548459477,5,8,60.0,5.0,0.0,0.0
2,-5.0,B,470.0,0.7581243854087509,10.771606548459477,5,9,60.0,5.0,0.00392156862745098,0.01994638965273254
2,-5.0,B,470.0,0.7581243854087509,10.771606548459477,5,10,60.0,5.0,0.0,0.0
2,-5.0,B,470.0,0.7581243854087509,10.771606548459477,5,11,60.0,5.0,0.0,0.0
2,-5.0,B,470.0,0.7581243854087509,10.771606548459477,5,12,60.0,5.0,0.0,0.0
2,-5.0,B,470.0,0.7581243854087509,10.771606548459477,5,13,60.0,5.0,0.0,0.0
2,-5.0,B,470.0,0.7581243854087509,10.771606548459477,5,14,60.0,5.0,0.0,0.0
2,-5.0,B,470.0,0.7581243854087509,10.771606548459477,5,15,60.0,5.0,0.0,0.0
2,-5.0,B,470.0,0.7581243854087509,10.771606548459477,5,16,60.0,5.0,0.0,0.0
2,-5.0,B,470.0,0.7581243854087509,10.771606548459477,5,17,60.0,5.0,0.0,0.0
2,-5.0,B,470.0,0.7581243854087509,10.771606548459477,5,18,60.0,5.0,0.0,0.0
2,-5.0,B,470.0,0.7581243854087509,10.771606548459477,5,19,60.0,5.0,0.0,0.0
2,-5.0,B,470.0,0.7581243854087509,10.771606548459477,5,20,60.0,5.0,0.0,0.0
2,-5.0,B,470.0,0.7581243854087509,10.771606548459477,5,21,60.0,5.0,0.0,0.0
2,-5.0,B,470.0,0.7581243854087509,10.771606548459477,5,22,60.0,5.0,0.0,0.0
2,-5.0,B,470.0,0.7581243854087509,10.771606548459477,5,23,60.0,5.0,0.0,0.0
2,-5.0,B,470.0,0.7581243854087509,10.771606548459477,5,24,60.0,5.0,0.0,0.0
2,-5.0,B,470.0,0.7581243854087509,10.771606548459477,5,25,60.0,5.0,0.0,0.0
2,-5.0,B,470.0,0.7581243854087509,10.771606548459477,5,26,60.0,5.0,0.0,0.0
2,-5.0,B,470.0,0.7581243854087509,10.771606548459477,5,27,60.0,5.0,0.0,0.0
2,-5.0,B,470.0,0.7581243854087509,10.771606548459477,5,28,60.0,5.0,0.0,0.0
2,-5.0,B,470.0,0.7581243854087509,10.771606548459477,5,29,60.0,5.0,0.0,0.0
2,-5.0,B,470.0,0.7581243854087509,10.771606548459477,5,30,60.0,5.0,0.0,0.0
2,-5.0,B,470.0,0.7581243854087509,10.771606548459477,5,31,60.0,5.0,0.0,0.0
2,-5.0,B,470.0,0.7581243854087509,10.771606548459477,5,32,60.0,5.0,0.0,0.0
2,-5.0,B,470.0,0.7581243854087509,10.771606548459477,5,33,60.0,5.0,0.0,0.0
2,-5.0,B,470.0,0.7581243854087509,10.771606548459477,5,34,60.0,5.0,0.0,0.0
2,-5.0,B,470.0,0.7581243854087509,10.771606548459477,5,35,60.0,5.0,0.0,0.0
2,-5.0,B,470.0,0.7581243854087509,10.771606548459477,6,0,60.0,5.0,0.0,0.0
2,-5.0,B,470.0,0.7581243854087509,10.771606548459477,6,1,60.0,5.0,0.0,0.0
2,-5.0,B,470.0,0.7581243854087509,10.771606548459477,6,2,60.0,5.0,0.00392156862745098,0.01994638965273254
2,-5.0,B,470.0,0.7581243854087509,10.771606548459477,6,3,60.0,5.0,0.0,0.0
2,-5.0,B,470.0,0.7581243854087509,10.771606548459477,6,4,60.0,5.0,0.023529411764705882,0.049020040417914766
2,-5.0,B,470.0,0.7581243854087509,10.771606548459477,6,5,60.0,5.0,0.27450980392156865,0.17553721581099607
2,-5.0,B,470.0,0.7581243854087509,10.771606548459477,6,6,60.0,5.0,0.10588235294117647,0.105497495924501
2,-5.0,B,470.0,0.7581243854087509,10.771606548459477,6,7,60.0,5.0,0.24313725490196078,0.1641324917521111
2,-5.0,B,470.0,0.7581243854087509,10.771606548459477,6,8,60.0,5.0,0.06666666666666667,0.08312898574059512
2,-5.0,B,470.0,0.7581243854087509,10.771606548459477,6,9,60.0,5.0,0.0,0.0
2,-5.0,B,470.0,0.7581243854087509,10.771606548459477,6,10,60.0,5.0,0.00784313725490196,0.028226977679718004
2,-5.0,B,470.0,0.7581243854087509,10.771606548459477,6,11,60.0,5.0,0.0,0.0
2,-5.0,B,470.0,0.7581243854087509,10.771606548459477,6,12,60.0,5.0,0.20784313725490197,0.15068188153318207
2,-5.0,B,470.0,0.7581243854087509,10.771606548459477,6,13,60.0,5.0,0.10196078431372549,0.10345212448837855
2,-5.0,B,470.0,0.7581243854087509,10.771606548459477,6,14,60.0,5.0,0.058823529411764705,0.07797913037736934
2,-5.0,B,470.0,0.7581243854087509,10.771606548459477,6,15,60.0,5.0,0.07058823529411765,0.08559793231834631
2,-5.0,B,470.0,0.7581243854087509,10.771606548459477,6,16,60.0,5.0,0.20392156862745098,0.14913829006235088
2,-5.0,B,470.0,0.7581243854087509,10.771606548459477,6,17,60.0,5.0,0.27450980392156865,0.17553721581099607
2,-5.0,B,470.0,0.7581243854087509,10.771606548459477,6,18,60.0,5.0,0.25882352941176473,0.16989114055384089
2,-5.0,B,470.0,0.7581243854087509,10.771606548459477,6,19,60.0,5.0,0.07450980392156863,0.08800426979263411
2,-5.0,B,470.0,0.7581243854087509,10.771606548459477,6,20,60.0,5.0,0.07450980392156863,0.08800426979263411
2,-5.0,B,470.0,0.7581243854087509,10.771606548459477,6,21,60.0,5.0,0.2235294117647059,0.1567527086383188
2,-5.0,B,470.0,0.7581243854087509,10.771606548459477,6,22,60.0,5.0,0.054901960784313725,0.0752836212383225
2,-5.0,B,470.0,0.7581243854087509,10.771606548459477,6,23,60.0,5.0,0.01568627450980392,0.03997164583041206
2,-5.0,B,470.0,0.7581243854087509,10.771606548459477,6,24,60.0,5.0,0.027450980392156862,0.05298297410946823
2,-5.0,B,470.0,0.7581243854087509,10.771606548459477,6,25,60.0,5.0,0.19215686274509805,0.14443943567870407
2,-5.0,B,470.0,0.7581243854087509,10.771606548459477,6,26,60.0,5.0,0.34901960784313724,0.20117941526475813
2,-5.0,B,470.0,0.7581243854087509,10.771606548459477,6,27,60.0,5.0,0.0,0.0
2,-5.0,B,470.0,0.7581243854087509,10.771606548459477,6,28,60.0,5.0,0.00392156862745098,0.01994638965273254
2,-5.0,B,470.0,0.7581243854087509,10.771606548459477,6,29,60.0,5.0,0.0,0.0
2,-5.0,B,470.0,0.7581243854087509,10.771606548459477,6,30,60.0,5.0,0.0,0.0
2,-5.0,B,470.0,0.7581243854087509,10.771606548459477,6,31,60.0,5.0,0.0,0.0
2,-5.0,B,470.0,0.7581243854087509,10.771606548459477,6,32,60.0,5.0,0.0,0.0
2,-5.0,B,470.0,0.7581243854087509,10.771606548459477,6,33,60.0,5.0,0.0,0.0
2,-5.0,B,470.0,0.7581243854087509,10.771606548459477,6,34,60.0,5.0,0.0,0.0
2,-5.0,B,470.0,0.7581243854087509,10.771606548459477,6,35,60.0,5.0,0.0,0.0
2,-5.0,B,470.0,0.7581243854087509,10.771606548459477,7,0,60.0,5.0,0.0,0.0
2,-5.0,B,470.0,0.7581243854087509,10.771606548459477,7,1,60.0,5.0,0.0,0.0
2,-5.0,B,470.0,0.7581243854087509,10.771606548459477,7,2,60.0,5.0,0.00392156862745098,0.01994638965273254
2,-5.0,B,470.0,0.7581243854087509,10.771606548459477,7,3,60.0,5.0,0.00392156862745098,0.01994638965273254
2,-5.0,B,470.0,0.7581243854087509,10.771606548459477,7,4,60.0,5.0,0.14901960784313725,0.12615408206482107
2,-5.0,B,470.0,0.7581243854087509,10.771606548459477,7,5,60.0,5.0,0.7058823529411765,0.3175437199199347
2,-5.0,B,470.0,0.7581243854087509,10.771606548459477,7,6,60.0,5.0,0.5137254901960784,0.25436950811775705
2,-5.0,B,470.0,0.7581243854087509,10.771606548459477,7,7,60.0,5.0,0.26666666666666666,0.1727273908759613
2,-5.0,B,470.0,0.7581243854087509,10.771606548459477,7,8,60.0,5.0,0.19607843137254902,0.14601747052853942
2,-5.0,B,470.0,0.7581243854087509,10.771606548459477,7,9,60.0,5.0,0.06666666666666667,0.08312898574059512
2,-5.0,B,470.0,0.7581243854087509,10.771606548459477,7,10,60.0,5.0,0.011764705882352941,0.0345936127618576
2,-5.0,B,470.0,0.7581243854087509,10.771606548459477,7,11,60.0,5.0,0.0,0.0
2,-5.0,B,470.0,0.7581243854087509,10.771606548459477,7,12,60.0,5.0,0.42745098039215684,0.22682512093786292
2,-5.0,B,470.0,0.7581243854087509,10.771606548459477,7,13,60.0,5.0,0.5254901960784314,0.25811730014959144
2,-5.0,B,470.0,0.7581243854087509,10.771606548459477,7,14,60.0,5.0,0.5176470588235295,0.2556184001474059
2,-5.0,B,470.0,0.7581243854087509,10.771606548459477,7,15,60.0,5.0,0.4627450980392157,0.23813039630387822
2,-5.0,B,470.0,0.7581243854087509,10.771606548459477,7,16,60.0,5.0,0.47058823529411764,0.2406325369904614
2,-5.0,B,470.0,0.7581243854087509,10.771606548459477,7,17,60.0,5.0,0.47058823529411764,0.2406325369904614
2,-5.0,B,470.0,0.7581243854087509,10.771606548459477,7,18,60.0,5.0,0.5372549019607843,0.26186960369612183
2,-5.0,B,470.0,0.7581243854087509,10.771606548459477,7,19,60.0,5.0,0.4588235294117647,0.23687826177997542
2,-5.0,B,470.0,0.7581243854087509,10.771606548459477,7,20,60.0,5.0,0.5529411764705883,0.2668833473847134
2,-5.0,B,470.0,0.7581243854087509,10.771606548459477,7,21,60.0,5.0,0.5372549019607843,0.26186960369612183
2,-5.0,B,470.0,0.7581243854087509,10.771606548459477,7,22,60.0,5.0,0.592156862745098,0.2795031214917875
2,-5.0,B,470.0,0.7581243854087509,10.771606548459477,7,23,60.0,5.0,0.30196078431372547,0.1851854165236684
2,-5.0,B,470.0,0.7581243854087509,10.771606548459477,7,24,60.0,5.0,0.4823529411764706,0.24438159985259414
2,-5.0,B,470.0,0.7581243854087509,10.771606548459477,7,25,60.0,5.0,0.6235294117647059,0.28973204586090356
2,-5.0,B,470.0,0.7581243854087509,10.771606548459477,7,26,60.0,5.0,0.3843137254901961,0.2128391863481819
2,-5.0,B,470.0,0.7581243854087509,10.771606548459477,7,27,60.0,5.0,0.0,0.0
2,-5.0,B,470.0,0.7581243854087509,10.771606548459477,7,28,60.0,5.0,0.011764705882352941,0.0345936127618576
2,-5.0,B,470.0,0.7581243854087509,10.771606548459477,7,29,60.0,5.0,0.00392156862745098,0.01994638965273254
2,-5.0,B,470.0,0.7581243854087509,10.771606548459477,7,30,60.0,5.0,0.0,0.0
2,-5.0,B,470.0,0.7581243854087509,10.771606548459477,7,31,60.0,5.0,0.0,0.0
2,-5.0,B,470.0,0.7581243854087509,10.771606548459477,7,32,60.0,5.0,0.0,0.0
2,-5.0,B,470.0,0.7581243854087509,10.771606548459477,7,33,60.0,5.0,0.0,0.0
2,-5.0,B,470.0,0.7581243854087509,10.771606548459477,7,34,60.0,5.0,0.0,0.0
2,-5.0,B,470.0,0.7581243854087509,10.771606548459477,7,35,60.0,5.0,0.0,0.0
2,-5.0,B,470.0,0.7581243854087509,10.771606548459477,8,0,60.0,5.0,0.0,0.0
2,-5.0,B,470.0,0.7581243854087509,10.771606548459477,8,1,60.0,5.0,0.0,0.0
2,-5.0,B,470.0,0.7581243854087509,10.771606548459477,8,2,60.0,5.0,0.03529411764705882,0.060157486757451334
2,-5.0,B,470.0,0.7581243854087509,10.771606548459477,8,3,60.0,5.0,0.09019607843137255,0.09709567612708571
2,-5.0,B,470.0,0.7581243854087509,10.771606548459477,8,4,60.0,5.0,0.25882352941176473,0.16989114055384089
2,-5.0,B,470.0,0.7581243854087509,10.771606548459477,8,5,60.0,5.0,0.8,0.3524163823495668
2,-5.0,B,470.0,0.7581243854087509,10.771606548459477,8,6,60.0,5.0,0.8,0.3524163823495668
2,-5.0,B,470.0,0.7581243854087509,10.771606548459477,8,7,60.0,5.0,0.5411764705882353,0.26312173822002455
2,-5.0,B,470.0,0.7581243854087509,10.771606548459477,8,8,60.0,5.0,0.4980392156862745,0.24937586136851997
2,-5.0,B,470.0,0.7581243854087509,10.771606548459477,8,9,60.0,5.0,0.2196078431372549,0.15524984546857312
2,-5.0,B,470.0,0.7581243854087509,10.771606548459477,8,10,60.0,5.0,0.0196078431372549,0.04471926097515774
2,-5.0,B,470.0,0.7581243854087509,10.771606548459477,8,11,60.0,5.0,0.011764705882352941,0.0345936127618576
2,-5.0,B,470.0,0.7581243854087509,10.771606548459477,8,12,60.0,5.0,0.3254901960784314,0.19325732867442041
2,-5.0,B,470.0,0.7581243854087509,10.771606548459477,8,13,60.0,5.0,0.41568627450980394,0.22303326182108058
2,-5.0,B,470.0,0.7581243854087509,10.771606548459477,8,14,60.0,5.0,0.3803921568627451,0.21155484953700343
2,-5.0,B,470.0,0.7581243854087509,10.771606548459477,8,15,60.0,5.0,0.4235294117647059,0.2255627480278026
2,-5.0,B,470.0,0.7581243854087509,10.771606548459477,8,16,60.0,5.0,0.3843137254901961,0.2128391863481819
2,-5.0,B,470.0,0.7581243854087509,10.771606548459477,8,17,60.0,5.0,0.3568627450980392,0.20379153547696685
2,-5.0,B,470.0,0.7581243854087509,10.771606548459477,8,18,60.0,5.0,0.34901960784313724,0.20117941526475813
2,-5.0,B,470.0,0.7581243854087509,10.771606548459477,8,19,60.0,5.0,0.44313725490196076,0.23186078127719867
2,-5.0,B,470.0,0.7581243854087509,10.771606548459477,8,20,60.0,5.0,0.4823529411764706,0.24438159985259414
2,-5.0,B,470.0,0.7581243854087509,10.771606548459477,8,21,60.0,5.0,0.3568627450980392,0.20379153547696685
2,-5.0,B,470.0,0.7581243854087509,10.771606548459477,8,22,60.0,5.0,0.47843137254901963,0.24313236161726806
2,-5.0,B,470.0,0.7581243854087509,10.771606548459477,8,23,60.0,5.0,0.19607843137254902,0.14601747052853942
2,-5.0,B,470.0,0.7581243854087509,10.771606548459477,8,24,60.0,5.0,0.4,0.21795289157551256
2,-5.0,B,470.0,0.7581243854087509,10.771606548459477,8,25,60.0,5.0,0.48627450980392156,0.24563049188224292
2,-5.0,B,470.0,0.7581243854087509,10.771606548459477,8,26,60.0,5.0,0.20784313725490197,0.15068188153318207
2,-5.0,B,470.0,0.7581243854087509,10.771606548459477,8,27,60.0,5.0,0.011764705882352941,0.0345936127618576
2,-5.0,B,470.0,0.7581243854087509,10.771606548459477,8,28,60.0,5.0,0.00784313725490196,0.028226977679718004
2,-5.0,B,470.0,0.7581243854087509,10.771606548459477,8,29,60.0,5.0,0.0,0.0
2,-5.0,B,470.0,0.7581243854087509,10.771606548459477,8,30,60.0,5.0,0.011764705882352941,0.0345936127618576
2,-5.0,B,470.0,0.7581243854087509,10.771606548459477,8,31,60.0,5.0,0.00784313725490196,0.028226977679718004
2,-5.0,B,470.0,0.7581243854087509,10.771606548459477,8,32,60.0,5.0,0.0,0.0
2,-5.0,B,470.0,0.7581243854087509,10.771606548459477,8,33,60.0,5.0,0.0,0.0
2,-5.0,B,470.0,0.7581243854087509,10.771606548459477,8,34,60.0,5.0,0.0,0.0
2,-5.0,B,470.0,0.7581243854087509,10.771606548459477,8,35,60.0,5.0,0.0,0.0
2,-5.0,B,470.0,0.7581243854087509,10.771606548459477,9,0,60.0,5.0,0.0,0.0
2,-5.0,B,470.0,0.7581243854087509,10.771606548459477,9,1,60.0,5.0,0.0,0.0
2,-5.0,B,470.0,0.7581243854087509,10.771606548459477,9,2,60.0,5.0,0.027450980392156862,0.05298297410946823
2,-5.0,B,470.0,0.7581243854087509,10.771606548459477,9,3,60.0,5.0,0.1411764705882353,0.12260956282279944
2,-5.0,B,470.0,0.7581243854087509,10.771606548459477,9,4,60.0,5.0,0.21568627450980393,0.15373730807570263
2,-5.0,B,470.0,0.7581243854087509,10.771606548459477,9,5,60.0,5.0,0.2901960784313726,0.18108380148135117
2,-5.0,B,470.0,0.7581243854087509,10.771606548459477,9,6,60.0,5.0,0.23921568627450981,0.16267352538779695
2,-5.0,B,470.0,0.7581243854087509,10.771606548459477,9,7,60.0,5.0,0.34509803921568627,0.19986829362396183
2,-5.0,B,470.0,0.7581243854087509,10.771606548459477,9,8,60.0,5.0,0.43137254901960786,0.22808602713867193
2,-5.0,B,470.0,0.7581243854087509,10.771606548459477,9,9,60.0,5.0,0.25882352941176473,0.16989114055384089
2,-5.0,B,470.0,0.7581243854087509,10.771606548459477,9,10,60.0,5.0,0.06274509803921569,0.08059162758159863
2,-5.0,B,470.0,0.7581243854087509,10.771606548459477,9,11,60.0,5.0,0.00784313725490196,0.028226977679718004
2,-5.0,B,470.0,0.7581243854087509,10.771606548459477,9,12,60.0,5.0,0.0,0.0
2,-5.0,B,470.0,0.7581243854087509,10.771606548459477,9,13,60.0,5.0,0.0,0.0
2,-5.0,B,470.0,0.7581243854087509,10.771606548459477,9,14,60.0,5.0,0.0,0.0
2,-5.0,B,470.0,0.7581243854087509,10.771606548459477,9,15,60.0,5.0,0.0,0.0
2,-5.0,B,470.0,0.7581243854087509,10.771606548459477,9,16,60.0,5.0,0.0,0.0
2,-5.0,B,470.0,0.7581243854087509,10.771606548459477,9,17,60.0,5.0,0.047058823529411764,0.06960448727306395
2,-5.0,B,470.0,0.7581243854087509,10.771606548459477,9,18,60.0,5.0,0.06274509803921569,0.08059162758159863
2,-5.0,B,470.0,0.7581243854087509,10.771606548459477,9,19,60.0,5.0,0.0,0.0
2,-5.0,B,470.0,0.7581243854087509,10.771606548459477,9,20,60.0,5.0,0.0,0.0
2,-5.0,B,470.0,0.7581243854087509,10.771606548459477,9,21,60.0,5.0,0.027450980392156862,0.05298297410946823
2,-5.0,B,470.0,0.7581243854087509,10.771606548459477,9,22,60.0,5.0,0.03137254901960784,0.05667903330417266
2,-5.0,B,470.0,0.7581243854087509,10.771606548459477,9,23,60.0,5.0,0.0,0.0
2,-5.0,B,470.0,0.7581243854087509,10.771606548459477,9,24,60.0,5.0,0.00784313725490196,0.028226977679718004
2,-5.0,B,470.0,0.7581243854087509,10.771606548459477,9,25,60.0,5.0,0.0,0.0
2,-5.0,B,470.0,0.7581243854087509,10.771606548459477,9,26,60.0,5.0,0.0,0.0
2,-5.0,B,470.0,0.7581243854087509,10.771606548459477,9,27,60.0,5.0,0.0,0.0
2,-5.0,B,470.0,0.7581243854087509,10.771606548459477,9,28,60.0,5.0,0.0,0.0
2,-5.0,B,470.0,0.7581243854087509,10.771606548459477,9,29,60.0,5.0,0.03529411764705882,0.060157486757451334
2,-5.0,B,470.0,0.7581243854087509,10.771606548459477,9,30,60.0,5.0,0.0,0.0
2,-5.0,B,470.0,0.7581243854087509,10.771606548459477,9,31,60.0,5.0,0.0,0.0
2,-5.0,B,470.0,0.7581243854087509,10.771606548459477,9,32,60.0,5.0,0.0,0.0
2,-5.0,B,470.0,0.7581243854087509,10.771606548459477,9,33,60.0,5.0,0.0,0.0
2,-5.0,B,470.0,0.7581243854087509,10.771606548459477,9,34,60.0,5.0,0.0,0.0
2,-5.0,B,470.0,0.7581243854087509,10.771606548459477,9,35,60.0,5.0,0.0,0.0
2,-5.0,B,470.0,0.7581243854087509,10.771606548459477,10,0,60.0,5.0,0.0,0.0
2,-5.0,B,470.0,0.7581243854087509,10.771606548459477,10,1,60.0,5.0,0.0,0.0
2,-5.0,B,470.0,0.7581243854087509,10.771606548459477,10,2,60.0,5.0,0.00392156862745098,0.01994638965273254
2,-5.0,B,470.0,0.7581243854087509,10.771606548459477,10,3,60.0,5.0,0.25098039215686274,0.16702677744422859
2,-5.0,B,470.0,0.7581243854087509,10.771606548459477,10,4,60.0,5.0,0.29411764705882354,0.18245628008006537
2,-5.0,B,470.0,0.7581243854087509,10.771606548459477,10,5,60.0,5.0,0.24705882352941178,0.16558349319631221
2,-5.0,B,470.0,0.7581243854087509,10.771606548459477,10,6,60.0,5.0,0.21176470588235294,0.1522147678661474
2,-5.0,B,470.0,0.7581243854087509,10.771606548459477,10,7,60.0,5.0,0.12549019607843137,0.11526243188745809
2,-5.0,B,470.0,0.7581243854087509,10.771606548459477,10,8,60.0,5.0,0.07450980392156863,0.08800426979263411
2,-5.0,B,470.0,0.7581243854087509,10.771606548459477,10,9,60.0,5.0,0.10588235294117647,0.105497495924501
2,-5.0,B,470.0,0.7581243854087509,10.771606548459477,10,10,60.0,5.0,0.047058823529411764,0.06960448727306395
2,-5.0,B,470.0,0.7581243854087509,10.771606548459477,10,11,60.0,5.0,0.043137254901960784,0.06659618536329842
2,-5.0,B,470.0,0.7581243854087509,10.771606548459477,10,12,60.0,5.0,0.19607843137254902,0.14601747052853942
2,-5.0,B,470.0,0.7581243854087509,10.771606548459477,10,13,60.0,5.0,0.2627450980392157,0.17131267163863242
2,-5.0,B,470.0,0.7581243854087509,10.771606548459477,10,14,60.0,5.0,0.17254901960784313,0.13635495410892096
2,-5.0,B,470.0,0.7581243854087509,10.771606548459477,10,15,60.0,5.0,0.1843137254901961,0.14124594593397474
2,-5.0,B,470.0,0.7581243854087509,10.771606548459477,10,16,60.0,5.0,0.21176470588235294,0.1522147678661474
2,-5.0,B,470.0,0.7581243854087509,10.771606548459477,10,17,60.0,5.0,0.3686274509803922,0.2076860858214986
2,-5.0,B,470.0,0.7581243854087509,10.771606548459477,10,18,60.0,5.0,0.403921568627451,0.21922588034904109
2,-5.0,B,470.0,0.7581243854087509,10.771606548459477,10,19,60.0,5.0,0.20784313725490197,0.15068188153318207
2,-5.0,B,470.0,0.7581243854087509,10.771606548459477,10,20,60.0,5.0,0.19607843137254902,0.14601747052853942
2,-5.0,B,470.0,0.7581243854087509,10.771606548459477,10,21,60.0,5.0,0.4117647058823529,0.22176597605076812
2,-5.0,B,470.0,0.7581243854087509,10.771606548459477,10,22,60.0,5.0,0.2235294117647059,0.1567527086383188
2,-5.0,B,470.0,0.7581243854087509,10.771606548459477,10,23,60.0,5.0,0.4666666666666667,0.23938179519646016
2,-5.0,B,470.0,0.7581243854087509,10.771606548459477,10,24,60.0,5.0,0.5647058823529412,0.2706544493931912
2,-5.0,B,470.0,0.7581243854087509,10.771606548459477,10,25,60.0,5.0,0.3686274509803922,0.2076860858214986
2,-5.0,B,470.0,0.7581243854087509,10.771606548459477,10,26,60.0,5.0,0.25098039215686274,0.16702677744422859
2,-5.0,B,470.0,0.7581243854087509,10.771606548459477,10,27,60.0,5.0,0.27058823529411763,0.17413550547828363
2,-5.0,B,470.0,0.7581243854087509,10.771606548459477,10,28,60.0,5.0,0.32941176470588235,0.19458731326097745
2,-5.0,B,470.0,0.7581243854087509,10.771606548459477,10,29,60.0,5.0,0.4117647058823529,0.22176597605076812
2,-5.0,B,470.0,0.7581243854087509,10.771606548459477,10,30,60.0,5.0,0.27450980392156865,0.17553721581099607
2,-5.0,B,470.0,0.7581243854087509,10.771606548459477,10,31,60.0,5.0,0.24705882352941178,0.16558349319631221
2,-5.0,B,470.0,0.7581243854087509,10.771606548459477,10,32,60.0,5.0,0.011764705882352941,0.0345936127618576
2,-5.0,B,470.0,0.7581243854087509,10.771606548459477,10,33,60.0,5.0,0.0,0.0
2,-5.0,B,470.0,0.7581243854087509,10.771606548459477,10,34,60.0,5.0,0.0,0.0
2,-5.0,B,470.0,0.7581243854087509,10.771606548459477,10,35,60.0,5.0,0.0,0.0
2,-5.0,B,470.0,0.7581243854087509,10.771606548459477,11,0,60.0,5.0,0.0,0.0
2,-5.0,B,470.0,0.7581243854087509,10.771606548459477,11,1,60.0,5.0,0.0,0.0
2,-5.0,B,470.0,0.7581243854087509,10.771606548459477,11,2,60.0,5.0,0.0,0.0
2,-5.0,B,470.0,0.7581243854087509,10.771606548459477,11,3,60.0,5.0,0.00784313725490196,0.028226977679718004
2,-5.0,B,470.0,0.7581243854087509,10.771606548459477,11,4,60.0,5.0,0.2235294117647059,0.1567527086383188
2,-5.0,B,470.0,0.7581243854087509,10.771606548459477,11,5,60.0,5.0,0.20392156862745098,0.14913829006235088
2,-5.0,B,470.0,0.7581243854087509,10.771606548459477,11,6,60.0,5.0,0.10980392156862745,0.10750973625166191
2,-5.0,B,470.0,0.7581243854087509,10.771606548459477,11,7,60.0,5.0,0.1803921568627451,0.13962955546331615
2,-5.0,B,470.0,0.7581243854087509,10.771606548459477,11,8,60.0,5.0,0.1568627450980392,0.12962243684422406
2,-5.0,B,470.0,0.7581243854087509,10.771606548459477,11,9,60.0,5.0,0.1411764705882353,0.12260956282279944
2,-5.0,B,470.0,0.7581243854087509,10.771606548459477,11,10,60.0,5.0,0.10196078431372549,0.10345212448837855
2,-5.0,B,470.0,0.7581243854087509,10.771606548459477,11,11,60.0,5.0,0.0,0.0
2,-5.0,B,470.0,0.7581243854087509,10.771606548459477,11,12,60.0,5.0,0.4117647058823529,0.22176597605076812
2,-5.0,B,470.0,0.7581243854087509,10.771606548459477,11,13,60.0,5.0,0.5450980392156862,0.2643746873214314
2,-5.0,B,470.0,0.7581243854087509,10.771606548459477,11,14,60.0,5.0,0.45098039215686275,0.2343714695941511
2,-5.0,B,470.0,0.7581243854087509,10.771606548459477,11,15,60.0,5.0,0.5450980392156862,0.2643746873214314
2,-5.0,B,470.0,0.7581243854087509,10.771606548459477,11,16,60.0,5.0,0.5294117647058824,0.2593674630095386
2,-5.0,B,470.0,0.7581243854087509,10.771606548459477,11,17,60.0,5.0,0.5137254901960784,0.25436950811775705
2,-5.0,B,470.0,0.7581243854087509,10.771606548459477,11,18,60.0,5.0,0.5137254901960784,0.25436950811775705
2,-5.0,B,470.0,0.7581243854087509,10.771606548459477,11,19,60.0,5.0,0.6078431372549019,0.28459942396084814
2,-5.0,B,470.0,0.7581243854087509,10.771606548459477,11,20,60.0,5.0,0.5843137254901961,0.2769667381789195
2,-5.0,B,470.0,0.7581243854087509,10.771606548459477,11,21,60.0,5.0,0.5333333333333333,0.26061820480353987
2,-5.0,B,470.0,0.7581243854087509,10.771606548459477,11,22,60.0,5.0,0.2196078431372549,0.15524984546857312
2,-5.0,B,470.0,0.7581243854087509,10.771606548459477,11,23,60.0,5.0,0.5882352941176471,0.2782340239492319
2,-5.0,B,470.0,0.7581243854087509,10.771606548459477,11,24,60.0,5.0,0.5019607843137255,0.2506241386314801
2,-5.0,B,470.0,0.7581243854087509,10.771606548459477,11,25,60.0,5.0,0.5647058823529412,0.2706544493931912
2,-5.0,B,470.0,0.7581243854087509,10.771606548459477,11,26,60.0,5.0,0.6941176470588235,0.3134576075771592
2,-5.0,B,470.0,0.7581243854087509,10.771606548459477,11,27,60.0,5.0,0.5372549019607843,0.26186960369612183
2,-5.0,B,470.0,0.7581243854087509,10.771606548459477,11,28,60.0,5.0,0.5647058823529412,0.2706544493931912
2,-5.0,B,470.0,0.7581243854087509,10.771606548459477,11,29,60.0,5.0,0.6666666666666666,0.3040867239846963
2,-5.0,B,470.0,0.7581243854087509,10.771606548459477,11,30,60.0,5.0,0.43137254901960786,0.22808602713867193
2,-5.0,B,470.0,0.7581243854087509,10.771606548459477,11,31,60.0,5.0,0.5215686274509804,0.25686763838273197
2,-5.0,B,470.0,0.7581243854087509,10.771606548459477,11,32,60.0,5.0,0.10196078431372549,0.10345212448837855
2,-5.0,B,470.0,0.7581243854087509,10.771606548459477,11,33,60.0,5.0,0.00392156862745098,0.01994638965273254
2,-5.0,B,470.0,0.7581243854087509,10.771606548459477,11,34,60.0,5.0,0.00392156862745098,0.01994638965273254
2,-5.0,B,470.0,0.7581243854087509,10.771606548459477,11,35,60.0,5.0,0.0,0.0
2,-5.0,B,470.0,0.7581243854087509,10.771606548459477,12,0,60.0,5.0,0.0,0.0
2,-5.0,B,470.0,0.7581243854087509,10.771606548459477,12,1,60.0,5.0,0.0,0.0
2,-5.0,B,470.0,0.7581243854087509,10.771606548459477,12,2,60.0,5.0,0.0,0.0
2,-5.0,B,470.0,0.7581243854087509,10.771606548459477,12,3,60.0,5.0,0.00392156862745098,0.01994638965273254
2,-5.0,B,470.0,0.7581243854087509,10.771606548459477,12,4,60.0,5.0,0.0,0.0
2,-5.0,B,470.0,0.7581243854087509,10.771606548459477,12,5,60.0,5.0,0.1411764705882353,0.12260956282279944
2,-5.0,B,470.0,0.7581243854087509,10.771606548459477,12,6,60.0,5.0,0.30980392156862746,0.18789451147862046
2,-5.0,B,470.0,0.7581243854087509,10.771606548459477,12,7,60.0,5.0,0.09411764705882353,0.09925358883323245
2,-5.0,B,470.0,0.7581243854087509,10.771606548459477,12,8,60.0,5.0,0.09411764705882353,0.09925358883323245
2,-5.0,B,470.0,0.7581243854087509,10.771606548459477,12,9,60.0,5.0,0.12549019607843137,0.11526243188745809
2,-5.0,B,470.0,0.7581243854087509,10.771606548459477,12,10,60.0,5.0,0.0196078431372549,0.04471926097515774
2,-5.0,B,470.0,0.7581243854087509,10.771606548459477,12,11,60.0,5.0,0.00784313725490196,0.028226977679718004
2,-5.0,B,470.0,0.7581243854087509,10.771606548459477,12,12,60.0,5.0,0.2549019607843137,0.1684625831810239
2,-5.0,B,470.0,0.7581243854087509,10.771606548459477,12,13,60.0,5.0,0.3333333333333333,0.19591327601530364
2,-5.0,B,470.0,0.7581243854087509,10.771606548459477,12,14,60.0,5.0,0.45098039215686275,0.2343714695941511
2,-5.0,B,470.0,0.7581243854087509,10.771606548459477,12,15,60.0,5.0,0.33725490196078434,0.19723534442367363
2,-5.0,B,470.0,0.7581243854087509,10.771606548459477,12,16,60.0,5.0,0.4117647058823529,0.22176597605076812
2,-5.0,B,470.0,0.7581243854087509,10.771606548459477,12,17,60.0,5.0,0.24705882352941178,0.16558349319631221
2,-5.0,B,470.0,0.7581243854087509,10.771606548459477,12,18,60.0,5.0,0.24705882352941178,0.16558349319631221
2,-5.0,B,470.0,0.7581243854087509,10.771606548459477,12,19,60.0,5.0,0.27450980392156865,0.17553721581099607
2,-5.0,B,470.0,0.7581243854087509,10.771606548459477,12,20,60.0,5.0,0.23529411764705882,0.1612063368033418
2,-5.0,B,470.0,0.7581243854087509,10.771606548459477,12,21,60.0,5.0,0.3137254901960784,0.18924192203775808
2,-5.0,B,470.0,0.7581243854087509,10.771606548459477,12,22,60.0,5.0,0.09803921568627451,0.10137157388840211
2,-5.0,B,470.0,0.7581243854087509,10.771606548459477,12,23,60.0,5.0,0.16470588235294117,0.1330208851941153
2,-5.0,B,470.0,0.7581243854087509,10.771606548459477,12,24,60.0,5.0,0.07450980392156863,0.08800426979263411
2,-5.0,B,470.0,0.7581243854087509,10.771606548459477,12,25,60.0,5.0,0.25098039215686274,0.16702677744422859
2,-5.0,B,470.0,0.7581243854087509,10.771606548459477,12,26,60.0,5.0,0.3843137254901961,0.2128391863481819
2,-5.0,B,470.0,0.7581243854087509,10.771606548459477,12,27,60.0,5.0,0.27058823529411763,0.17413550547828363
2,-5.0,B,470.0,0.7581243854087509,10.771606548459477,12,28,60.0,5.0,0.2823529411764706,0.17832219301287253
2,-5.0,B,470.0,0.7581243854087509,10.771606548459477,12,29,60.0,5.0,0.2196078431372549,0.15524984546857312
2,-5.0,B,470.0,0.7581243854087509,10.771606548459477,12,30,60.0,5.0,0.25098039215686274,0.16702677744422859
2,-5.0,B,470.0,0.7581243854087509,10.771606548459477,12,31,60.0,5.0,0.2980392156862745,0.18382343133011075
2,-5.0,B,470.0,0.7581243854087509,10.771606548459477,12,32,60.0,5.0,0.06666666666666667,0.08312898574059512
2,-5.0,B,470.0,0.7581243854087509,10.771606548459477,12,33,60.0,5.0,0.0,0.0
2,-5.0,B,470.0,0.7581243854087509,10.771606548459477,12,34,60.0,5.0,0.00392156862745098,0.01994638965273254
2,-5.0,B,470.0,0.7581243854087509,10.771606548459477,12,35,60.0,5.0,0.0,0.0
2,-5.0,B,470.0,0.7581243854087509,10.771606548459477,13,0,60.0,5.0,0.0,0.0
2,-5.0,B,470.0,0.7581243854087509,10.771606548459477,13,1,60.0,5.0,0.0,0.0
2,-5.0,B,470.0,0.7581243854087509,10.771606548459477,13,2,60.0,5.0,0.0,0.0
2,-5.0,B,470.0,0.7581243854087509,10.771606548459477,13,3,60.0,5.0,0.00392156862745098,0.01994638965273254
2,-5.0,B,470.0,0.7581243854087509,10.771606548459477,13,4,60.0,5.0,0.00392156862745098,0.01994638965273254
2,-5.0,B,470.0,0.7581243854087509,10.771606548459477,13,5,60.0,5.0,0.06274509803921569,0.08059162758159863
2,-5.0,B,470.0,0.7581243854087509,10.771606548459477,13,6,60.0,5.0,0.08627450980392157,0.09489506791887806
2,-5.0,B,470.0,0.7581243854087509,10.771606548459477,13,7,60.0,5.0,0.00392156862745098,0.01994638965273254
2,-5.0,B,470.0,0.7581243854087509,10.771606548459477,13,8,60.0,5.0,0.043137254901960784,0.06659618536329842
2,-5.0,B,470.0,0.7581243854087509,10.771606548459477,13,9,60.0,5.0,0.0392156862745098,0.06345418699423495
2,-5.0,B,470.0,0.7581243854087509,10.771606548459477,13,10,60.0,5.0,0.0,0.0
2,-5.0,B,470.0,0.7581243854087509,10.771606548459477,13,11,60.0,5.0,0.0,0.0
2,-5.0,B,470.0,0.7581243854087509,10.771606548459477,13,12,60.0,5.0,0.0,0.0
2,-5.0,B,470.0,0.7581243854087509,10.771606548459477,13,13,60.0,5.0,0.0,0.0
2,-5.0,B,470.0,0.7581243854087509,10.771606548459477,13,14,60.0,5.0,0.058823529411764705,0.07797913037736934
2,-5.0,B,470.0,0.7581243854087509,10.771606548459477,13,15,60.0,5.0,0.01568627450980392,0.03997164583041206
2,-5.0,B,470.0,0.7581243854087509,10.771606548459477,13,16,60.0,5.0,0.03529411764705882,0.060157486757451334
2,-5.0,B,470.0,0.7581243854087509,10.771606548459477,13,17,60.0,5.0,0.0,0.0
2,-5.0,B,470.0,0.7581243854087509,10.771606548459477,13,18,60.0,5.0,0.0,0.0
2,-5.0,B,470.0,0.7581243854087509,10.771606548459477,13,19,60.0,5.0,0.0,0.0
2,-5.0,B,470.0,0.7581243854087509,10.771606548459477,13,20,60.0,5.0,0.0,0.0
2,-5.0,B,470.0,0.7581243854087509,10.771606548459477,13,21,60.0,5.0,0.0,0.0
2,-5.0,B,470.0,0.7581243854087509,10.771606548459477,13,22,60.0,5.0,0.0,0.0
2,-5.0,B,470.0,0.7581243854087509,10.771606548459477,13,23,60.0,5.0,0.0,0.0
2,-5.0,B,470.0,0.7581243854087509,10.771606548459477,13,24,60.0,5.0,0.0,0.0
2,-5.0,B,470.0,0.7581243854087509,10.771606548459477,13,25,60.0,5.0,0.0,0.0
2,-5.0,B,470.0,0.7581243854087509,10.771606548459477,13,26,60.0,5.0,0.03137254901960784,0.05667903330417266
2,-5.0,B,470.0,0.7581243854087509,10.771606548459477,13,27,60.0,5.0,0.00784313725490196,0.028226977679718004
2,-5.0,B,470.0,0.7581243854087509,10.771606548459477,13,28,60.0,5.0,0.0,0.0
2,-5.0,B,470.0,0.7581243854087509,10.771606548459477,13,29,60.0,5.0,0.0,0.0
2,-5.0,B,470.0,0.7581243854087509,10.771606548459477,13,30,60.0,5.0,0.0,0.0
2,-5.0,B,470.0,0.7581243854087509,10.771606548459477,13,31,60.0,5.0,0.0,0.0
2,-5.0,B,470.0,0.7581243854087509,10.771606548459477,13,32,60.0,5.0,0.0,0.0
2,-5.0,B,470.0,0.7581243854087509,10.771606548459477,13,33,60.0,5.0,0.0,0.0
2,-5.0,B,470.0,0.7581243854087509,10.771606548459477,13,34,60.0,5.0,0.0,0.0
2,-5.0,B,470.0,0.7581243854087509,10.771606548459477,13,35,60.0,5.0,0.0,0.0
2,-5.0,B,470.0,0.7581243854087509,10.771606548459477,14,0,60.0,5.0,0.0,0.0
2,-5.0,B,470.0,0.7581243854087509,10.771606548459477,14,1,60.0,5.0,0.0,0.0
2,-5.0,B,470.0,0.7581243854087509,10.771606548459477,14,2,60.0,5.0,0.0,0.0
2,-5.0,B,470.0,0.7581243854087509,10.771606548459477,14,3,60.0,5.0,0.0,0.0
2,-5.0,B,470.0,0.7581243854087509,10.771606548459477,14,4,60.0,5.0,0.0,0.0
2,-5.0,B,470.0,0.7581243854087509,10.771606548459477,14,5,60.0,5.0,0.0,0.0
2,-5.0,B,470.0,0.7581243854087509,10.771606548459477,14,6,60.0,5.0,0.0,0.0
2,-5.0,B,470.0,0.7581243854087509,10.771606548459477,14,7,60.0,5.0,0.0,0.0
2,-5.0,B,470.0,0.7581243854087509,10.771606548459477,14,8,60.0,5.0,0.0,0.0
2,-5.0,B,470.0,0.7581243854087509,10.771606548459477,14,9,60.0,5.0,0.0,0.0
2,-5.0,B,470.0,0.7581243854087509,10.771606548459477,14,10,60.0,5.0,0.0,0.0
2,-5.0,B,470.0,0.7581243854087509,10.771606548459477,14,11,60.0,5.0,0.0,0.0
2,-5.0,B,470.0,0.7581243854087509,10.771606548459477,14,12,60.0,5.0,0.00784313725490196,0.028226977679718004
2,-5.0,B,470.0,0.7581243854087509,10.771606548459477,14,13,60.0,5.0,0.00392156862745098,0.01994638965273254
2,-5.0,B,470.0,0.7581243854087509,10.771606548459477,14,14,60.0,5.0,0.0,0.0
2,-5.0,B,470.0,0.7581243854087509,10.771606548459477,14,15,60.0,5.0,0.0,0.0
2,-5.0,B,470.0,0.7581243854087509,10.771606548459477,14,16,60.0,5.0,0.0,0.0
2,-5.0,B,470.0,0.7581243854087509,10.771606548459477,14,17,60.0,5.0,0.00784313725490196,0.028226977679718004
2,-5.0,B,470.0,0.7581243854087509,10.771606548459477,14,18,60.0,5.0,0.00784313725490196,0.028226977679718004
2,-5.0,B,470.0,0.7581243854087509,10.771606548459477,14,19,60.0,5.0,0.00784313725490196,0.028226977679718004
2,-5.0,B,470.0,0.7581243854087509,10.771606548459477,14,20,60.0,5.0,0.00784313725490196,0.028226977679718004
2,-5.0,B,470.0,0.7581243854087509,10.771606548459477,14,21,60.0,5.0,0.00784313725490196,0.028226977679718004
2,-5.0,B,470.0,0.7581243854087509,10.771606548459477,14,22,60.0,5.0,0.00392156862745098,0.01994638965273254
2,-5.0,B,470.0,0.7581243854087509,10.771606548459477,14,23,60.0,5.0,0.00392156862745098,0.01994638965273254
2,-5.0,B,470.0,0.7581243854087509,10.771606548459477,14,24,60.0,5.0,0.00392156862745098,0.01994638965273254
2,-5.0,B,470.0,0.7581243854087509,10.771606548459477,14,25,60.0,5.0,0.00784313725490196,0.028226977679718004
2,-5.0,B,470.0,0.7581243854087509,10.771606548459477,14,26,60.0,5.0,0.0,0.0
2,-5.0,B,470.0,0.7581243854087509,10.771606548459477,14,27,60.0,5.0,0.0,0.0
2,-5.0,B,470.0,0.7581243854087509,10.771606548459477,14,28,60.0,5.0,0.00784313725490196,0.028226977679718004
2,-5.0,B,470.0,0.7581243854087509,10.771606548459477,14,29,60.0,5.0,0.00784313725490196,0.028226977679718004
2,-5.0,B,470.0,0.7581243854087509,10.771606548459477,14,30,60.0,5.0,0.00784313725490196,0.028226977679718004
2,-5.0,B,470.0,0.7581243854087509,10.771606548459477,14,31,60.0,5.0,0.00784313725490196,0.028226977679718004
2,-5.0,B,470.0,0.7581243854087509,10.771606548459477,14,32,60.0,5.0,0.00392156862745098,0.01994638965273254
2,-5.0,B,470.0,0.7581243854087509,10.771606548459477,14,33,60.0,5.0,0.0,0.0
2,-5.0,B,470.0,0.7581243854087509,10.771606548459477,14,34,60.0,5.0,0.0,0.0
2,-5.0,B,470.0,0.7581243854087509,10.771606548459477,14,35,60.0,5.0,0.0,0.0
2,-5.0,B,470.0,0.7581243854087509,10.771606548459477,15,0,60.0,5.0,0.0,0.0
2,-5.0,B,470.0,0.7581243854087509,10.771606548459477,15,1,60.0,5.0,0.0,0.0
2,-5.0,B,470.0,0.7581243854087509,10.771606548459477,15,2,60.0,5.0,0.0,0.0
2,-5.0,B,470.0,0.7581243854087509,10.771606548459477,15,3,60.0,5.0,0.0,0.0
2,-5.0,B,470.0,0.7581243854087509,10.771606548459477,15,4,60.0,5.0,0.0,0.0
2,-5.0,B,470.0,0.7581243854087509,10.771606548459477,15,5,60.0,5.0,0.00392156862745098,0.01994638965273254
2,-5.0,B,470.0,0.7581243854087509,10.771606548459477,15,6,60.0,5.0,0.00392156862745098,0.01994638965273254
2,-5.0,B,470.0,0.7581243854087509,10.771606548459477,15,7,60.0,5.0,0.0,0.0
2,-5.0,B,470.0,0.7581243854087509,10.771606548459477,15,8,60.0,5.0,0.0,0.0
2,-5.0,B,470.0,0.7581243854087509,10.771606548459477,15,9,60.0,5.0,0.0,0.0
2,-5.0,B,470.0,0.7581243854087509,10.771606548459477,15,10,60.0,5.0,0.0,0.0
2,-5.0,B,470.0,0.7581243854087509,10.771606548459477,15,11,60.0,5.0,0.0,0.0
2,-5.0,B,470.0,0.7581243854087509,10.771606548459477,15,12,60.0,5.0,0.0,0.0
2,-5.0,B,470.0,0.7581243854087509,10.771606548459477,15,13,60.0,5.0,0.0,0.0
2,-5.0,B,470.0,0.7581243854087509,10.771606548459477,15,14,60.0,5.0,0.00392156862745098,0.01994638965273254
2,-5.0,B,470.0,0.7581243854087509,10.771606548459477,15,15,60.0,5.0,0.0,0.0
2,-5.0,B,470.0,0.7581243854087509,10.771606548459477,15,16,60.0,5.0,0.00392156862745098,0.01994638965273254
2,-5.0,B,470.0,0.7581243854087509,10.771606548459477,15,17,60.0,5.0,0.0,0.0
2,-5.0,B,470.0,0.7581243854087509,10.771606548459477,15,18,60.0,5.0,0.0,0.0
2,-5.0,B,470.0,0.7581243854087509,10.771606548459477,15,19,60.0,5.0,0.0,0.0
2,-5.0,B,470.0,0.7581243854087509,10.771606548459477,15,20,60.0,5.0,0.0,0.0
2,-5.0,B,470.0,0.7581243854087509,10.771606548459477,15,21,60.0,5.0,0.0,0.0
2,-5.0,B,470.0,0.7581243854087509,10.771606548459477,15,22,60.0,5.0,0.0,0.0
2,-5.0,B,470.0,0.7581243854087509,10.771606548459477,15,23,60.0,5.0,0.0,0.0
2,-5.0,B,470.0,0.7581243854087509,10.771606548459477,15,24,60.0,5.0,0.0,0.0
2,-5.0,B,470.0,0.7581243854087509,10.771606548459477,15,25,60.0,5.0,0.0,0.0
2,-5.0,B,470.0,0.7581243854087509,10.771606548459477,15,26,60.0,5.0,0.00392156862745098,0.01994638965273254
2,-5.0,B,470.0,0.7581243854087509,10.771606548459477,15,27,60.0,5.0,0.0,0.0
2,-5.0,B,470.0,0.7581243854087509,10.771606548459477,15,28,60.0,5.0,0.0,0.0
2,-5.0,B,470.0,0.7581243854087509,10.771606548459477,15,29,60.0,5.0,0.0,0.0
2,-5.0,B,470.0,0.7581243854087509,10.771606548459477,15,30,60.0,5.0,0.0,0.0
2,-5.0,B,470.0,0.7581243854087509,10.771606548459477,15,31,60.0,5.0,0.0,0.0
2,-5.0,B,470.0,0.7581243854087509,10.771606548459477,15,32,60.0,5.0,0.0,0.0
2,-5.0,B,470.0,0.7581243854087509,10.771606548459477,15,33,60.0,5.0,0.0,0.0
2,-5.0,B,470.0,0.7581243854087509,10.771606548459477,15,34,60.0,5.0,0.0,0.0
2,-5.0,B,470.0,0.7581243854087509,10.771606548459477,15,35,60.0,5.0,0.0,0.0
2,-5.0,B,470.0,0.7581243854087509,10.771606548459477,16,0,60.0,5.0,0.0,0.0
2,-5.0,B,470.0,0.7581243854087509,10.771606548459477,16,1,60.0,5.0,0.0,0.0
2,-5.0,B,470.0,0.7581243854087509,10.771606548459477,16,2,60.0,5.0,0.0,0.0
2,-5.0,B,470.0,0.7581243854087509,10.771606548459477,16,3,60.0,5.0,0.0,0.0
2,-5.0,B,470.0,0.7581243854087509,10.771606548459477,16,4,60.0,5.0,0.0,0.0
2,-5.0,B,470.0,0.7581243854087509,10.771606548459477,16,5,60.0,5.0,0.0,0.0
2,-5.0,B,470.0,0.7581243854087509,10.771606548459477,16,6,60.0,5.0,0.0,0.0
2,-5.0,B,470.0,0.7581243854087509,10.771606548459477,16,7,60.0,5.0,0.0,0.0
2,-5.0,B,470.0,0.7581243854087509,10.771606548459477,16,8,60.0,5.0,0.0,0.0
2,-5.0,B,470.0,0.7581243854087509,10.771606548459477,16,9,60.0,5.0,0.0,0.0
2,-5.0,B,470.0,0.7581243854087509,10.771606548459477,16,10,60.0,5.0,0.0,0.0
2,-5.0,B,470.0,0.7581243854087509,10.771606548459477,16,11,60.0,5.0,0.0,0.0
2,-5.0,B,470.0,0.7581243854087509,10.771606548459477,16,12,60.0,5.0,0.0,0.0
2,-5.0,B,470.0,0.7581243854087509,10.771606548459477,16,13,60.0,5.0,0.0,0.0
2,-5.0,B,470.0,0.7581243854087509,10.771606548459477,16,14,60.0,5.0,0.0,0.0
2,-5.0,B,470.0,0.7581243854087509,10.771606548459477,16,15,60.0,5.0,0.0,0.0
2,-5.0,B,470.0,0.7581243854087509,10.771606548459477,16,16,60.0,5.0,0.0,0.0
2,-5.0,B,470.0,0.7581243854087509,10.771606548459477,16,17,60.0,5.0,0.0,0.0
2,-5.0,B,470.0,0.7581243854087509,10.771606548459477,16,18,60.0,5.0,0.0,0.0
2,-5.0,B,470.0,0.7581243854087509,10.771606548459477,16,19,60.0,5.0,0.0,0.0
2,-5.0,B,470.0,0.7581243854087509,10.771606548459477,16,20,60.0,5.0,0.0,0.0
2,-5.0,B,470.0,0.7581243854087509,10.771606548459477,16,21,60.0,5.0,0.0,0.0
2,-5.0,B,470.0,0.7581243854087509,10.771606548459477,16,22,60.0,5.0,0.0,0.0
2,-5.0,B,470.0,0.7581243854087509,10.771606548459477,16,23,60.0,5.0,0.0,0.0
2,-5.0,B,470.0,0.7581243854087509,10.771606548459477,16,24,60.0,5.0,0.0,0.0
2,-5.0,B,470.0,0.7581243854087509,10.771606548459477,16,25,60.0,5.0,0.0,0.0
2,-5.0,B,470.0,0.7581243854087509,10.771606548459477,16,26,60.0,5.0,0.0,0.0
2,-5.0,B,470.0,0.7581243854087509,10.771606548459477,16,27,60.0,5.0,0.0,0.0
2,-5.0,B,470.0,0.7581243854087509,10.771606548459477,16,28,60.0,5.0,0.0,0.0
2,-5.0,B,470.0,0.7581243854087509,10.771606548459477,16,29,60.0,5.0,0.0,0.0
2,-5.0,B,470.0,0.7581243854087509,10.771606548459477,16,30,60.0,5.0,0.0,0.0
2,-5.0,B,470.0,0.7581243854087509,10.771606548459477,16,31,60.0,5.0,0.0,0.0
2,-5.0,B,470.0,0.7581243854087509,10.771606548459477,16,32,60.0,5.0,0.0,0.0
2,-5.0,B,470.0,0.7581243854087509,10.771606548459477,16,33,60.0,5.0,0.0,0.0
2,-5.0,B,470.0,0.7581243854087509,10.771606548459477,16,34,60.0,5.0,0.0,0.0
2,-5.0,B,470.0,0.7581243854087509,10.771606548459477,16,35,60.0,5.0,0.0,0.0
2,-5.0,B,470.0,0.7581243854087509,10.771606548459477,17,0,60.0,5.0,0.0,0.0
2,-5.0,B,470.0,0.7581243854087509,10.771606548459477,17,1,60.0,5.0,0.0,0.0
2,-5.0,B,470.0,0.7581243854087509,10.771606548459477,17,2,60.0,5.0,0.0,0.0
2,-5.0,B,470.0,0.7581243854087509,10.771606548459477,17,3,60.0,5.0,0.0,0.0
2,-5.0,B,470.0,0.7581243854087509,10.771606548459477,17,4,60.0,5.0,0.0,0.0
2,-5.0,B,470.0,0.7581243854087509,10.771606548459477,17,5,60.0,5.0,0.0,0.0
2,-5.0,B,470.0,0.7581243854087509,10.771606548459477,17,6,60.0,5.0,0.0,0.0
2,-5.0,B,470.0,0.7581243854087509,10.771606548459477,17,7,60.0,5.0,0.0,0.0
2,-5.0,B,470.0,0.7581243854087509,10.771606548459477,17,8,60.0,5.0,0.0,0.0
2,-5.0,B,470.0,0.7581243854087509,10.771606548459477,17,9,60.0,5.0,0.0,0.0
2,-5.0,B,470.0,0.7581243854087509,10.771606548459477,17,10,60.0,5.0,0.0,0.0
2,-5.0,B,470.0,0.7581243854087509,10.771606548459477,17,11,60.0,5.0,0.0,0.0
2,-5.0,B,470.0,0.7581243854087509,10.771606548459477,17,12,60.0,5.0,0.0,0.0
2,-5.0,B,470.0,0.7581243854087509,10.771606548459477,17,13,60.0,5.0,0.0,0.0
2,-5.0,B,470.0,0.7581243854087509,10.771606548459477,17,14,60.0,5.0,0.0,0.0
2,-5.0,B,470.0,0.7581243854087509,10.771606548459477,17,15,60.0,5.0,0.0,0.0
2,-5.0,B,470.0,0.7581243854087509,10.771606548459477,17,16,60.0,5.0,0.0,0.0
2,-5.0,B,470.0,0.7581243854087509,10.771606548459477,17,17,60.0,5.0,0.0,0.0
2,-5.0,B,470.0,0.7581243854087509,10.771606548459477,17,18,60.0,5.0,0.0,0.0
2,-5.0,B,470.0,0.7581243854087509,10.771606548459477,17,19,60.0,5.0,0.0,0.0
2,-5.0,B,470.0,0.7581243854087509,10.771606548459477,17,20,60.0,5.0,0.0,0.0
2,-5.0,B,470.0,0.7581243854087509,10.771606548459477,17,21,60.0,5.0,0.0,0.0
2,-5.0,B,470.0,0.7581243854087509,10.771606548459477,17,22,60.0,5.0,0.0,0.0
2,-5.0,B,470.0,0.7581243854087509,10.771606548459477,17,23,60.0,5.0,0.0,0.0
2,-5.0,B,470.0,0.7581243854087509,10.771606548459477,17,24,60.0,5.0,0.0,0.0
2,-5.0,B,470.0,0.7581243854087509,10.771606548459477,17,25,60.0,5.0,0.0,0.0
2,-5.0,B,470.0,0.7581243854087509,10.771606548459477,17,26,60.0,5.0,0.0,0.0
2,-5.0,B,470.0,0.7581243854087509,10.771606548459477,17,27,60.0,5.0,0.0,0.0
2,-5.0,B,470.0,0.7581243854087509,10.771606548459477,17,28,60.0,5.0,0.0,0.0
2,-5.0,B,470.0,0.7581243854087509,10.771606548459477,17,29,60.0,5.0,0.0,0.0
2,-5.0,B,470.0,0.7581243854087509,10.771606548459477,17,30,60.0,5.0,0.0,0.0
2,-5.0,B,470.0,0.7581243854087509,10.771606548459477,17,31,60.0,5.0,0.0,0.0
2,-5.0,B,470.0,0.7581243854087509,10.771606548459477,17,32,60.0,5.0,0.0,0.0
2,-5.0,B,470.0,0.7581243854087509,10.771606548459477,17,33,60.0,5.0,0.0,0.0
2,-5.0,B,470.0,0.7581243854087509,10.771606548459477,17,34,60.0,5.0,0.0,0.0
2,-5.0,B,470.0,0.7581243854087509,10.771606548459477,17,35,60.0,5.0,0.0,0.0
2,-5.0,B,470.0,0.7581243854087509,10.771606548459477,18,0,60.0,5.0,0.0,0.0
2,-5.0,B,470.0,0.7581243854087509,10.771606548459477,18,1,60.0,5.0,0.0,0.0
2,-5.0,B,470.0,0.7581243854087509,10.771606548459477,18,2,60.0,5.0,0.0,0.0
2,-5.0,B,470.0,0.7581243854087509,10.771606548459477,18,3,60.0,5.0,0.0,0.0
2,-5.0,B,470.0,0.7581243854087509,10.771606548459477,18,4,60.0,5.0,0.0,0.0
2,-5.0,B,470.0,0.7581243854087509,10.771606548459477,18,5,60.0,5.0,0.0,0.0
2,-5.0,B,470.0,0.7581243854087509,10.771606548459477,18,6,60.0,5.0,0.0,0.0
2,-5.0,B,470.0,0.7581243854087509,10.771606548459477,18,7,60.0,5.0,0.0,0.0
2,-5.0,B,470.0,0.7581243854087509,10.771606548459477,18,8,60.0,5.0,0.0,0.0
2,-5.0,B,470.0,0.7581243854087509,10.771606548459477,18,9,60.0,5.0,0.0,0.0
2,-5.0,B,470.0,0.7581243854087509,10.771606548459477,18,10,60.0,5.0,0.0,0.0
2,-5.0,B,470.0,0.7581243854087509,10.771606548459477,18,11,60.0,5.0,0.0,0.0
2,-5.0,B,470.0,0.7581243854087509,10.771606548459477,18,12,60.0,5.0,0.0,0.0
2,-5.0,B,470.0,0.7581243854087509,10.771606548459477,18,13,60.0,5.0,0.0,0.0
2,-5.0,B,470.0,0.7581243854087509,10.771606548459477,18,14,60.0,5.0,0.0,0.0
2,-5.0,B,470.0,0.7581243854087509,10.771606548459477,18,15,60.0,5.0,0.0,0.0
2,-5.0,B,470.0,0.7581243854087509,10.771606548459477,18,16,60.0,5.0,0.0,0.0
2,-5.0,B,470.0,0.7581243854087509,10.771606548459477,18,17,60.0,5.0,0.0,0.0
2,-5.0,B,470.0,0.7581243854087509,10.771606548459477,18,18,60.0,5.0,0.0,0.0
2,-5.0,B,470.0,0.7581243854087509,10.771606548459477,18,19,60.0,5.0,0.0,0.0
2,-5.0,B,470.0,0.7581243854087509,10.771606548459477,18,20,60.0,5.0,0.0,0.0
2,-5.0,B,470.0,0.7581243854087509,10.771606548459477,18,21,60.0,5.0,0.0,0.0
2,-5.0,B,470.0,0.7581243854087509,10.771606548459477,18,22,60.0,5.0,0.0,0.0
2,-5.0,B,470.0,0.7581243854087509,10.771606548459477,18,23,60.0,5.0,0.0,0.0
2,-5.0,B,470.0,0.7581243854087509,10.771606548459477,18,24,60.0,5.0,0.0,0.0
2,-5.0,B,470.0,0.7581243854087509,10.771606548459477,18,25,60.0,5.0,0.0,0.0
2,-5.0,B,470.0,0.7581243854087509,10.771606548459477,18,26,60.0,5.0,0.0,0.0
2,-5.0,B,470.0,0.7581243854087509,10.771606548459477,18,27,60.0,5.0,0.0,0.0
2,-5.0,B,470.0,0.7581243854087509,10.771606548459477,18,28,60.0,5.0,0.0,0.0
2,-5.0,B,470.0,0.7581243854087509,10.771606548459477,18,29,60.0,5.0,0.0,0.0
2,-5.0,B,470.0,0.7581243854087509,10.771606548459477,18,30,60.0,5.0,0.0,0.0
2,-5.0,B,470.0,0.7581243854087509,10.771606548459477,18,31,60.0,5.0,0.0,0.0
2,-5.0,B,470.0,0.7581243854087509,10.771606548459477,18,32,60.0,5.0,0.0,0.0
2,-5.0,B,470.0,0.7581243854087509,10.771606548459477,18,33,60.0,5.0,0.0,0.0
2,-5.0,B,470.0,0.7581243854087509,10.771606548459477,18,34,60.0,5.0,0.0,0.0
2,-5.0,B,470.0,0.7581243854087509,10.771606548459477,18,35,60.0,5.0,0.0,0.0
2,-5.0,B,470.0,0.7581243854087509,10.771606548459477,19,0,60.0,5.0,0.0,0.0
2,-5.0,B,470.0,0.7581243854087509,10.771606548459477,19,1,60.0,5.0,0.0,0.0
2,-5.0,B,470.0,0.7581243854087509,10.771606548459477,19,2,60.0,5.0,0.0,0.0
2,-5.0,B,470.0,0.7581243854087509,10.771606548459477,19,3,60.0,5.0,0.0,0.0
2,-5.0,B,470.0,0.7581243854087509,10.771606548459477,19,4,60.0,5.0,0.0,0.0
2,-5.0,B,470.0,0.7581243854087509,10.771606548459477,19,5,60.0,5.0,0.0,0.0
2,-5.0,B,470.0,0.7581243854087509,10.771606548459477,19,6,60.0,5.0,0.0,0.0
2,-5.0,B,470.0,0.7581243854087509,10.771606548459477,19,7,60.0,5.0,0.0,0.0
2,-5.0,B,470.0,0.7581243854087509,10.771606548459477,19,8,60.0,5.0,0.0,0.0
2,-5.0,B,470.0,0.7581243854087509,10.771606548459477,19,9,60.0,5.0,0.0,0.0
2,-5.0,B,470.0,0.7581243854087509,10.771606548459477,19,10,60.0,5.0,0.0,0.0
2,-5.0,B,470.0,0.7581243854087509,10.771606548459477,19,11,60.0,5.0,0.0,0.0
2,-5.0,B,470.0,0.7581243854087509,10.771606548459477,19,12,60.0,5.0,0.0,0.0
2,-5.0,B,470.0,0.7581243854087509,10.771606548459477,19,13,60.0,5.0,0.0,0.0
2,-5.0,B,470.0,0.7581243854087509,10.771606548459477,19,14,60.0,5.0,0.0,0.0
2,-5.0,B,470.0,0.7581243854087509,10.771606548459477,19,15,60.0,5.0,0.0,0.0
2,-5.0,B,470.0,0.7581243854087509,10.771606548459477,19,16,60.0,5.0,0.0,0.0
2,-5.0,B,470.0,0.7581243854087509,10.771606548459477,19,17,60.0,5.0,0.0,0.0
2,-5.0,B,470.0,0.7581243854087509,10.771606548459477,19,18,60.0,5.0,0.0,0.0
2,-5.0,B,470.0,0.7581243854087509,10.771606548459477,19,19,60.0,5.0,0.0,0.0
2,-5.0,B,470.0,0.7581243854087509,10.771606548459477,19,20,60.0,5.0,0.0,0.0
2,-5.0,B,470.0,0.7581243854087509,10.771606548459477,19,21,60.0,5.0,0.0,0.0
2,-5.0,B,470.0,0.7581243854087509,10.771606548459477,19,22,60.0,5.0,0.0,0.0
2,-5.0,B,470.0,0.7581243854087509,10.771606548459477,19,23,60.0,5.0,0.0,0.0
2,-5.0,B,470.0,0.7581243854087509,10.771606548459477,19,24,60.0,5.0,0.0,0.0
2,-5.0,B,470.0,0.7581243854087509,10.771606548459477,19,25,60.0,5.0,0.0,0.0
2,-5.0,B,470.0,0.7581243854087509,10.771606548459477,19,26,60.0,5.0,0.0,0.0
2,-5.0,B,470.0,0.7581243854087509,10.771606548459477,19,27,60.0,5.0,0.0,0.0
2,-5.0,B,470.0,0.7581243854087509,10.771606548459477,19,28,60.0,5.0,0.0,0.0
2,-5.0,B,470.0,0.7581243854087509,10.771606548459477,19,29,60.0,5.0,0.0,0.0
2,-5.0,B,470.0,0.7581243854087509,10.771606548459477,19,30,60.0,5.0,0.0,0.0
2,-5.0,B,470.0,0.7581243854087509,10.771606548459477,19,31,60.0,5.0,0.0,0.0
2,-5.0,B,470.0,0.7581243854087509,10.771606548459477,19,32,60.0,5.0,0.0,0.0
2,-5.0,B,470.0,0.7581243854087509,10.771606548459477,19,33,60.0,5.0,0.0,0.0
2,-5.0,B,470.0,0.7581243854087509,10.771606548459477,19,34,60.0,5.0,0.0,0.0
2,-5.0,B,470.0,0.7581243854087509,10.771606548459477,19,35,60.0,5.0,0.0,0.0
3,0.0,R,620.0,0.8768124086713188,14.209353319244416,0,0,60.0,5.0,0.0,0.0
3,0.0,R,620.0,0.8768124086713188,14.209353319244416,0,1,60.0,5.0,0.0,0.0
3,0.0,R,620.0,0.8768124086713188,14.209353319244416,0,2,60.0,5.0,0.0,0.0
3,0.0,R,620.0,0.8768124086713188,14.209353319244416,0,3,60.0,5.0,0.0,0.0
3,0.0,R,620.0,0.8768124086713188,14.209353319244416,0,4,60.0,5.0,0.0,0.0
3,0.0,R,620.0,0.8768124086713188,14.209353319244416,0,5,60.0,5.0,0.0,0.0
3,0.0,R,620.0,0.8768124086713188,14.209353319244416,0,6,60.0,5.0,0.0,0.0
3,0.0,R,620.0,0.8768124086713188,14.209353319244416,0,7,60.0,5.0,0.0,0.0
3,0.0,R,620.0,0.8768124086713188,14.209353319244416,0,8,60.0,5.0,0.0,0.0
3,0.0,R,620.0,0.8768124086713188,14.209353319244416,0,9,60.0,5.0,0.0,0.0
3,0.0,R,620.0,0.8768124086713188,14.209353319244416,0,10,60.0,5.0,0.0,0.0
3,0.0,R,620.0,0.8768124086713188,14.209353319244416,0,11,60.0,5.0,0.0,0.0
3,0.0,R,620.0,0.8768124086713188,14.209353319244416,0,12,60.0,5.0,0.0,0.0
3,0.0,R,620.0,0.8768124086713188,14.209353319244416,0,13,60.0,5.0,0.0,0.0
3,0.0,R,620.0,0.8768124086713188,14.209353319244416,0,14,60.0,5.0,0.0,0.0
3,0.0,R,620.0,0.8768124086713188,14.209353319244416,0,15,60.0,5.0,0.0,0.0
3,0.0,R,620.0,0.8768124086713188,14.209353319244416,0,16,60.0,5.0,0.0,0.0
3,0.0,R,620.0,0.8768124086713188,14.209353319244416,0,17,60.0,5.0,0.0,0.0
3,0.0,R,620.0,0.8768124086713188,14.209353319244416,0,18,60.0,5.0,0.0,0.0
3,0.0,R,620.0,0.8768124086713188,14.209353319244416,0,19,60.0,5.0,0.0,0.0
3,0.0,R,620.0,0.8768124086713188,14.209353319244416,0,20,60.0,5.0,0.0,0.0
3,0.0,R,620.0,0.8768124086713188,14.209353319244416,0,21,60.0,5.0,0.0,0.0
3,0.0,R,620.0,0.8768124086713188,14.209353319244416,0,22,60.0,5.0,0.0,0.0
3,0.0,R,620.0,0.8768124086713188,14.209353319244416,0,23,60.0,5.0,0.0,0.0
3,0.0,R,620.0,0.8768124086713188,14.209353319244416,0,24,60.0,5.0,0.0,0.0
3,0.0,R,620.0,0.8768124086713188,14.209353319244416,0,25,60.0,5.0,0.0,0.0
3,0.0,R,620.0,0.8768124086713188,14.209353319244416,0,26,60.0,5.0,0.0,0.0
3,0.0,R,620.0,0.8768124086713188,14.209353319244416,0,27,60.0,5.0,0.0,0.0
3,0.0,R,620.0,0.8768124086713188,14.209353319244416,0,28,60.0,5.0,0.0,0.0
3,0.0,R,620.0,0.8768124086713188,14.209353319244416,0,29,60.0,5.0,0.0,0.0
3,0.0,R,620.0,0.8768124086713188,14.209353319244416,0,30,60.0,5.0,0.0,0.0
3,0.0,R,620.0,0.8768124086713188,14.209353319244416,0,31,60.0,5.0,0.0,0.0
3,0.0,R,620.0,0.8768124086713188,14.209353319244416,0,32,60.0,5.0,0.0,0.0
3,0.0,R,620.0,0.8768124086713188,14.209353319244416,0,33,60.0,5.0,0.0,0.0
3,0.0,R,620.0,0.8768124086713188,14.209353319244416,0,34,60.0,5.0,0.0,0.0
3,0.0,R,620.0,0.8768124086713188,14.209353319244416,0,35,60.0,5.0,0.0,0.0
3,0.0,R,620.0,0.8768124086713188,14.209353319244416,1,0,60.0,5.0,0.0,0.0
3,0.0,R,620.0,0.8768124086713188,14.209353319244416,1,1,60.0,5.0,0.0,0.0
3,0.0,R,620.0,0.8768124086713188,14.209353319244416,1,2,60.0,5.0,0.0,0.0
3,0.0,R,620.0,0.8768124086713188,14.209353319244416,1,3,60.0,5.0,0.0,0.0
3,0.0,R,620.0,0.8768124086713188,14.209353319244416,1,4,60.0,5.0,0.0,0.0
3,0.0,R,620.0,0.8768124086713188,14.209353319244416,1,5,60.0,5.0,0.0,0.0
3,0.0,R,620.0,0.8768124086713188,14.209353319244416,1,6,60.0,5.0,0.0,0.0
3,0.0,R,620.0,0.8768124086713188,14.209353319244416,1,7,60.0,5.0,0.0,0.0
3,0.0,R,620.0,0.8768124086713188,14.209353319244416,1,8,60.0,5.0,0.0,0.0
3,0.0,R,620.0,0.8768124086713188,14.209353319244416,1,9,60.0,5.0,0.0,0.0
3,0.0,R,620.0,0.8768124086713188,14.209353319244416,1,10,60.0,5.0,0.0,0.0
3,0.0,R,620.0,0.8768124086713188,14.209353319244416,1,11,60.0,5.0,0.0,0.0
3,0.0,R,620.0,0.8768124086713188,14.209353319244416,1,12,60.0,5.0,0.0,0.0
3,0.0,R,620.0,0.8768124086713188,14.209353319244416,1,13,60.0,5.0,0.0,0.0
3,0.0,R,620.0,0.8768124086713188,14.209353319244416,1,14,60.0,5.0,0.0,0.0
3,0.0,R,620.0,0.8768124086713188,14.209353319244416,1,15,60.0,5.0,0.0,0.0
3,0.0,R,620.0,0.8768124086713188,14.209353319244416,1,16,60.0,5.0,0.0,0.0
3,0.0,R,620.0,0.8768124086713188,14.209353319244416,1,17,60.0,5.0,0.0,0.0
3,0.0,R,620.0,0.8768124086713188,14.209353319244416,1,18,60.0,5.0,0.0,0.0
3,0.0,R,620.0,0.8768124086713188,14.209353319244416,1,19,60.0,5.0,0.0,0.0
3,0.0,R,620.0,0.8768124086713188,14.209353319244416,1,20,60.0,5.0,0.0,0.0
3,0.0,R,620.0,0.8768124086713188,14.209353319244416,1,21,60.0,5.0,0.0,0.0
3,0.0,R,620.0,0.8768124086713188,14.209353319244416,1,22,60.0,5.0,0.0,0.0
3,0.0,R,620.0,0.8768124086713188,14.209353319244416,1,23,60.0,5.0,0.0,0.0
3,0.0,R,620.0,0.8768124086713188,14.209353319244416,1,24,60.0,5.0,0.0,0.0
3,0.0,R,620.0,0.8768124086713188,14.209353319244416,1,25,60.0,5.0,0.0,0.0
3,0.0,R,620.0,0.8768124086713188,14.209353319244416,1,26,60.0,5.0,0.0,0.0
3,0.0,R,620.0,0.8768124086713188,14.209353319244416,1,27,60.0,5.0,0.0,0.0
3,0.0,R,620.0,0.8768124086713188,14.209353319244416,1,28,60.0,5.0,0.0,0.0
3,0.0,R,620.0,0.8768124086713188,14.209353319244416,1,29,60.0,5.0,0.0,0.0
3,0.0,R,620.0,0.8768124086713188,14.209353319244416,1,30,60.0,5.0,0.0,0.0
3,0.0,R,620.0,0.8768124086713188,14.209353319244416,1,31,60.0,5.0,0.0,0.0
3,0.0,R,620.0,0.8768124086713188,14.209353319244416,1,32,60.0,5.0,0.0,0.0
3,0.0,R,620.0,0.8768124086713188,14.209353319244416,1,33,60.0,5.0,0.0,0.0
3,0.0,R,620.0,0.8768124086713188,14.209353319244416,1,34,60.0,5.0,0.0,0.0
3,0.0,R,620.0,0.8768124086713188,14.209353319244416,1,35,60.0,5.0,0.0,0.0
3,0.0,R,620.0,0.8768124086713188,14.209353319244416,2,0,60.0,5.0,0.0,0.0
3,0.0,R,620.0,0.8768124086713188,14.209353319244416,2,1,60.0,5.0,0.0,0.0
3,0.0,R,620.0,0.8768124086713188,14.209353319244416,2,2,60.0,5.0,0.0,0.0
3,0.0,R,620.0,0.8768124086713188,14.209353319244416,2,3,60.0,5.0,0.0,0.0
3,0.0,R,620.0,0.8768124086713188,14.209353319244416,2,4,60.0,5.0,0.0,0.0
3,0.0,R,620.0,0.8768124086713188,14.209353319244416,2,5,60.0,5.0,0.0,0.0
3,0.0,R,620.0,0.8768124086713188,14.209353319244416,2,6,60.0,5.0,0.0,0.0
3,0.0,R,620.0,0.8768124086713188,14.209353319244416,2,7,60.0,5.0,0.0,0.0
3,0.0,R,620.0,0.8768124086713188,14.209353319244416,2,8,60.0,5.0,0.0,0.0
3,0.0,R,620.0,0.8768124086713188,14.209353319244416,2,9,60.0,5.0,0.0,0.0
3,0.0,R,620.0,0.8768124086713188,14.209353319244416,2,10,60.0,5.0,0.0,0.0
3,0.0,R,620.0,0.8768124086713188,14.209353319244416,2,11,60.0,5.0,0.0,0.0
3,0.0,R,620.0,0.8768124086713188,14.209353319244416,2,12,60.0,5.0,0.0,0.0
3,0.0,R,620.0,0.8768124086713188,14.209353319244416,2,13,60.0,5.0,0.0,0.0
3,0.0,R,620.0,0.8768124086713188,14.209353319244416,2,14,60.0,5.0,0.0,0.0
3,0.0,R,620.0,0.8768124086713188,14.209353319244416,2,15,60.0,5.0,0.0,0.0
3,0.0,R,620.0,0.8768124086713188,14.209353319244416,2,16,60.0,5.0,0.0,0.0
3,0.0,R,620.0,0.8768124086713188,14.209353319244416,2,17,60.0,5.0,0.0,0.0
3,0.0,R,620.0,0.8768124086713188,14.209353319244416,2,18,60.0,5.0,0.0,0.0
3,0.0,R,620.0,0.8768124086713188,14.209353319244416,2,19,60.0,5.0,0.0,0.0
3,0.0,R,620.0,0.8768124086713188,14.209353319244416,2,20,60.0,5.0,0.0,0.0
3,0.0,R,620.0,0.8768124086713188,14.209353319244416,2,21,60.0,5.0,0.0,0.0
3,0.0,R,620.0,0.8768124086713188,14.209353319244416,2,22,60.0,5.0,0.0,0.0
3,0.0,R,620.0,0.8768124086713188,14.209353319244416,2,23,60.0,5.0,0.0,0.0
3,0.0,R,620.0,0.8768124086713188,14.209353319244416,2,24,60.0,5.0,0.0,0.0
3,0.0,R,620.0,0.8768124086713188,14.209353319244416,2,25,60.0,5.0,0.0,0.0
3,0.0,R,620.0,0.8768124086713188,14.209353319244416,2,26,60.0,5.0,0.0,0.0
3,0.0,R,620.0,0.8768124086713188,14.209353319244416,2,27,60.0,5.0,0.0,0.0
3,0.0,R,620.0,0.8768124086713188,14.209353319244416,2,28,60.0,5.0,0.0,0.0
3,0.0,R,620.0,0.8768124086713188,14.209353319244416,2,29,60.0,5.0,0.0,0.0
3,0.0,R,620.0,0.8768124086713188,14.209353319244416,2,30,60.0,5.0,0.0,0.0
3,0.0,R,620.0,0.8768124086713188,14.209353319244416,2,31,60.0,5.0,0.0,0.0
3,0.0,R,620.0,0.8768124086713188,14.209353319244416,2,32,60.0,5.0,0.0,0.0
3,0.0,R,620.0,0.8768124086713188,14.209353319244416,2,33,60.0,5.0,0.0,0.0
3,0.0,R,620.0,0.8768124086713188,14.209353319244416,2,34,60.0,5.0,0.0,0.0
3,0.0,R,620.0,0.8768124086713188,14.209353319244416,2,35,60.0,5.0,0.0,0.0
3,0.0,R,620.0,0.8768124086713188,14.209353319244416,3,0,60.0,5.0,0.0,0.0
3,0.0,R,620.0,0.8768124086713188,14.209353319244416,3,1,60.0,5.0,0.0,0.0
3,0.0,R,620.0,0.8768124086713188,14.209353319244416,3,2,60.0,5.0,0.0,0.0
3,0.0,R,620.0,0.8768124086713188,14.209353319244416,3,3,60.0,5.0,0.0,0.0
3,0.0,R,620.0,0.8768124086713188,14.209353319244416,3,4,60.0,5.0,0.0,0.0
3,0.0,R,620.0,0.8768124086713188,14.209353319244416,3,5,60.0,5.0,0.0,0.0
3,0.0,R,620.0,0.8768124086713188,14.209353319244416,3,6,60.0,5.0,0.0,0.0
3,0.0,R,620.0,0.8768124086713188,14.209353319244416,3,7,60.0,5.0,0.0,0.0
3,0.0,R,620.0,0.8768124086713188,14.209353319244416,3,8,60.0,5.0,0.0,0.0
3,0.0,R,620.0,0.8768124086713188,14.209353319244416,3,9,60.0,5.0,0.0,0.0
3,0.0,R,620.0,0.8768124086713188,14.209353319244416,3,10,60.0,5.0,0.0,0.0
3,0.0,R,620.0,0.8768124086713188,14.209353319244416,3,11,60.0,5.0,0.0,0.0
3,0.0,R,620.0,0.8768124086713188,14.209353319244416,3,12,60.0,5.0,0.0,0.0
3,0.0,R,620.0,0.8768124086713188,14.209353319244416,3,13,60.0,5.0,0.0,0.0
3,0.0,R,620.0,0.8768124086713188,14.209353319244416,3,14,60.0,5.0,0.0,0.0
3,0.0,R,620.0,0.8768124086713188,14.209353319244416,3,15,60.0,5.0,0.0,0.0
3,0.0,R,620.0,0.8768124086713188,14.209353319244416,3,16,60.0,5.0,0.0,0.0
3,0.0,R,620.0,0.8768124086713188,14.209353319244416,3,17,60.0,5.0,0.0,0.0
3,0.0,R,620.0,0.8768124086713188,14.209353319244416,3,18,60.0,5.0,0.0,0.0
3,0.0,R,620.0,0.8768124086713188,14.209353319244416,3,19,60.0,5.0,0.0,0.0
3,0.0,R,620.0,0.8768124086713188,14.209353319244416,3,20,60.0,5.0,0.0,0.0
3,0.0,R,620.0,0.8768124086713188,14.209353319244416,3,21,60.0,5.0,0.0,0.0
3,0.0,R,620.0,0.8768124086713188,14.209353319244416,3,22,60.0,5.0,0.0,0.0
3,0.0,R,620.0,0.8768124086713188,14.209353319244416,3,23,60.0,5.0,0.0,0.0
3,0.0,R,620.0,0.8768124086713188,14.209353319244416,3,24,60.0,5.0,0.0,0.0
3,0.0,R,620.0,0.8768124086713188,14.209353319244416,3,25,60.0,5.0,0.0,0.0
3,0.0,R,620.0,0.8768124086713188,14.209353319244416,3,26,60.0,5.0,0.0,0.0
3,0.0,R,620.0,0.8768124086713188,14.209353319244416,3,27,60.0,5.0,0.0,0.0
3,0.0,R,620.0,0.8768124086713188,14.209353319244416,3,28,60.0,5.0,0.0,0.0
3,0.0,R,620.0,0.8768124086713188,14.209353319244416,3,29,60.0,5.0,0.0,0.0
3,0.0,R,620.0,0.8768124086713188,14.209353319244416,3,30,60.0,5.0,0.0,0.0
3,0.0,R,620.0,0.8768124086713188,14.209353319244416,3,31,60.0,5.0,0.0,0.0
3,0.0,R,620.0,0.8768124086713188,14.209353319244416,3,32,60.0,5.0,0.0,0.0
3,0.0,R,620.0,0.8768124086713188,14.209353319244416,3,33,60.0,5.0,0.0,0.0
3,0.0,R,620.0,0.8768124086713188,14.209353319244416,3,34,60.0,5.0,0.0,0.0
3,0.0,R,620.0,0.8768124086713188,14.209353319244416,3,35,60.0,5.0,0.0,0.0
3,0.0,R,620.0,0.8768124086713188,14.209353319244416,4,0,60.0,5.0,0.0,0.0
3,0.0,R,620.0,0.8768124086713188,14.209353319244416,4,1,60.0,5.0,0.0,0.0
3,0.0,R,620.0,0.8768124086713188,14.209353319244416,4,2,60.0,5.0,0.0,0.0
3,0.0,R,620.0,0.8768124086713188,14.209353319244416,4,3,60.0,5.0,0.0,0.0
3,0.0,R,620.0,0.8768124086713188,14.209353319244416,4,4,60.0,5.0,0.0,0.0
3,0.0,R,620.0,0.8768124086713188,14.209353319244416,4,5,60.0,5.0,0.00392156862745098,0.01994638965273254
3,0.0,R,620.0,0.8768124086713188,14.209353319244416,4,6,60.0,5.0,0.011764705882352941,0.0345936127618576
3,0.0,R,620.0,0.8768124086713188,14.209353319244416,4,7,60.0,5.0,0.00784313725490196,0.028226977679718004
3,0.0,R,620.0,0.8768124086713188,14.209353319244416,4,8,60.0,5.0,0.0,0.0
3,0.0,R,620.0,0.8768124086713188,14.209353319244416,4,9,60.0,5.0,0.0,0.0
3,0.0,R,620.0,0.8768124086713188,14.209353319244416,4,10,60.0,5.0,0.0,0.0
3,0.0,R,620.0,0.8768124086713188,14.209353319244416,4,11,60.0,5.0,0.0,0.0
3,0.0,R,620.0,0.8768124086713188,14.209353319244416,4,12,60.0,5.0,0.00784313725490196,0.028226977679718004
3,0.0,R,620.0,0.8768124086713188,14.209353319244416,4,13,60.0,5.0,0.00392156862745098,0.01994638965273254
3,0.0,R,620.0,0.8768124086713188,14.209353319244416,4,14,60.0,5.0,0.00392156862745098,0.01994638965273254
3,0.0,R,620.0,0.8768124086713188,14.209353319244416,4,15,60.0,5.0,0.00392156862745098,0.01994638965273254
3,0.0,R,620.0,0.8768124086713188,14.209353319244416,4,16,60.0,5.0,0.00784313725490196,0.028226977679718004
3,0.0,R,620.0,0.8768124086713188,14.209353319244416,4,17,60.0,5.0,0.00392156862745098,0.01994638965273254
3,0.0,R,620.0,0.8768124086713188,14.209353319244416,4,18,60.0,5.0,0.00784313725490196,0.028226977679718004
3,0.0,R,620.0,0.8768124086713188,14.209353319244416,4,19,60.0,5.0,0.00392156862745098,0.01994638965273254
3,0.0,R,620.0,0.8768124086713188,14.209353319244416,4,20,60.0,5.0,0.00392156862745098,0.01994638965273254
3,0.0,R,620.0,0.8768124086713188,14.209353319244416,4,21,60.0,5.0,0.00784313725490196,0.028226977679718004
3,0.0,R,620.0,0.8768124086713188,14.209353319244416,4,22,60.0,5.0,0.00392156862745098,0.01994638965273254
3,0.0,R,620.0,0.8768124086713188,14.209353319244416,4,23,60.0,5.0,0.0,0.0
3,0.0,R,620.0,0.8768124086713188,14.209353319244416,4,24,60.0,5.0,0.00392156862745098,0.01994638965273254
3,0.0,R,620.0,0.8768124086713188,14.209353319244416,4,25,60.0,5.0,0.00392156862745098,0.01994638965273254
3,0.0,R,620.0,0.8768124086713188,14.209353319244416,4,26,60.0,5.0,0.00392156862745098,0.01994638965273254
3,0.0,R,620.0,0.8768124086713188,14.209353319244416,4,27,60.0,5.0,0.0,0.0
3,0.0,R,620.0,0.8768124086713188,14.209353319244416,4,28,60.0,5.0,0.0,0.0
3,0.0,R,620.0,0.8768124086713188,14.209353319244416,4,29,60.0,5.0,0.0,0.0
3,0.0,R,620.0,0.8768124086713188,14.209353319244416,4,30,60.0,5.0,0.0,0.0
3,0.0,R,620.0,0.8768124086713188,14.209353319244416,4,31,60.0,5.0,0.0,0.0
3,0.0,R,620.0,0.8768124086713188,14.209353319244416,4,32,60.0,5.0,0.0,0.0
3,0.0,R,620.0,0.8768124086713188,14.209353319244416,4,33,60.0,5.0,0.0,0.0
3,0.0,R,620.0,0.8768124086713188,14.209353319244416,4,34,60.0,5.0,0.0,0.0
3,0.0,R,620.0,0.8768124086713188,14.209353319244416,4,35,60.0,5.0,0.0,0.0
3,0.0,R,620.0,0.8768124086713188,14.209353319244416,5,0,60.0,5.0,0.0,0.0
3,0.0,R,620.0,0.8768124086713188,14.209353319244416,5,1,60.0,5.0,0.0,0.0
3,0.0,R,620.0,0.8768124086713188,14.209353319244416,5,2,60.0,5.0,0.0,0.0
3,0.0,R,620.0,0.8768124086713188,14.209353319244416,5,3,60.0,5.0,0.00392156862745098,0.01994638965273254
3,0.0,R,620.0,0.8768124086713188,14.209353319244416,5,4,60.0,5.0,0.0,0.0
3,0.0,R,620.0,0.8768124086713188,14.209353319244416,5,5,60.0,5.0,0.0,0.0
3,0.0,R,620.0,0.8768124086713188,14.209353319244416,5,6,60.0,5.0,0.03529411764705882,0.060157486757451334
3,0.0,R,620.0,0.8768124086713188,14.209353319244416,5,7,60.0,5.0,0.011764705882352941,0.0345936127618576
3,0.0,R,620.0,0.8768124086713188,14.209353319244416,5,8,60.0,5.0,0.00392156862745098,0.01994638965273254
3,0.0,R,620.0,0.8768124086713188,14.209353319244416,5,9,60.0,5.0,0.00784313725490196,0.028226977679718004
3,0.0,R,620.0,0.8768124086713188,14.209353319244416,5,10,60.0,5.0,0.0,0.0
3,0.0,R,620.0,0.8768124086713188,14.209353319244416,5,11,60.0,5.0,0.0,0.0
3,0.0,R,620.0,0.8768124086713188,14.209353319244416,5,12,60.0,5.0,0.0,0.0
3,0.0,R,620.0,0.8768124086713188,14.209353319244416,5,13,60.0,5.0,0.0,0.0
3,0.0,R,620.0,0.8768124086713188,14.209353319244416,5,14,60.0,5.0,0.0,0.0
3,0.0,R,620.0,0.8768124086713188,14.209353319244416,5,15,60.0,5.0,0.0,0.0
3,0.0,R,620.0,0.8768124086713188,14.209353319244416,5,16,60.0,5.0,0.0,0.0
3,0.0,R,620.0,0.8768124086713188,14.209353319244416,5,17,60.0,5.0,0.0,0.0
3,0.0,R,620.0,0.8768124086713188,14.209353319244416,5,18,60.0,5.0,0.0,0.0
3,0.0,R,620.0,0.8768124086713188,14.209353319244416,5,19,60.0,5.0,0.0,0.0
3,0.0,R,620.0,0.8768124086713188,14.209353319244416,5,20,60.0,5.0,0.0,0.0
3,0.0,R,620.0,0.8768124086713188,14.209353319244416,5,21,60.0,5.0,0.0,0.0
3,0.0,R,620.0,0.8768124086713188,14.209353319244416,5,22,60.0,5.0,0.0,0.0
3,0.0,R,620.0,0.8768124086713188,14.209353319244416,5,23,60.0,5.0,0.0,0.0
3,0.0,R,620.0,0.8768124086713188,14.209353319244416,5,24,60.0,5.0,0.0,0.0
3,0.0,R,620.0,0.8768124086713188,14.209353319244416,5,25,60.0,5.0,0.0,0.0
3,0.0,R,620.0,0.8768124086713188,14.209353319244416,5,26,60.0,5.0,0.0,0.0
3,0.0,R,620.0,0.8768124086713188,14.209353319244416,5,27,60.0,5.0,0.0,0.0
3,0.0,R,620.0,0.8768124086713188,14.209353319244416,5,28,60.0,5.0,0.0,0.0
3,0.0,R,620.0,0.8768124086713188,14.209353319244416,5,29,60.0,5.0,0.0,0.0
3,0.0,R,620.0,0.8768124086713188,14.209353319244416,5,30,60.0,5.0,0.0,0.0
3,0.0,R,620.0,0.8768124086713188,14.209353319244416,5,31,60.0,5.0,0.0,0.0
3,0.0,R,620.0,0.8768124086713188,14.209353319244416,5,32,60.0,5.0,0.0,0.0
3,0.0,R,620.0,0.8768124086713188,14.209353319244416,5,33,60.0,5.0,0.0,0.0
3,0.0,R,620.0,0.8768124086713188,14.209353319244416,5,34,60.0,5.0,0.0,0.0
3,0.0,R,620.0,0.8768124086713188,14.209353319244416,5,35,60.0,5.0,0.0,0.0
3,0.0,R,620.0,0.8768124086713188,14.209353319244416,6,0,60.0,5.0,0.0,0.0
3,0.0,R,620.0,0.8768124086713188,14.209353319244416,6,1,60.0,5.0,0.0,0.0
3,0.0,R,620.0,0.8768124086713188,14.209353319244416,6,2,60.0,5.0,0.0,0.0
3,0.0,R,620.0,0.8768124086713188,14.209353319244416,6,3,60.0,5.0,0.0,0.0
3,0.0,R,620.0,0.8768124086713188,14.209353319244416,6,4,60.0,5.0,0.00784313725490196,0.028226977679718004
3,0.0,R,620.0,0.8768124086713188,14.209353319244416,6,5,60.0,5.0,0.09411764705882353,0.09925358883323245
3,0.0,R,620.0,0.8768124086713188,14.209353319244416,6,6,60.0,5.0,0.11764705882352941,0.11144213027334762
3,0.0,R,620.0,0.8768124086713188,14.209353319244416,6,7,60.0,5.0,0.2549019607843137,0.1684625831810239
3,0.0,R,620.0,0.8768124086713188,14.209353319244416,6,8,60.0,5.0,0.03137254901960784,0.05667903330417266
3,0.0,R,620.0,0.8768124086713188,14.209353319244416,6,9,60.0,5.0,0.0,0.0
3,0.0,R,620.0,0.8768124086713188,14.209353319244416,6,10,60.0,5.0,0.00784313725490196,0.028226977679718004
3,0.0,R,620.0,0.8768124086713188,14.209353319244416,6,11,60.0,5.0,0.0,0.0
3,0.0,R,620.0,0.8768124086713188,14.209353319244416,6,12,60.0,5.0,0.22745098039215686,0.15824621238176176
3,0.0,R,620.0,0.8768124086713188,14.209353319244416,6,13,60.0,5.0,0.09019607843137255,0.09709567612708571
3,0.0,R,620.0,0.8768124086713188,14.209353319244416,6,14,60.0,5.0,0.050980392156862744,0.07249578895933438
3,0.0,R,620.0,0.8768124086713188,14.209353319244416,6,15,60.0,5.0,0.07450980392156863,0.08800426979263411
3,0.0,R,620.0,0.8768124086713188,14.209353319244416,6,16,60.0,5.0,0.2196078431372549,0.15524984546857312
3,0.0,R,620.0,0.8768124086713188,14.209353319244416,6,17,60.0,5.0,0.26666666666666666,0.1727273908759613
3,0.0,R,620.0,0.8768124086713188,14.209353319244416,6,18,60.0,5.0,0.22745098039215686,0.15824621238176176
3,0.0,R,620.0,0.8768124086713188,14.209353319244416,6,19,60.0,5.0,0.054901960784313725,0.0752836212383225
3,0.0,R,620.0,0.8768124086713188,14.209353319244416,6,20,60.0,5.0,0.08627450980392157,0.09489506791887806
3,0.0,R,620.0,0.8768124086713188,14.209353319244416,6,21,60.0,5.0,0.2,0.1475836176504333
3,0.0,R,620.0,0.8768124086713188,14.209353319244416,6,22,60.0,5.0,0.058823529411764705,0.07797913037736934
3,0.0,R,620.0,0.8768124086713188,14.209353319244416,6,23,60.0,5.0,0.01568627450980392,0.03997164583041206
3,0.0,R,620.0,0.8768124086713188,14.209353319244416,6,24,60.0,5.0,0.0392156862745098,0.06345418699423495
3,0.0,R,620.0,0.8768124086713188,14.209353319244416,6,25,60.0,5.0,0.17647058823529413,0.13799940258341492
3,0.0,R,620.0,0.8768124086713188,14.209353319244416,6,26,60.0,5.0,0.36470588235294116,0.20639090758999576
3,0.0,R,620.0,0.8768124086713188,14.209353319244416,6,27,60.0,5.0,0.0,0.0
3,0.0,R,620.0,0.8768124086713188,14.209353319244416,6,28,60.0,5.0,0.00392156862745098,0.01994638965273254
3,0.0,R,620.0,0.8768124086713188,14.209353319244416,6,29,60.0,5.0,0.0,0.0
3,0.0,R,620.0,0.8768124086713188,14.209353319244416,6,30,60.0,5.0,0.0,0.0
3,0.0,R,620.0,0.8768124086713188,14.209353319244416,6,31,60.0,5.0,0.0,0.0
3,0.0,R,620.0,0.8768124086713188,14.209353319244416,6,32,60.0,5.0,0.0,0.0
3,0.0,R,620.0,0.8768124086713188,14.209353319244416,6,33,60.0,5.0,0.0,0.0
3,0.0,R,620.0,0.8768124086713188,14.209353319244416,6,34,60.0,5.0,0.0,0.0
3,0.0,R,620.0,0.8768124086713188,14.209353319244416,6,35,60.0,5.0,0.0,0.0
3,0.0,R,620.0,0.8768124086713188,14.209353319244416,7,0,60.0,5.0,0.0,0.0
3,0.0,R,620.0,0.8768124086713188,14.209353319244416,7,1,60.0,5.0,0.0,0.0
3,0.0,R,620.0,0.8768124086713188,14.209353319244416,7,2,60.0,5.0,0.0,0.0
3,0.0,R,620.0,0.8768124086713188,14.209353319244416,7,3,60.0,5.0,0.03137254901960784,0.05667903330417266
3,0.0,R,620.0,0.8768124086713188,14.209353319244416,7,4,60.0,5.0,0.0392156862745098,0.06345418699423495
3,0.0,R,620.0,0.8768124086713188,14.209353319244416,7,5,60.0,5.0,0.23529411764705882,0.1612063368033418
3,0.0,R,620.0,0.8768124086713188,14.209353319244416,7,6,60.0,5.0,0.20392156862745098,0.14913829006235088
3,0.0,R,620.0,0.8768124086713188,14.209353319244416,7,7,60.0,5.0,0.28627450980392155,0.17970582947972352
3,0.0,R,620.0,0.8768124086713188,14.209353319244416,7,8,60.0,5.0,0.4470588235294118,0.23311665261528658
3,0.0,R,620.0,0.8768124086713188,14.209353319244416,7,9,60.0,5.0,0.2,0.1475836176504333
3,0.0,R,620.0,0.8768124086713188,14.209353319244416,7,10,60.0,5.0,0.011764705882352941,0.0345936127618576
3,0.0,R,620.0,0.8768124086713188,14.209353319244416,7,11,60.0,5.0,0.0,0.0
3,0.0,R,620.0,0.8768124086713188,14.209353319244416,7,12,60.0,5.0,0.5215686274509804,0.25686763838273197
3,0.0,R,620.0,0.8768124086713188,14.209353319244416,7,13,60.0,5.0,0.5450980392156862,0.2643746873214314
3,0.0,R,620.0,0.8768124086713188,14.209353319244416,7,14,60.0,5.0,0.5294117647058824,0.2593674630095386
3,0.0,R,620.0,0.8768124086713188,14.209353319244416,7,15,60.0,5.0,0.4588235294117647,0.23687826177997542
3,0.0,R,620.0,0.8768124086713188,14.209353319244416,7,16,60.0,5.0,0.4666666666666667,0.23938179519646016
3,0.0,R,620.0,0.8768124086713188,14.209353319244416,7,17,60.0,5.0,0.4470588235294118,0.23311665261528658
3,0.0,R,620.0,0.8768124086713188,14.209353319244416,7,18,60.0,5.0,0.5058823529411764,0.2518724542907634
3,0.0,R,620.0,0.8768124086713188,14.209353319244416,7,19,60.0,5.0,0.4235294117647059,0.2255627480278026
3,0.0,R,620.0,0.8768124086713188,14.209353319244416,7,20,60.0,5.0,0.5215686274509804,0.25686763838273197
3,0.0,R,620.0,0.8768124086713188,14.209353319244416,7,21,60.0,5.0,0.47843137254901963,0.24313236161726806
3,0.0,R,620.0,0.8768124086713188,14.209353319244416,7,22,60.0,5.0,0.5686274509803921,0.27191397286132807
3,0.0,R,620.0,0.8768124086713188,14.209353319244416,7,23,60.0,5.0,0.25098039215686274,0.16702677744422859
3,0.0,R,620.0,0.8768124086713188,14.209353319244416,7,24,60.0,5.0,0.4588235294117647,0.23687826177997542
3,0.0,R,620.0,0.8768124086713188,14.209353319244416,7,25,60.0,5.0,0.6,0.2820471084244875
3,0.0,R,620.0,0.8768124086713188,14.209353319244416,7,26,60.0,5.0,0.3764705882352941,0.2102679541390965
3,0.0,R,620.0,0.8768124086713188,14.209353319244416,7,27,60.0,5.0,0.0,0.0
3,0.0,R,620.0,0.8768124086713188,14.209353319244416,7,28,60.0,5.0,0.011764705882352941,0.0345936127618576
3,0.0,R,620.0,0.8768124086713188,14.209353319244416,7,29,60.0,5.0,0.00392156862745098,0.01994638965273254
3,0.0,R,620.0,0.8768124086713188,14.209353319244416,7,30,60.0,5.0,0.0,0.0
3,0.0,R,620.0,0.8768124086713188,14.209353319244416,7,31,60.0,5.0,0.0,0.0
3,0.0,R,620.0,0.8768124086713188,14.209353319244416,7,32,60.0,5.0,0.0,0.0
3,0.0,R,620.0,0.8768124086713188,14.209353319244416,7,33,60.0,5.0,0.0,0.0
3,0.0,R,620.0,0.8768124086713188,14.209353319244416,7,34,60.0,5.0,0.0,0.0
3,0.0,R,620.0,0.8768124086713188,14.209353319244416,7,35,60.0,5.0,0.0,0.0
3,0.0,R,620.0,0.8768124086713188,14.209353319244416,8,0,60.0,5.0,0.0,0.0
3,0.0,R,620.0,0.8768124086713188,14.209353319244416,8,1,60.0,5.0,0.0,0.0
3,0.0,R,620.0,0.8768124086713188,14.209353319244416,8,2,60.0,5.0,0.0392156862745098,0.06345418699423495
3,0.0,R,620.0,0.8768124086713188,14.209353319244416,8,3,60.0,5.0,0.24313725490196078,0.1641324917521111
3,0.0,R,620.0,0.8768124086713188,14.209353319244416,8,4,60.0,5.0,0.11372549019607843,0.10949071206008622
3,0.0,R,620.0,0.8768124086713188,14.209353319244416,8,5,60.0,5.0,0.3176470588235294,0.19058476853837517
3,0.0,R,620.0,0.8768124086713188,14.209353319244416,8,6,60.0,5.0,0.25098039215686274,0.16702677744422859
3,0.0,R,620.0,0.8768124086713188,14.209353319244416,8,7,60.0,5.0,0.6705882352941176,0.30541268673902255
3,0.0,R,620.0,0.8768124086713188,14.209353319244416,8,8,60.0,5.0,0.9686274509803922,0.4433209666958273
3,0.0,R,620.0,0.8768124086713188,14.209353319244416,8,9,60.0,5.0,0.4235294117647059,0.2255627480278026
3,0.0,R,620.0,0.8768124086713188,14.209353319244416,8,10,60.0,5.0,0.09411764705882353,0.09925358883323245
3,0.0,R,620.0,0.8768124086713188,14.209353319244416,8,11,60.0,5.0,0.06274509803921569,0.08059162758159863
3,0.0,R,620.0,0.8768124086713188,14.209353319244416,8,12,60.0,5.0,0.3607843137254902,0.205092759971859
3,0.0,R,620.0,0.8768124086713188,14.209353319244416,8,13,60.0,5.0,0.4117647058823529,0.22176597605076812
3,0.0,R,620.0,0.8768124086713188,14.209353319244416,8,14,60.0,5.0,0.40784313725490196,0.2204968785082125
3,0.0,R,620.0,0.8768124086713188,14.209353319244416,8,15,60.0,5.0,0.43137254901960786,0.22808602713867193
3,0.0,R,620.0,0.8768124086713188,14.209353319244416,8,16,60.0,5.0,0.3803921568627451,0.21155484953700343
3,0.0,R,620.0,0.8768124086713188,14.209353319244416,8,17,60.0,5.0,0.3568627450980392,0.20379153547696685
3,0.0,R,620.0,0.8768124086713188,14.209353319244416,8,18,60.0,5.0,0.3333333333333333,0.19591327601530364
3,0.0,R,620.0,0.8768124086713188,14.209353319244416,8,19,60.0,5.0,0.44313725490196076,0.23186078127719867
3,0.0,R,620.0,0.8768124086713188,14.209353319244416,8,20,60.0,5.0,0.4392156862745098,0.23060377451347597
3,0.0,R,620.0,0.8768124086713188,14.209353319244416,8,21,60.0,5.0,0.34509803921568627,0.19986829362396183
3,0.0,R,620.0,0.8768124086713188,14.209353319244416,8,22,60.0,5.0,0.47058823529411764,0.2406325369904614
3,0.0,R,620.0,0.8768124086713188,14.209353319244416,8,23,60.0,5.0,0.15294117647058825,0.12789737021175648
3,0.0,R,620.0,0.8768124086713188,14.209353319244416,8,24,60.0,5.0,0.396078431372549,0.21667782097214075
3,0.0,R,620.0,0.8768124086713188,14.209353319244416,8,25,60.0,5.0,0.4588235294117647,0.23687826177997542
3,0.0,R,620.0,0.8768124086713188,14.209353319244416,8,26,60.0,5.0,0.21176470588235294,0.1522147678661474
3,0.0,R,620.0,0.8768124086713188,14.209353319244416,8,27,60.0,5.0,0.00784313725490196,0.028226977679718004
3,0.0,R,620.0,0.8768124086713188,14.209353319244416,8,28,60.0,5.0,0.01568627450980392,0.03997164583041206
3,0.0,R,620.0,0.8768124086713188,14.209353319244416,8,29,60.0,5.0,0.0,0.0
3,0.0,R,620.0,0.8768124086713188,14.209353319244416,8,30,60.0,5.0,0.00784313725490196,0.028226977679718004
3,0.0,R,620.0,0.8768124086713188,14.209353319244416,8,31,60.0,5.0,0.00784313725490196,0.028226977679718004
3,0.0,R,620.0,0.8768124086713188,14.209353319244416,8,32,60.0,5.0,0.00392156862745098,0.01994638965273254
3,0.0,R,620.0,0.8768124086713188,14.209353319244416,8,33,60.0,5.0,0.0,0.0
3,0.0,R,620.0,0.8768124086713188,14.209353319244416,8,34,60.0,5.0,0.0,0.0
3,0.0,R,620.0,0.8768124086713188,14.209353319244416,8,35,60.0,5.0,0.0,0.0
3,0.0,R,620.0,0.8768124086713188,14.209353319244416,9,0,60.0,5.0,0.0,0.0
3,0.0,R,620.0,0.8768124086713188,14.209353319244416,9,1,60.0,5.0,0.0,0.0
3,0.0,R,620.0,0.8768124086713188,14.209353319244416,9,2,60.0,5.0,0.03137254901960784,0.05667903330417266
3,0.0,R,620.0,0.8768124086713188,14.209353319244416,9,3,60.0,5.0,0.1803921568627451,0.13962955546331615
3,0.0,R,620.0,0.8768124086713188,14.209353319244416,9,4,60.0,5.0,0.15294117647058825,0.12789737021175648
3,0.0,R,620.0,0.8768124086713188,14.209353319244416,9,5,60.0,5.0,0.1803921568627451,0.13962955546331615
3,0.0,R,620.0,0.8768124086713188,14.209353319244416,9,6,60.0,5.0,0.1411764705882353,0.12260956282279944
3,0.0,R,620.0,0.8768124086713188,14.209353319244416,9,7,60.0,5.0,0.5686274509803921,0.27191397286132807
3,0.0,R,620.0,0.8768124086713188,14.209353319244416,9,8,60.0,5.0,0.792156862745098,0.34931811846681793
3,0.0,R,620.0,0.8768124086713188,14.209353319244416,9,9,60.0,5.0,0.6039215686274509,0.2833221790278593
3,0.0,R,620.0,0.8768124086713188,14.209353319244416,9,10,60.0,5.0,0.27058823529411763,0.17413550547828363
3,0.0,R,620.0,0.8768124086713188,14.209353319244416,9,11,60.0,5.0,0.03529411764705882,0.060157486757451334
3,0.0,R,620.0,0.8768124086713188,14.209353319244416,9,12,60.0,5.0,0.0,0.0
3,0.0,R,620.0,0.8768124086713188,14.209353319244416,9,13,60.0,5.0,0.0,0.0
3,0.0,R,620.0,0.8768124086713188,14.209353319244416,9,14,60.0,5.0,0.0,0.0
3,0.0,R,620.0,0.8768124086713188,14.209353319244416,9,15,60.0,5.0,0.0,0.0
3,0.0,R,620.0,0.8768124086713188,14.209353319244416,9,16,60.0,5.0,0.0,0.0
3,0.0,R,620.0,0.8768124086713188,14.209353319244416,9,17,60.0,5.0,0.047058823529411764,0.06960448727306395
3,0.0,R,620.0,0.8768124086713188,14.209353319244416,9,18,60.0,5.0,0.058823529411764705,0.07797913037736934
3,0.0,R,620.0,0.8768124086713188,14.209353319244416,9,19,60.0,5.0,0.0,0.0
3,0.0,R,620.0,0.8768124086713188,14.209353319244416,9,20,60.0,5.0,0.0,0.0
3,0.0,R,620.0,0.8768124086713188,14.209353319244416,9,21,60.0,5.0,0.027450980392156862,0.05298297410946823
3,0.0,R,620.0,0.8768124086713188,14.209353319244416,9,22,60.0,5.0,0.027450980392156862,0.05298297410946823
3,0.0,R,620.0,0.8768124086713188,14.209353319244416,9,23,60.0,5.0,0.0,0.0
3,0.0,R,620.0,0.8768124086713188,14.209353319244416,9,24,60.0,5.0,0.00784313725490196,0.028226977679718004
3,0.0,R,620.0,0.8768124086713188,14.209353319244416,9,25,60.0,5.0,0.0,0.0
3,0.0,R,620.0,0.8768124086713188,14.209353319244416,9,26,60.0,5.0,0.0,0.0
3,0.0,R,620.0,0.8768124086713188,14.209353319244416,9,27,60.0,5.0,0.0,0.0
3,0.0,R,620.0,0.8768124086713188,14.209353319244416,9,28,60.0,5.0,0.0,0.0
3,0.0,R,620.0,0.8768124086713188,14.209353319244416,9,29,60.0,5.0,0.047058823529411764,0.06960448727306395
3,0.0,R,620.0,0.8768124086713188,14.209353319244416,9,30,60.0,5.0,0.0,0.0
3,0.0,R,620.0,0.8768124086713188,14.209353319244416,9,31,60.0,5.0,0.0,0.0
3,0.0,R,620.0,0.8768124086713188,14.209353319244416,9,32,60.0,5.0,0.0,0.0
3,0.0,R,620.0,0.8768124086713188,14.209353319244416,9,33,60.0,5.0,0.0,0.0
3,0.0,R,620.0,0.8768124086713188,14.209353319244416,9,34,60.0,5.0,0.0,0.0
3,0.0,R,620.0,0.8768124086713188,14.209353319244416,9,35,60.0,5.0,0.0,0.0
3,0.0,R,620.0,0.8768124086713188,14.209353319244416,10,0,60.0,5.0,0.0,0.0
3,0.0,R,620.0,0.8768124086713188,14.209353319244416,10,1,60.0,5.0,0.0,0.0
3,0.0,R,620.0,0.8768124086713188,14.209353319244416,10,2,60.0,5.0,0.0,0.0
3,0.0,R,620.0,0.8768124086713188,14.209353319244416,10,3,60.0,5.0,0.2,0.1475836176504333
3,0.0,R,620.0,0.8768124086713188,14.209353319244416,10,4,60.0,5.0,0.21176470588235294,0.1522147678661474
3,0.0,R,620.0,0.8768124086713188,14.209353319244416,10,5,60.0,5.0,0.17254901960784313,0.13635495410892096
3,0.0,R,620.0,0.8768124086713188,14.209353319244416,10,6,60.0,5.0,0.20784313725490197,0.15068188153318207
3,0.0,R,620.0,0.8768124086713188,14.209353319244416,10,7,60.0,5.0,0.1411764705882353,0.12260956282279944
3,0.0,R,620.0,0.8768124086713188,14.209353319244416,10,8,60.0,5.0,0.42745098039215684,0.22682512093786292
3,0.0,R,620.0,0.8768124086713188,14.209353319244416,10,9,60.0,5.0,0.4980392156862745,0.24937586136851997
3,0.0,R,620.0,0.8768124086713188,14.209353319244416,10,10,60.0,5.0,0.20392156862745098,0.14913829006235088
3,0.0,R,620.0,0.8768124086713188,14.209353319244416,10,11,60.0,5.0,0.2,0.1475836176504333
3,0.0,R,620.0,0.8768124086713188,14.209353319244416,10,12,60.0,5.0,0.25098039215686274,0.16702677744422859
3,0.0,R,620.0,0.8768124086713188,14.209353319244416,10,13,60.0,5.0,0.2627450980392157,0.17131267163863242
3,0.0,R,620.0,0.8768124086713188,14.209353319244416,10,14,60.0,5.0,0.19607843137254902,0.14601747052853942
3,0.0,R,620.0,0.8768124086713188,14.209353319244416,10,15,60.0,5.0,0.18823529411764706,0.1428490794319283
3,0.0,R,620.0,0.8768124086713188,14.209353319244416,10,16,60.0,5.0,0.20392156862745098,0.14913829006235088
3,0.0,R,620.0,0.8768124086713188,14.209353319244416,10,17,60.0,5.0,0.3607843137254902,0.205092759971859
3,0.0,R,620.0,0.8768124086713188,14.209353319244416,10,18,60.0,5.0,0.3215686274509804,0.19192319169509703
3,0.0,R,620.0,0.8768124086713188,14.209353319244416,10,19,60.0,5.0,0.1803921568627451,0.13962955546331615
3,0.0,R,620.0,0.8768124086713188,14.209353319244416,10,20,60.0,5.0,0.17254901960784313,0.13635495410892096
3,0.0,R,620.0,0.8768124086713188,14.209353319244416,10,21,60.0,5.0,0.39215686274509803,0.21540057603915186
3,0.0,R,620.0,0.8768124086713188,14.209353319244416,10,22,60.0,5.0,0.17254901960784313,0.13635495410892096
3,0.0,R,620.0,0.8768124086713188,14.209353319244416,10,23,60.0,5.0,0.4588235294117647,0.23687826177997542
3,0.0,R,620.0,0.8768124086713188,14.209353319244416,10,24,60.0,5.0,0.5058823529411764,0.2518724542907634
3,0.0,R,620.0,0.8768124086713188,14.209353319244416,10,25,60.0,5.0,0.34509803921568627,0.19986829362396183
3,0.0,R,620.0,0.8768124086713188,14.209353319244416,10,26,60.0,5.0,0.21568627450980393,0.15373730807570263
3,0.0,R,620.0,0.8768124086713188,14.209353319244416,10,27,60.0,5.0,0.2549019607843137,0.1684625831810239
3,0.0,R,620.0,0.8768124086713188,14.209353319244416,10,28,60.0,5.0,0.27450980392156865,0.17553721581099607
3,0.0,R,620.0,0.8768124086713188,14.209353319244416,10,29,60.0,5.0,0.39215686274509803,0.21540057603915186
3,0.0,R,620.0,0.8768124086713188,14.209353319244416,10,30,60.0,5.0,0.24313725490196078,0.1641324917521111
3,0.0,R,620.0,0.8768124086713188,14.209353319244416,10,31,60.0,5.0,0.27058823529411763,0.17413550547828363
3,0.0,R,620.0,0.8768124086713188,14.209353319244416,10,32,60.0,5.0,0.054901960784313725,0.0752836212383225
3,0.0,R,620.0,0.8768124086713188,14.209353319244416,10,33,60.0,5.0,0.0,0.0
3,0.0,R,620.0,0.8768124086713188,14.209353319244416,10,34,60.0,5.0,0.00392156862745098,0.01994638965273254
3,0.0,R,620.0,0.8768124086713188,14.209353319244416,10,35,60.0,5.0,0.0,0.0
3,0.0,R,620.0,0.8768124086713188,14.209353319244416,11,0,60.0,5.0,0.0,0.0
3,0.0,R,620.0,0.8768124086713188,14.209353319244416,11,1,60.0,5.0,0.0,0.0
3,0.0,R,620.0,0.8768124086713188,14.209353319244416,11,2,60.0,5.0,0.0,0.0
3,0.0,R,620.0,0.8768124086713188,14.209353319244416,11,3,60.0,5.0,0.00784313725490196,0.028226977679718004
3,0.0,R,620.0,0.8768124086713188,14.209353319244416,11,4,60.0,5.0,0.10196078431372549,0.10345212448837855
3,0.0,R,620.0,0.8768124086713188,14.209353319244416,11,5,60.0,5.0,0.10196078431372549,0.10345212448837855
3,0.0,R,620.0,0.8768124086713188,14.209353319244416,11,6,60.0,5.0,0.12156862745098039,0.11336555669651052
3,0.0,R,620.0,0.8768124086713188,14.209353319244416,11,7,60.0,5.0,0.1450980392156863,0.12439176642144965
3,0.0,R,620.0,0.8768124086713188,14.209353319244416,11,8,60.0,5.0,0.41568627450980394,0.22303326182108058
3,0.0,R,620.0,0.8768124086713188,14.209353319244416,11,9,60.0,5.0,0.6666666666666666,0.3040867239846963
3,0.0,R,620.0,0.8768124086713188,14.209353319244416,11,10,60.0,5.0,0.4235294117647059,0.2255627480278026
3,0.0,R,620.0,0.8768124086713188,14.209353319244416,11,11,60.0,5.0,0.0,0.0
3,0.0,R,620.0,0.8768124086713188,14.209353319244416,11,12,60.0,5.0,0.49411764705882355,0.24812754570923665
3,0.0,R,620.0,0.8768124086713188,14.209353319244416,11,13,60.0,5.0,0.5686274509803921,0.27191397286132807
3,0.0,R,620.0,0.8768124086713188,14.209353319244416,11,14,60.0,5.0,0.4980392156862745,0.24937586136851997
3,0.0,R,620.0,0.8768124086713188,14.209353319244416,11,15,60.0,5.0,0.5450980392156862,0.2643746873214314
3,0.0,R,620.0,0.8768124086713188,14.209353319244416,11,16,60.0,5.0,0.5294117647058824,0.2593674630095386
3,0.0,R,620.0,0.8768124086713188,14.209353319244416,11,17,60.0,5.0,0.49019607843137253,0.24687911483972108
3,0.0,R,620.0,0.8768124086713188,14.209353319244416,11,18,60.0,5.0,0.4823529411764706,0.24438159985259414
3,0.0,R,620.0,0.8768124086713188,14.209353319244416,11,19,60.0,5.0,0.5803921568627451,0.2757011764274999
3,0.0,R,620.0,0.8768124086713188,14.209353319244416,11,20,60.0,5.0,0.5490196078431373,0.26562853040584894
3,0.0,R,620.0,0.8768124086713188,14.209353319244416,11,21,60.0,5.0,0.47843137254901963,0.24313236161726806
3,0.0,R,620.0,0.8768124086713188,14.209353319244416,11,22,60.0,5.0,0.20392156862745098,0.14913829006235088
3,0.0,R,620.0,0.8768124086713188,14.209353319244416,11,23,60.0,5.0,0.5803921568627451,0.2757011764274999
3,0.0,R,620.0,0.8768124086713188,14.209353319244416,11,24,60.0,5.0,0.4823529411764706,0.24438159985259414
3,0.0,R,620.0,0.8768124086713188,14.209353319244416,11,25,60.0,5.0,0.5411764705882353,0.26312173822002455
3,0.0,R,620.0,0.8768124086713188,14.209353319244416,11,26,60.0,5.0,0.6313725490196078,0.2923139141785014
3,0.0,R,620.0,0.8768124086713188,14.209353319244416,11,27,60.0,5.0,0.5372549019607843,0.26186960369612183
3,0.0,R,620.0,0.8768124086713188,14.209353319244416,11,28,60.0,5.0,0.5215686274509804,0.25686763838273197
3,0.0,R,620.0,0.8768124086713188,14.209353319244416,11,29,60.0,5.0,0.6470588235294118,0.29751287549067723
3,0.0,R,620.0,0.8768124086713188,14.209353319244416,11,30,60.0,5.0,0.44313725490196076,0.23186078127719867
3,0.0,R,620.0,0.8768124086713188,14.209353319244416,11,31,60.0,5.0,0.5019607843137255,0.2506241386314801
3,0.0,R,620.0,0.8768124086713188,14.209353319244416,11,32,60.0,5.0,0.2235294117647059,0.1567527086383188
3,0.0,R,620.0,0.8768124086713188,14.209353319244416,11,33,60.0,5.0,0.0,0.0
3,0.0,R,620.0,0.8768124086713188,14.209353319244416,11,34,60.0,5.0,0.00784313725490196,0.028226977679718004
3,0.0,R,620.0,0.8768124086713188,14.209353319244416,11,35,60.0,5.0,0.0,0.0
3,0.0,R,620.0,0.8768124086713188,14.209353319244416,12,0,60.0,5.0,0.0,0.0
3,0.0,R,620.0,0.8768124086713188,14.209353319244416,12,1,60.0,5.0,0.0,0.0
3,0.0,R,620.0,0.8768124086713188,14.209353319244416,12,2,60.0,5.0,0.0,0.0
3,0.0,R,620.0,0.8768124086713188,14.209353319244416,12,3,60.0,5.0,0.00392156862745098,0.01994638965273254
3,0.0,R,620.0,0.8768124086713188,14.209353319244416,12,4,60.0,5.0,0.0,0.0
3,0.0,R,620.0,0.8768124086713188,14.209353319244416,12,5,60.0,5.0,0.054901960784313725,0.0752836212383225
3,0.0,R,620.0,0.8768124086713188,14.209353319244416,12,6,60.0,5.0,0.14901960784313725,0.12615408206482107
3,0.0,R,620.0,0.8768124086713188,14.209353319244416,12,7,60.0,5.0,0.16470588235294117,0.1330208851941153
3,0.0,R,620.0,0.8768124086713188,14.209353319244416,12,8,60.0,5.0,0.3843137254901961,0.2128391863481819
3,0.0,R,620.0,0.8768124086713188,14.209353319244416,12,9,60.0,5.0,0.6470588235294118,0.29751287549067723
3,0.0,R,620.0,0.8768124086713188,14.209353319244416,12,10,60.0,5.0,0.0784313725490196,0.09035304440877327
3,0.0,R,620.0,0.8768124086713188,14.209353319244416,12,11,60.0,5.0,0.01568627450980392,0.03997164583041206
3,0.0,R,620.0,0.8768124086713188,14.209353319244416,12,12,60.0,5.0,0.27058823529411763,0.17413550547828363
3,0.0,R,620.0,0.8768124086713188,14.209353319244416,12,13,60.0,5.0,0.37254901960784315,0.2089784001485295
3,0.0,R,620.0,0.8768124086713188,14.209353319244416,12,14,60.0,5.0,0.4392156862745098,0.23060377451347597
3,0.0,R,620.0,0.8768124086713188,14.209353319244416,12,15,60.0,5.0,0.35294117647058826,0.2024871245093228
3,0.0,R,620.0,0.8768124086713188,14.209353319244416,12,16,60.0,5.0,0.37254901960784315,0.2089784001485295
3,0.0,R,620.0,0.8768124086713188,14.209353319244416,12,17,60.0,5.0,0.24313725490196078,0.1641324917521111
3,0.0,R,620.0,0.8768124086713188,14.209353319244416,12,18,60.0,5.0,0.25098039215686274,0.16702677744422859
3,0.0,R,620.0,0.8768124086713188,14.209353319244416,12,19,60.0,5.0,0.2823529411764706,0.17832219301287253
3,0.0,R,620.0,0.8768124086713188,14.209353319244416,12,20,60.0,5.0,0.24705882352941178,0.16558349319631221
3,0.0,R,620.0,0.8768124086713188,14.209353319244416,12,21,60.0,5.0,0.29411764705882354,0.18245628008006537
3,0.0,R,620.0,0.8768124086713188,14.209353319244416,12,22,60.0,5.0,0.10588235294117647,0.105497495924501
3,0.0,R,620.0,0.8768124086713188,14.209353319244416,12,23,60.0,5.0,0.16862745098039217,0.1346956468623352
3,0.0,R,620.0,0.8768124086713188,14.209353319244416,12,24,60.0,5.0,0.09411764705882353,0.09925358883323245
3,0.0,R,620.0,0.8768124086713188,14.209353319244416,12,25,60.0,5.0,0.25882352941176473,0.16989114055384089
3,0.0,R,620.0,0.8768124086713188,14.209353319244416,12,26,60.0,5.0,0.36470588235294116,0.20639090758999576
3,0.0,R,620.0,0.8768124086713188,14.209353319244416,12,27,60.0,5.0,0.26666666666666666,0.1727273908759613
3,0.0,R,620.0,0.8768124086713188,14.209353319244416,12,28,60.0,5.0,0.3058823529411765,0.18654239242284085
3,0.0,R,620.0,0.8768124086713188,14.209353319244416,12,29,60.0,5.0,0.25098039215686274,0.16702677744422859
3,0.0,R,620.0,0.8768124086713188,14.209353319244416,12,30,60.0,5.0,0.2627450980392157,0.17131267163863242
3,0.0,R,620.0,0.8768124086713188,14.209353319244416,12,31,60.0,5.0,0.3176470588235294,0.19058476853837517
3,0.0,R,620.0,0.8768124086713188,14.209353319244416,12,32,60.0,5.0,0.1607843137254902,0.13133003823498593
3,0.0,R,620.0,0.8768124086713188,14.209353319244416,12,33,60.0,5.0,0.0,0.0
3,0.0,R,620.0,0.8768124086713188,14.209353319244416,12,34,60.0,5.0,0.00784313725490196,0.028226977679718004
3,0.0,R,620.0,0.8768124086713188,14.209353319244416,12,35,60.0,5.0,0.0,0.0
3,0.0,R,620.0,0.8768124086713188,14.209353319244416,13,0,60.0,5.0,0.0,0.0
3,0.0,R,620.0,0.8768124086713188,14.209353319244416,13,1,60.0,5.0,0.0,0.0
3,0.0,R,620.0,0.8768124086713188,14.209353319244416,13,2,60.0,5.0,0.0,0.0
3,0.0,R,620.0,0.8768124086713188,14.209353319244416,13,3,60.0,5.0,0.0,0.0
3,0.0,R,620.0,0.8768124086713188,14.209353319244416,13,4,60.0,5.0,0.00392156862745098,0.01994638965273254
3,0.0,R,620.0,0.8768124086713188,14.209353319244416,13,5,60.0,5.0,0.023529411764705882,0.049020040417914766
3,0.0,R,620.0,0.8768124086713188,14.209353319244416,13,6,60.0,5.0,0.023529411764705882,0.049020040417914766
3,0.0,R,620.0,0.8768124086713188,14.209353319244416,13,7,60.0,5.0,0.054901960784313725,0.0752836212383225
3,0.0,R,620.0,0.8768124086713188,14.209353319244416,13,8,60.0,5.0,0.24313725490196078,0.1641324917521111
3,0.0,R,620.0,0.8768124086713188,14.209353319244416,13,9,60.0,5.0,0.21176470588235294,0.1522147678661474
3,0.0,R,620.0,0.8768124086713188,14.209353319244416,13,10,60.0,5.0,0.0,0.0
3,0.0,R,620.0,0.8768124086713188,14.209353319244416,13,11,60.0,5.0,0.00392156862745098,0.01994638965273254
3,0.0,R,620.0,0.8768124086713188,14.209353319244416,13,12,60.0,5.0,0.0,0.0
3,0.0,R,620.0,0.8768124086713188,14.209353319244416,13,13,60.0,5.0,0.0,0.0
3,0.0,R,620.0,0.8768124086713188,14.209353319244416,13,14,60.0,5.0,0.0392156862745098,0.06345418699423495
3,0.0,R,620.0,0.8768124086713188,14.209353319244416,13,15,60.0,5.0,0.027450980392156862,0.05298297410946823
3,0.0,R,620.0,0.8768124086713188,14.209353319244416,13,16,60.0,5.0,0.01568627450980392,0.03997164583041206
3,0.0,R,620.0,0.8768124086713188,14.209353319244416,13,17,60.0,5.0,0.0,0.0
3,0.0,R,620.0,0.8768124086713188,14.209353319244416,13,18,60.0,5.0,0.0,0.0
3,0.0,R,620.0,0.8768124086713188,14.209353319244416,13,19,60.0,5.0,0.0,0.0
3,0.0,R,620.0,0.8768124086713188,14.209353319244416,13,20,60.0,5.0,0.0,0.0
3,0.0,R,620.0,0.8768124086713188,14.209353319244416,13,21,60.0,5.0,0.0,0.0
3,0.0,R,620.0,0.8768124086713188,14.209353319244416,13,22,60.0,5.0,0.0,0.0
3,0.0,R,620.0,0.8768124086713188,14.209353319244416,13,23,60.0,5.0,0.0,0.0
3,0.0,R,620.0,0.8768124086713188,14.209353319244416,13,24,60.0,5.0,0.0,0.0
3,0.0,R,620.0,0.8768124086713188,14.209353319244416,13,25,60.0,5.0,0.0,0.0
3,0.0,R,620.0,0.8768124086713188,14.209353319244416,13,26,60.0,5.0,0.043137254901960784,0.06659618536329842
3,0.0,R,620.0,0.8768124086713188,14.209353319244416,13,27,60.0,5.0,0.0196078431372549,0.04471926097515774
3,0.0,R,620.0,0.8768124086713188,14.209353319244416,13,28,60.0,5.0,0.0,0.0
3,0.0,R,620.0,0.8768124086713188,14.209353319244416,13,29,60.0,5.0,0.0,0.0
3,0.0,R,620.0,0.8768124086713188,14.209353319244416,13,30,60.0,5.0,0.0,0.0
3,0.0,R,620.0,0.8768124086713188,14.209353319244416,13,31,60.0,5.0,0.0,0.0
3,0.0,R,620.0,0.8768124086713188,14.209353319244416,13,32,60.0,5.0,0.0,0.0
3,0.0,R,620.0,0.8768124086713188,14.209353319244416,13,33,60.0,5.0,0.0,0.0
3,0.0,R,620.0,0.8768124086713188,14.209353319244416,13,34,60.0,5.0,0.0,0.0
3,0.0,R,620.0,0.8768124086713188,14.209353319244416,13,35,60.0,5.0,0.0,0.0
3,0.0,R,620.0,0.8768124086713188,14.209353319244416,14,0,60.0,5.0,0.0,0.0
3,0.0,R,620.0,0.8768124086713188,14.209353319244416,14,1,60.0,5.0,0.0,0.0
3,0.0,R,620.0,0.8768124086713188,14.209353319244416,14,2,60.0,5.0,0.0,0.0
3,0.0,R,620.0,0.8768124086713188,14.209353319244416,14,3,60.0,5.0,0.0,0.0
3,0.0,R,620.0,0.8768124086713188,14.209353319244416,14,4,60.0,5.0,0.0,0.0
3,0.0,R,620.0,0.8768124086713188,14.209353319244416,14,5,60.0,5.0,0.0,0.0
3,0.0,R,620.0,0.8768124086713188,14.209353319244416,14,6,60.0,5.0,0.0,0.0
3,0.0,R,620.0,0.8768124086713188,14.209353319244416,14,7,60.0,5.0,0.00392156862745098,0.01994638965273254
3,0.0,R,620.0,0.8768124086713188,14.209353319244416,14,8,60.0,5.0,0.0,0.0
3,0.0,R,620.0,0.8768124086713188,14.209353319244416,14,9,60.0,5.0,0.0,0.0
3,0.0,R,620.0,0.8768124086713188,14.209353319244416,14,10,60.0,5.0,0.00392156862745098,0.01994638965273254
3,0.0,R,620.0,0.8768124086713188,14.209353319244416,14,11,60.0,5.0,0.0,0.0
3,0.0,R,620.0,0.8768124086713188,14.209353319244416,14,12,60.0,5.0,0.00784313725490196,0.028226977679718004
3,0.0,R,620.0,0.8768124086713188,14.209353319244416,14,13,60.0,5.0,0.00392156862745098,0.01994638965273254
3,0.0,R,620.0,0.8768124086713188,14.209353319244416,14,14,60.0,5.0,0.0,0.0
3,0.0,R,620.0,0.8768124086713188,14.209353319244416,14,15,60.0,5.0,0.0,0.0
3,0.0,R,620.0,0.8768124086713188,14.209353319244416,14,16,60.0,5.0,0.0,0.0
3,0.0,R,620.0,0.8768124086713188,14.209353319244416,14,17,60.0,5.0,0.00784313725490196,0.028226977679718004
3,0.0,R,620.0,0.8768124086713188,14.209353319244416,14,18,60.0,5.0,0.00784313725490196,0.028226977679718004
3,0.0,R,620.0,0.8768124086713188,14.209353319244416,14,19,60.0,5.0,0.00784313725490196,0.028226977679718004
3,0.0,R,620.0,0.8768124086713188,14.209353319244416,14,20,60.0,5.0,0.00784313725490196,0.028226977679718004
3,0.0,R,620.0,0.8768124086713188,14.209353319244416,14,21,60.0,5.0,0.00784313725490196,0.028226977679718004
3,0.0,R,620.0,0.8768124086713188,14.209353319244416,14,22,60.0,5.0,0.00392156862745098,0.01994638965273254
3,0.0,R,620.0,0.8768124086713188,14.209353319244416,14,23,60.0,5.0,0.00392156862745098,0.01994638965273254
3,0.0,R,620.0,0.8768124086713188,14.209353319244416,14,24,60.0,5.0,0.00392156862745098,0.01994638965273254
3,0.0,R,620.0,0.8768124086713188,14.209353319244416,14,25,60.0,5.0,0.00784313725490196,0.028226977679718004
3,0.0,R,620.0,0.8768124086713188,14.209353319244416,14,26,60.0,5.0,0.0,0.0
3,0.0,R,620.0,0.8768124086713188,14.209353319244416,14,27,60.0,5.0,0.0,0.0
3,0.0,R,620.0,0.8768124086713188,14.209353319244416,14,28,60.0,5.0,0.00784313725490196,0.028226977679718004
3,0.0,R,620.0,0.8768124086713188,14.209353319244416,14,29,60.0,5.0,0.00784313725490196,0.028226977679718004
3,0.0,R,620.0,0.8768124086713188,14.209353319244416,14,30,60.0,5.0,0.00784313725490196,0.028226977679718004
3,0.0,R,620.0,0.8768124086713188,14.209353319244416,14,31,60.0,5.0,0.00784313725490196,0.028226977679718004
3,0.0,R,620.0,0.8768124086713188,14.209353319244416,14,32,60.0,5.0,0.00392156862745098,0.01994638965273254
3,0.0,R,620.0,0.8768124086713188,14.209353319244416,14,33,60.0,5.0,0.0,0.0
3,0.0,R,620.0,0.8768124086713188,14.209353319244416,14,34,60.0,5.0,0.0,0.0
3,0.0,R,620.0,0.8768124086713188,14.209353319244416,14,35,60.0,5.0,0.0,0.0
3,0.0,R,620.0,0.8768124086713188,14.209353319244416,15,0,60.0,5.0,0.0,0.0
3,0.0,R,620.0,0.8768124086713188,14.209353319244416,15,1,60.0,5.0,0.0,0.0
3,0.0,R,620.0,0.8768124086713188,14.209353319244416,15,2,60.0,5.0,0.0,0.0
3,0.0,R,620.0,0.8768124086713188,14.209353319244416,15,3,60.0,5.0,0.0,0.0
3,0.0,R,620.0,0.8768124086713188,14.209353319244416,15,4,60.0,5.0,0.0,0.0
3,0.0,R,620.0,0.8768124086713188,14.209353319244416,15,5,60.0,5.0,0.0,0.0
3,0.0,R,620.0,0.8768124086713188,14.209353319244416,15,6,60.0,5.0,0.0,0.0
3,0.0,R,620.0,0.8768124086713188,14.209353319244416,15,7,60.0,5.0,0.0,0.0
3,0.0,R,620.0,0.8768124086713188,14.209353319244416,15,8,60.0,5.0,0.00392156862745098,0.01994638965273254
3,0.0,R,620.0,0.8768124086713188,14.209353319244416,15,9,60.0,5.0,0.00784313725490196,0.028226977679718004
3,0.0,R,620.0,0.8768124086713188,14.209353319244416,15,10,60.0,5.0,0.0,0.0
3,0.0,R,620.0,0.8768124086713188,14.209353319244416,15,11,60.0,5.0,0.0,0.0
3,0.0,R,620.0,0.8768124086713188,14.209353319244416,15,12,60.0,5.0,0.0,0.0
3,0.0,R,620.0,0.8768124086713188,14.209353319244416,15,13,60.0,5.0,0.0,0.0
3,0.0,R,620.0,0.8768124086713188,14.209353319244416,15,14,60.0,5.0,0.00392156862745098,0.01994638965273254
3,0.0,R,620.0,0.8768124086713188,14.209353319244416,15,15,60.0,5.0,0.00392156862745098,0.01994638965273254
3,0.0,R,620.0,0.8768124086713188,14.209353319244416,15,16,60.0,5.0,0.0,0.0
3,0.0,R,620.0,0.8768124086713188,14.209353319244416,15,17,60.0,5.0,0.0,0.0
3,0.0,R,620.0,0.8768124086713188,14.209353319244416,15,18,60.0,5.0,0.0,0.0
3,0.0,R,620.0,0.8768124086713188,14.209353319244416,15,19,60.0,5.0,0.0,0.0
3,0.0,R,620.0,0.8768124086713188,14.209353319244416,15,20,60.0,5.0,0.0,0.0
3,0.0,R,620.0,0.8768124086713188,14.209353319244416,15,21,60.0,5.0,0.0,0.0
3,0.0,R,620.0,0.8768124086713188,14.209353319244416,15,22,60.0,5.0,0.0,0.0
3,0.0,R,620.0,0.8768124086713188,14.209353319244416,15,23,60.0,5.0,0.0,0.0
3,0.0,R,620.0,0.8768124086713188,14.209353319244416,15,24,60.0,5.0,0.0,0.0
3,0.0,R,620.0,0.8768124086713188,14.209353319244416,15,25,60.0,5.0,0.0,0.0
3,0.0,R,620.0,0.8768124086713188,14.209353319244416,15,26,60.0,5.0,0.00392156862745098,0.01994638965273254
3,0.0,R,620.0,0.8768124086713188,14.209353319244416,15,27,60.0,5.0,0.0,0.0
3,0.0,R,620.0,0.8768124086713188,14.209353319244416,15,28,60.0,5.0,0.0,0.0
3,0.0,R,620.0,0.8768124086713188,14.209353319244416,15,29,60.0,5.0,0.0,0.0
3,0.0,R,620.0,0.8768124086713188,14.209353319244416,15,30,60.0,5.0,0.0,0.0
3,0.0,R,620.0,0.8768124086713188,14.209353319244416,15,31,60.0,5.0,0.0,0.0
3,0.0,R,620.0,0.8768124086713188,14.209353319244416,15,32,60.0,5.0,0.0,0.0
3,0.0,R,620.0,0.8768124086713188,14.209353319244416,15,33,60.0,5.0,0.0,0.0
3,0.0,R,620.0,0.8768124086713188,14.209353319244416,15,34,60.0,5.0,0.0,0.0
3,0.0,R,620.0,0.8768124086713188,14.209353319244416,15,35,60.0,5.0,0.0,0.0
3,0.0,R,620.0,0.8768124086713188,14.209353319244416,16,0,60.0,5.0,0.0,0.0
3,0.0,R,620.0,0.8768124086713188,14.209353319244416,16,1,60.0,5.0,0.0,0.0
3,0.0,R,620.0,0.8768124086713188,14.209353319244416,16,2,60.0,5.0,0.0,0.0
3,0.0,R,620.0,0.8768124086713188,14.209353319244416,16,3,60.0,5.0,0.0,0.0
3,0.0,R,620.0,0.8768124086713188,14.209353319244416,16,4,60.0,5.0,0.0,0.0
3,0.0,R,620.0,0.8768124086713188,14.209353319244416,16,5,60.0,5.0,0.0,0.0
3,0.0,R,620.0,0.8768124086713188,14.209353319244416,16,6,60.0,5.0,0.0,0.0
3,0.0,R,620.0,0.8768124086713188,14.209353319244416,16,7,60.0,5.0,0.0,0.0
3,0.0,R,620.0,0.8768124086713188,14.209353319244416,16,8,60.0,5.0,0.0,0.0
3,0.0,R,620.0,0.8768124086713188,14.209353319244416,16,9,60.0,5.0,0.0,0.0
3,0.0,R,620.0,0.8768124086713188,14.209353319244416,16,10,60.0,5.0,0.0,0.0
3,0.0,R,620.0,0.8768124086713188,14.209353319244416,16,11,60.0,5.0,0.0,0.0
3,0.0,R,620.0,0.8768124086713188,14.209353319244416,16,12,60.0,5.0,0.0,0.0
3,0.0,R,620.0,0.8768124086713188,14.209353319244416,16,13,60.0,5.0,0.0,0.0
3,0.0,R,620.0,0.8768124086713188,14.209353319244416,16,14,60.0,5.0,0.0,0.0
3,0.0,R,620.0,0.8768124086713188,14.209353319244416,16,15,60.0,5.0,0.0,0.0
3,0.0,R,620.0,0.8768124086713188,14.209353319244416,16,16,60.0,5.0,0.0,0.0
3,0.0,R,620.0,0.8768124086713188,14.209353319244416,16,17,60.0,5.0,0.0,0.0
3,0.0,R,620.0,0.8768124086713188,14.209353319244416,16,18,60.0,5.0,0.0,0.0
3,0.0,R,620.0,0.8768124086713188,14.209353319244416,16,19,60.0,5.0,0.0,0.0
3,0.0,R,620.0,0.8768124086713188,14.209353319244416,16,20,60.0,5.0,0.0,0.0
3,0.0,R,620.0,0.8768124086713188,14.209353319244416,16,21,60.0,5.0,0.0,0.0
3,0.0,R,620.0,0.8768124086713188,14.209353319244416,16,22,60.0,5.0,0.0,0.0
3,0.0,R,620.0,0.8768124086713188,14.209353319244416,16,23,60.0,5.0,0.0,0.0
3,0.0,R,620.0,0.8768124086713188,14.209353319244416,16,24,60.0,5.0,0.0,0.0
3,0.0,R,620.0,0.8768124086713188,14.209353319244416,16,25,60.0,5.0,0.0,0.0
3,0.0,R,620.0,0.8768124086713188,14.209353319244416,16,26,60.0,5.0,0.0,0.0
3,0.0,R,620.0,0.8768124086713188,14.209353319244416,16,27,60.0,5.0,0.0,0.0
3,0.0,R,620.0,0.8768124086713188,14.209353319244416,16,28,60.0,5.0,0.0,0.0
3,0.0,R,620.0,0.8768124086713188,14.209353319244416,16,29,60.0,5.0,0.0,0.0
3,0.0,R,620.0,0.8768124086713188,14.209353319244416,16,30,60.0,5.0,0.0,0.0
3,0.0,R,620.0,0.8768124086713188,14.209353319244416,16,31,60.0,5.0,0.0,0.0
3,0.0,R,620.0,0.8768124086713188,14.209353319244416,16,32,60.0,5.0,0.0,0.0
3,0.0,R,620.0,0.8768124086713188,14.209353319244416,16,33,60.0,5.0,0.0,0.0
3,0.0,R,620.0,0.8768124086713188,14.209353319244416,16,34,60.0,5.0,0.0,0.0
3,0.0,R,620.0,0.8768124086713188,14.209353319244416,16,35,60.0,5.0,0.0,0.0
3,0.0,R,620.0,0.8768124086713188,14.209353319244416,17,0,60.0,5.0,0.0,0.0
3,0.0,R,620.0,0.8768124086713188,14.209353319244416,17,1,60.0,5.0,0.0,0.0
3,0.0,R,620.0,0.8768124086713188,14.209353319244416,17,2,60.0,5.0,0.0,0.0
3,0.0,R,620.0,0.8768124086713188,14.209353319244416,17,3,60.0,5.0,0.0,0.0
3,0.0,R,620.0,0.8768124086713188,14.209353319244416,17,4,60.0,5.0,0.0,0.0
3,0.0,R,620.0,0.8768124086713188,14.209353319244416,17,5,60.0,5.0,0.0,0.0
3,0.0,R,620.0,0.8768124086713188,14.209353319244416,17,6,60.0,5.0,0.0,0.0
3,0.0,R,620.0,0.8768124086713188,14.209353319244416,17,7,60.0,5.0,0.0,0.0
3,0.0,R,620.0,0.8768124086713188,14.209353319244416,17,8,60.0,5.0,0.0,0.0
3,0.0,R,620.0,0.8768124086713188,14.209353319244416,17,9,60.0,5.0,0.0,0.0
3,0.0,R,620.0,0.8768124086713188,14.209353319244416,17,10,60.0,5.0,0.0,0.0
3,0.0,R,620.0,0.8768124086713188,14.209353319244416,17,11,60.0,5.0,0.0,0.0
3,0.0,R,620.0,0.8768124086713188,14.209353319244416,17,12,60.0,5.0,0.0,0.0
3,0.0,R,620.0,0.8768124086713188,14.209353319244416,17,13,60.0,5.0,0.0,0.0
3,0.0,R,620.0,0.8768124086713188,14.209353319244416,17,14,60.0,5.0,0.0,0.0
3,0.0,R,620.0,0.8768124086713188,14.209353319244416,17,15,60.0,5.0,0.0,0.0
3,0.0,R,620.0,0.8768124086713188,14.209353319244416,17,16,60.0,5.0,0.0,0.0
3,0.0,R,620.0,0.8768124086713188,14.209353319244416,17,17,60.0,5.0,0.0,0.0
3,0.0,R,620.0,0.8768124086713188,14.209353319244416,17,18,60.0,5.0,0.0,0.0
3,0.0,R,620.0,0.8768124086713188,14.209353319244416,17,19,60.0,5.0,0.0,0.0
3,0.0,R,620.0,0.8768124086713188,14.209353319244416,17,20,60.0,5.0,0.0,0.0
3,0.0,R,620.0,0.8768124086713188,14.209353319244416,17,21,60.0,5.0,0.0,0.0
3,0.0,R,620.0,0.8768124086713188,14.209353319244416,17,22,60.0,5.0,0.0,0.0
3,0.0,R,620.0,0.8768124086713188,14.209353319244416,17,23,60.0,5.0,0.0,0.0
3,0.0,R,620.0,0.8768124086713188,14.209353319244416,17,24,60.0,5.0,0.0,0.0
3,0.0,R,620.0,0.8768124086713188,14.209353319244416,17,25,60.0,5.0,0.0,0.0
3,0.0,R,620.0,0.8768124086713188,14.209353319244416,17,26,60.0,5.0,0.0,0.0
3,0.0,R,620.0,0.8768124086713188,14.209353319244416,17,27,60.0,5.0,0.0,0.0
3,0.0,R,620.0,0.8768124086713188,14.209353319244416,17,28,60.0,5.0,0.0,0.0
3,0.0,R,620.0,0.8768124086713188,14.209353319244416,17,29,60.0,5.0,0.0,0.0
3,0.0,R,620.0,0.8768124086713188,14.209353319244416,17,30,60.0,5.0,0.0,0.0
3,0.0,R,620.0,0.8768124086713188,14.209353319244416,17,31,60.0,5.0,0.0,0.0
3,0.0,R,620.0,0.8768124086713188,14.209353319244416,17,32,60.0,5.0,0.0,0.0
3,0.0,R,620.0,0.8768124086713188,14.209353319244416,17,33,60.0,5.0,0.0,0.0
3,0.0,R,620.0,0.8768124086713188,14.209353319244416,17,34,60.0,5.0,0.0,0.0
3,0.0,R,620.0,0.8768124086713188,14.209353319244416,17,35,60.0,5.0,0.0,0.0
3,0.0,R,620.0,0.8768124086713188,14.209353319244416,18,0,60.0,5.0,0.0,0.0
3,0.0,R,620.0,0.8768124086713188,14.209353319244416,18,1,60.0,5.0,0.0,0.0
3,0.0,R,620.0,0.8768124086713188,14.209353319244416,18,2,60.0,5.0,0.0,0.0
3,0.0,R,620.0,0.8768124086713188,14.209353319244416,18,3,60.0,5.0,0.0,0.0
3,0.0,R,620.0,0.8768124086713188,14.209353319244416,18,4,60.0,5.0,0.0,0.0
3,0.0,R,620.0,0.8768124086713188,14.209353319244416,18,5,60.0,5.0,0.0,0.0
3,0.0,R,620.0,0.8768124086713188,14.209353319244416,18,6,60.0,5.0,0.0,0.0
3,0.0,R,620.0,0.8768124086713188,14.209353319244416,18,7,60.0,5.0,0.0,0.0
3,0.0,R,620.0,0.8768124086713188,14.209353319244416,18,8,60.0,5.0,0.0,0.0
3,0.0,R,620.0,0.8768124086713188,14.209353319244416,18,9,60.0,5.0,0.0,0.0
3,0.0,R,620.0,0.8768124086713188,14.209353319244416,18,10,60.0,5.0,0.0,0.0
3,0.0,R,620.0,0.8768124086713188,14.209353319244416,18,11,60.0,5.0,0.0,0.0
3,0.0,R,620.0,0.8768124086713188,14.209353319244416,18,12,60.0,5.0,0.0,0.0
3,0.0,R,620.0,0.8768124086713188,14.209353319244416,18,13,60.0,5.0,0.0,0.0
3,0.0,R,620.0,0.8768124086713188,14.209353319244416,18,14,60.0,5.0,0.0,0.0
3,0.0,R,620.0,0.8768124086713188,14.209353319244416,18,15,60.0,5.0,0.0,0.0
3,0.0,R,620.0,0.8768124086713188,14.209353319244416,18,16,60.0,5.0,0.0,0.0
3,0.0,R,620.0,0.8768124086713188,14.209353319244416,18,17,60.0,5.0,0.0,0.0
3,0.0,R,620.0,0.8768124086713188,14.209353319244416,18,18,60.0,5.0,0.0,0.0
3,0.0,R,620.0,0.8768124086713188,14.209353319244416,18,19,60.0,5.0,0.0,0.0
3,0.0,R,620.0,0.8768124086713188,14.209353319244416,18,20,60.0,5.0,0.0,0.0
3,0.0,R,620.0,0.8768124086713188,14.209353319244416,18,21,60.0,5.0,0.0,0.0
3,0.0,R,620.0,0.8768124086713188,14.209353319244416,18,22,60.0,5.0,0.0,0.0
3,0.0,R,620.0,0.8768124086713188,14.209353319244416,18,23,60.0,5.0,0.0,0.0
3,0.0,R,620.0,0.8768124086713188,14.209353319244416,18,24,60.0,5.0,0.0,0.0
3,0.0,R,620.0,0.8768124086713188,14.209353319244416,18,25,60.0,5.0,0.0,0.0
3,0.0,R,620.0,0.8768124086713188,14.209353319244416,18,26,60.0,5.0,0.0,0.0
3,0.0,R,620.0,0.8768124086713188,14.209353319244416,18,27,60.0,5.0,0.0,0.0
3,0.0,R,620.0,0.8768124086713188,14.209353319244416,18,28,60.0,5.0,0.0,0.0
3,0.0,R,620.0,0.8768124086713188,14.209353319244416,18,29,60.0,5.0,0.0,0.0
3,0.0,R,620.0,0.8768124086713188,14.209353319244416,18,30,60.0,5.0,0.0,0.0
3,0.0,R,620.0,0.8768124086713188,14.209353319244416,18,31,60.0,5.0,0.0,0.0
3,0.0,R,620.0,0.8768124086713188,14.209353319244416,18,32,60.0,5.0,0.0,0.0
3,0.0,R,620.0,0.8768124086713188,14.209353319244416,18,33,60.0,5.0,0.0,0.0
3,0.0,R,620.0,0.8768124086713188,14.209353319244416,18,34,60.0,5.0,0.0,0.0
3,0.0,R,620.0,0.8768124086713188,14.209353319244416,18,35,60.0,5.0,0.0,0.0
3,0.0,R,620.0,0.8768124086713188,14.209353319244416,19,0,60.0,5.0,0.0,0.0
3,0.0,R,620.0,0.8768124086713188,14.209353319244416,19,1,60.0,5.0,0.0,0.0
3,0.0,R,620.0,0.8768124086713188,14.209353319244416,19,2,60.0,5.0,0.0,0.0
3,0.0,R,620.0,0.8768124086713188,14.209353319244416,19,3,60.0,5.0,0.0,0.0
3,0.0,R,620.0,0.8768124086713188,14.209353319244416,19,4,60.0,5.0,0.0,0.0
3,0.0,R,620.0,0.8768124086713188,14.209353319244416,19,5,60.0,5.0,0.0,0.0
3,0.0,R,620.0,0.8768124086713188,14.209353319244416,19,6,60.0,5.0,0.0,0.0
3,0.0,R,620.0,0.8768124086713188,14.209353319244416,19,7,60.0,5.0,0.0,0.0
3,0.0,R,620.0,0.8768124086713188,14.209353319244416,19,8,60.0,5.0,0.0,0.0
3,0.0,R,620.0,0.8768124086713188,14.209353319244416,19,9,60.0,5.0,0.0,0.0
3,0.0,R,620.0,0.8768124086713188,14.209353319244416,19,10,60.0,5.0,0.0,0.0
3,0.0,R,620.0,0.8768124086713188,14.209353319244416,19,11,60.0,5.0,0.0,0.0
3,0.0,R,620.0,0.8768124086713188,14.209353319244416,19,12,60.0,5.0,0.0,0.0
3,0.0,R,620.0,0.8768124086713188,14.209353319244416,19,13,60.0,5.0,0.0,0.0
3,0.0,R,620.0,0.8768124086713188,14.209353319244416,19,14,60.0,5.0,0.0,0.0
3,0.0,R,620.0,0.8768124086713188,14.209353319244416,19,15,60.0,5.0,0.0,0.0
3,0.0,R,620.0,0.8768124086713188,14.209353319244416,19,16,60.0,5.0,0.0,0.0
3,0.0,R,620.0,0.8768124086713188,14.209353319244416,19,17,60.0,5.0,0.0,0.0
3,0.0,R,620.0,0.8768124086713188,14.209353319244416,19,18,60.0,5.0,0.0,0.0
3,0.0,R,620.0,0.8768124086713188,14.209353319244416,19,19,60.0,5.0,0.0,0.0
3,0.0,R,620.0,0.8768124086713188,14.209353319244416,19,20,60.0,5.0,0.0,0.0
3,0.0,R,620.0,0.8768124086713188,14.209353319244416,19,21,60.0,5.0,0.0,0.0
3,0.0,R,620.0,0.8768124086713188,14.209353319244416,19,22,60.0,5.0,0.0,0.0
3,0.0,R,620.0,0.8768124086713188,14.209353319244416,19,23,60.0,5.0,0.0,0.0
3,0.0,R,620.0,0.8768124086713188,14.209353319244416,19,24,60.0,5.0,0.0,0.0
3,0.0,R,620.0,0.8768124086713188,14.209353319244416,19,25,60.0,5.0,0.0,0.0
3,0.0,R,620.0,0.8768124086713188,14.209353319244416,19,26,60.0,5.0,0.0,0.0
3,0.0,R,620.0,0.8768124086713188,14.209353319244416,19,27,60.0,5.0,0.0,0.0
3,0.0,R,620.0,0.8768124086713188,14.209353319244416,19,28,60.0,5.0,0.0,0.0
3,0.0,R,620.0,0.8768124086713188,14.209353319244416,19,29,60.0,5.0,0.0,0.0
3,0.0,R,620.0,0.8768124086713188,14.209353319244416,19,30,60.0,5.0,0.0,0.0
3,0.0,R,620.0,0.8768124086713188,14.209353319244416,19,31,60.0,5.0,0.0,0.0
3,0.0,R,620.0,0.8768124086713188,14.209353319244416,19,32,60.0,5.0,0.0,0.0
3,0.0,R,620.0,0.8768124086713188,14.209353319244416,19,33,60.0,5.0,0.0,0.0
3,0.0,R,620.0,0.8768124086713188,14.209353319244416,19,34,60.0,5.0,0.0,0.0
3,0.0,R,620.0,0.8768124086713188,14.209353319244416,19,35,60.0,5.0,0.0,0.0
3,0.0,G,540.0,0.7636753236814713,12.375888374825783,0,0,60.0,5.0,0.0,0.0
3,0.0,G,540.0,0.7636753236814713,12.375888374825783,0,1,60.0,5.0,0.0,0.0
3,0.0,G,540.0,0.7636753236814713,12.375888374825783,0,2,60.0,5.0,0.0,0.0
3,0.0,G,540.0,0.7636753236814713,12.375888374825783,0,3,60.0,5.0,0.0,0.0
3,0.0,G,540.0,0.7636753236814713,12.375888374825783,0,4,60.0,5.0,0.0,0.0
3,0.0,G,540.0,0.7636753236814713,12.375888374825783,0,5,60.0,5.0,0.0,0.0
3,0.0,G,540.0,0.7636753236814713,12.375888374825783,0,6,60.0,5.0,0.0,0.0
3,0.0,G,540.0,0.7636753236814713,12.375888374825783,0,7,60.0,5.0,0.0,0.0
3,0.0,G,540.0,0.7636753236814713,12.375888374825783,0,8,60.0,5.0,0.0,0.0
3,0.0,G,540.0,0.7636753236814713,12.375888374825783,0,9,60.0,5.0,0.0,0.0
3,0.0,G,540.0,0.7636753236814713,12.375888374825783,0,10,60.0,5.0,0.0,0.0
3,0.0,G,540.0,0.7636753236814713,12.375888374825783,0,11,60.0,5.0,0.0,0.0
3,0.0,G,540.0,0.7636753236814713,12.375888374825783,0,12,60.0,5.0,0.0,0.0
3,0.0,G,540.0,0.7636753236814713,12.375888374825783,0,13,60.0,5.0,0.0,0.0
3,0.0,G,540.0,0.7636753236814713,12.375888374825783,0,14,60.0,5.0,0.0,0.0
3,0.0,G,540.0,0.7636753236814713,12.375888374825783,0,15,60.0,5.0,0.0,0.0
3,0.0,G,540.0,0.7636753236814713,12.375888374825783,0,16,60.0,5.0,0.0,0.0
3,0.0,G,540.0,0.7636753236814713,12.375888374825783,0,17,60.0,5.0,0.0,0.0
3,0.0,G,540.0,0.7636753236814713,12.375888374825783,0,18,60.0,5.0,0.0,0.0
3,0.0,G,540.0,0.7636753236814713,12.375888374825783,0,19,60.0,5.0,0.0,0.0
3,0.0,G,540.0,0.7636753236814713,12.375888374825783,0,20,60.0,5.0,0.0,0.0
3,0.0,G,540.0,0.7636753236814713,12.375888374825783,0,21,60.0,5.0,0.0,0.0
3,0.0,G,540.0,0.7636753236814713,12.375888374825783,0,22,60.0,5.0,0.0,0.0
3,0.0,G,540.0,0.7636753236814713,12.375888374825783,0,23,60.0,5.0,0.0,0.0
3,0.0,G,540.0,0.7636753236814713,12.375888374825783,0,24,60.0,5.0,0.0,0.0
3,0.0,G,540.0,0.7636753236814713,12.375888374825783,0,25,60.0,5.0,0.0,0.0
3,0.0,G,540.0,0.7636753236814713,12.375888374825783,0,26,60.0,5.0,0.0,0.0
3,0.0,G,540.0,0.7636753236814713,12.375888374825783,0,27,60.0,5.0,0.0,0.0
3,0.0,G,540.0,0.7636753236814713,12.375888374825783,0,28,60.0,5.0,0.0,0.0
3,0.0,G,540.0,0.7636753236814713,12.375888374825783,0,29,60.0,5.0,0.0,0.0
3,0.0,G,540.0,0.7636753236814713,12.375888374825783,0,30,60.0,5.0,0.0,0.0
3,0.0,G,540.0,0.7636753236814713,12.375888374825783,0,31,60.0,5.0,0.0,0.0
3,0.0,G,540.0,0.7636753236814713,12.375888374825783,0,32,60.0,5.0,0.0,0.0
3,0.0,G,540.0,0.7636753236814713,12.375888374825783,0,33,60.0,5.0,0.0,0.0
3,0.0,G,540.0,0.7636753236814713,12.375888374825783,0,34,60.0,5.0,0.0,0.0
3,0.0,G,540.0,0.7636753236814713,12.375888374825783,0,35,60.0,5.0,0.0,0.0
3,0.0,G,540.0,0.7636753236814713,12.375888374825783,1,0,60.0,5.0,0.0,0.0
3,0.0,G,540.0,0.7636753236814713,12.375888374825783,1,1,60.0,5.0,0.0,0.0
3,0.0,G,540.0,0.7636753236814713,12.375888374825783,1,2,60.0,5.0,0.0,0.0
3,0.0,G,540.0,0.7636753236814713,12.375888374825783,1,3,60.0,5.0,0.0,0.0
3,0.0,G,540.0,0.7636753236814713,12.375888374825783,1,4,60.0,5.0,0.0,0.0
3,0.0,G,540.0,0.7636753236814713,12.375888374825783,1,5,60.0,5.0,0.0,0.0
3,0.0,G,540.0,0.7636753236814713,12.375888374825783,1,6,60.0,5.0,0.0,0.0
3,0.0,G,540.0,0.7636753236814713,12.375888374825783,1,7,60.0,5.0,0.0,0.0
3,0.0,G,540.0,0.7636753236814713,12.375888374825783,1,8,60.0,5.0,0.0,0.0
3,0.0,G,540.0,0.7636753236814713,12.375888374825783,1,9,60.0,5.0,0.0,0.0
3,0.0,G,540.0,0.7636753236814713,12.375888374825783,1,10,60.0,5.0,0.0,0.0
3,0.0,G,540.0,0.7636753236814713,12.375888374825783,1,11,60.0,5.0,0.0,0.0
3,0.0,G,540.0,0.7636753236814713,12.375888374825783,1,12,60.0,5.0,0.0,0.0
3,0.0,G,540.0,0.7636753236814713,12.375888374825783,1,13,60.0,5.0,0.0,0.0
3,0.0,G,540.0,0.7636753236814713,12.375888374825783,1,14,60.0,5.0,0.0,0.0
3,0.0,G,540.0,0.7636753236814713,12.375888374825783,1,15,60.0,5.0,0.0,0.0
3,0.0,G,540.0,0.7636753236814713,12.375888374825783,1,16,60.0,5.0,0.0,0.0
3,0.0,G,540.0,0.7636753236814713,12.375888374825783,1,17,60.0,5.0,0.0,0.0
3,0.0,G,540.0,0.7636753236814713,12.375888374825783,1,18,60.0,5.0,0.0,0.0
3,0.0,G,540.0,0.7636753236814713,12.375888374825783,1,19,60.0,5.0,0.0,0.0
3,0.0,G,540.0,0.7636753236814713,12.375888374825783,1,20,60.0,5.0,0.0,0.0
3,0.0,G,540.0,0.7636753236814713,12.375888374825783,1,21,60.0,5.0,0.0,0.0
3,0.0,G,540.0,0.7636753236814713,12.375888374825783,1,22,60.0,5.0,0.0,0.0
3,0.0,G,540.0,0.7636753236814713,12.375888374825783,1,23,60.0,5.0,0.0,0.0
3,0.0,G,540.0,0.7636753236814713,12.375888374825783,1,24,60.0,5.0,0.0,0.0
3,0.0,G,540.0,0.7636753236814713,12.375888374825783,1,25,60.0,5.0,0.0,0.0
3,0.0,G,540.0,0.7636753236814713,12.375888374825783,1,26,60.0,5.0,0.0,0.0
3,0.0,G,540.0,0.7636753236814713,12.375888374825783,1,27,60.0,5.0,0.0,0.0
3,0.0,G,540.0,0.7636753236814713,12.375888374825783,1,28,60.0,5.0,0.0,0.0
3,0.0,G,540.0,0.7636753236814713,12.375888374825783,1,29,60.0,5.0,0.0,0.0
3,0.0,G,540.0,0.7636753236814713,12.375888374825783,1,30,60.0,5.0,0.0,0.0
3,0.0,G,540.0,0.7636753236814713,12.375888374825783,1,31,60.0,5.0,0.0,0.0
3,0.0,G,540.0,0.7636753236814713,12.375888374825783,1,32,60.0,5.0,0.0,0.0
3,0.0,G,540.0,0.7636753236814713,12.375888374825783,1,33,60.0,5.0,0.0,0.0
3,0.0,G,540.0,0.7636753236814713,12.375888374825783,1,34,60.0,5.0,0.0,0.0
3,0.0,G,540.0,0.7636753236814713,12.375888374825783,1,35,60.0,5.0,0.0,0.0
3,0.0,G,540.0,0.7636753236814713,12.375888374825783,2,0,60.0,5.0,0.0,0.0
3,0.0,G,540.0,0.7636753236814713,12.375888374825783,2,1,60.0,5.0,0.0,0.0
3,0.0,G,540.0,0.7636753236814713,12.375888374825783,2,2,60.0,5.0,0.0,0.0
3,0.0,G,540.0,0.7636753236814713,12.375888374825783,2,3,60.0,5.0,0.0,0.0
3,0.0,G,540.0,0.7636753236814713,12.375888374825783,2,4,60.0,5.0,0.0,0.0
3,0.0,G,540.0,0.7636753236814713,12.375888374825783,2,5,60.0,5.0,0.0,0.0
3,0.0,G,540.0,0.7636753236814713,12.375888374825783,2,6,60.0,5.0,0.0,0.0
3,0.0,G,540.0,0.7636753236814713,12.375888374825783,2,7,60.0,5.0,0.0,0.0
3,0.0,G,540.0,0.7636753236814713,12.375888374825783,2,8,60.0,5.0,0.0,0.0
3,0.0,G,540.0,0.7636753236814713,12.375888374825783,2,9,60.0,5.0,0.0,0.0
3,0.0,G,540.0,0.7636753236814713,12.375888374825783,2,10,60.0,5.0,0.0,0.0
3,0.0,G,540.0,0.7636753236814713,12.375888374825783,2,11,60.0,5.0,0.0,0.0
3,0.0,G,540.0,0.7636753236814713,12.375888374825783,2,12,60.0,5.0,0.0,0.0
3,0.0,G,540.0,0.7636753236814713,12.375888374825783,2,13,60.0,5.0,0.0,0.0
3,0.0,G,540.0,0.7636753236814713,12.375888374825783,2,14,60.0,5.0,0.0,0.0
3,0.0,G,540.0,0.7636753236814713,12.375888374825783,2,15,60.0,5.0,0.0,0.0
3,0.0,G,540.0,0.7636753236814713,12.375888374825783,2,16,60.0,5.0,0.0,0.0
3,0.0,G,540.0,0.7636753236814713,12.375888374825783,2,17,60.0,5.0,0.0,0.0
3,0.0,G,540.0,0.7636753236814713,12.375888374825783,2,18,60.0,5.0,0.0,0.0
3,0.0,G,540.0,0.7636753236814713,12.375888374825783,2,19,60.0,5.0,0.0,0.0
3,0.0,G,540.0,0.7636753236814713,12.375888374825783,2,20,60.0,5.0,0.0,0.0
3,0.0,G,540.0,0.7636753236814713,12.375888374825783,2,21,60.0,5.0,0.0,0.0
3,0.0,G,540.0,0.7636753236814713,12.375888374825783,2,22,60.0,5.0,0.0,0.0
3,0.0,G,540.0,0.7636753236814713,12.375888374825783,2,23,60.0,5.0,0.0,0.0
3,0.0,G,540.0,0.7636753236814713,12.375888374825783,2,24,60.0,5.0,0.0,0.0
3,0.0,G,540.0,0.7636753236814713,12.375888374825783,2,25,60.0,5.0,0.0,0.0
3,0.0,G,540.0,0.7636753236814713,12.375888374825783,2,26,60.0,5.0,0.0,0.0
3,0.0,G,540.0,0.7636753236814713,12.375888374825783,2,27,60.0,5.0,0.0,0.0
3,0.0,G,540.0,0.7636753236814713,12.375888374825783,2,28,60.0,5.0,0.0,0.0
3,0.0,G,540.0,0.7636753236814713,12.375888374825783,2,29,60.0,5.0,0.0,0.0
3,0.0,G,540.0,0.7636753236814713,12.375888374825783,2,30,60.0,5.0,0.0,0.0
3,0.0,G,540.0,0.7636753236814713,12.375888374825783,2,31,60.0,5.0,0.0,0.0
3,0.0,G,540.0,0.7636753236814713,12.375888374825783,2,32,60.0,5.0,0.0,0.0
3,0.0,G,540.0,0.7636753236814713,12.375888374825783,2,33,60.0,5.0,0.0,0.0
3,0.0,G,540.0,0.7636753236814713,12.375888374825783,2,34,60.0,5.0,0.0,0.0
3,0.0,G,540.0,0.7636753236814713,12.375888374825783,2,35,60.0,5.0,0.0,0.0
3,0.0,G,540.0,0.7636753236814713,12.375888374825783,3,0,60.0,5.0,0.0,0.0
3,0.0,G,540.0,0.7636753236814713,12.375888374825783,3,1,60.0,5.0,0.0,0.0
3,0.0,G,540.0,0.7636753236814713,12.375888374825783,3,2,60.0,5.0,0.0,0.0
3,0.0,G,540.0,0.7636753236814713,12.375888374825783,3,3,60.0,5.0,0.0,0.0
3,0.0,G,540.0,0.7636753236814713,12.375888374825783,3,4,60.0,5.0,0.0,0.0
3,0.0,G,540.0,0.7636753236814713,12.375888374825783,3,5,60.0,5.0,0.0,0.0
3,0.0,G,540.0,0.7636753236814713,12.375888374825783,3,6,60.0,5.0,0.0,0.0
3,0.0,G,540.0,0.7636753236814713,12.375888374825783,3,7,60.0,5.0,0.0,0.0
3,0.0,G,540.0,0.7636753236814713,12.375888374825783,3,8,60.0,5.0,0.0,0.0
3,0.0,G,540.0,0.7636753236814713,12.375888374825783,3,9,60.0,5.0,0.0,0.0
3,0.0,G,540.0,0.7636753236814713,12.375888374825783,3,10,60.0,5.0,0.0,0.0
3,0.0,G,540.0,0.7636753236814713,12.375888374825783,3,11,60.0,5.0,0.0,0.0
3,0.0,G,540.0,0.7636753236814713,12.375888374825783,3,12,60.0,5.0,0.0,0.0
3,0.0,G,540.0,0.7636753236814713,12.375888374825783,3,13,60.0,5.0,0.0,0.0
3,0.0,G,540.0,0.7636753236814713,12.375888374825783,3,14,60.0,5.0,0.0,0.0
3,0.0,G,540.0,0.7636753236814713,12.375888374825783,3,15,60.0,5.0,0.0,0.0
3,0.0,G,540.0,0.7636753236814713,12.375888374825783,3,16,60.0,5.0,0.0,0.0
3,0.0,G,540.0,0.7636753236814713,12.375888374825783,3,17,60.0,5.0,0.0,0.0
3,0.0,G,540.0,0.7636753236814713,12.375888374825783,3,18,60.0,5.0,0.0,0.0
3,0.0,G,540.0,0.7636753236814713,12.375888374825783,3,19,60.0,5.0,0.0,0.0
3,0.0,G,540.0,0.7636753236814713,12.375888374825783,3,20,60.0,5.0,0.0,0.0
3,0.0,G,540.0,0.7636753236814713,12.375888374825783,3,21,60.0,5.0,0.0,0.0
3,0.0,G,540.0,0.7636753236814713,12.375888374825783,3,22,60.0,5.0,0.0,0.0
3,0.0,G,540.0,0.7636753236814713,12.375888374825783,3,23,60.0,5.0,0.0,0.0
3,0.0,G,540.0,0.7636753236814713,12.375888374825783,3,24,60.0,5.0,0.0,0.0
3,0.0,G,540.0,0.7636753236814713,12.375888374825783,3,25,60.0,5.0,0.0,0.0
3,0.0,G,540.0,0.7636753236814713,12.375888374825783,3,26,60.0,5.0,0.0,0.0
3,0.0,G,540.0,0.7636753236814713,12.375888374825783,3,27,60.0,5.0,0.0,0.0
3,0.0,G,540.0,0.7636753236814713,12.375888374825783,3,28,60.0,5.0,0.0,0.0
3,0.0,G,540.0,0.7636753236814713,12.375888374825783,3,29,60.0,5.0,0.0,0.0
3,0.0,G,540.0,0.7636753236814713,12.375888374825783,3,30,60.0,5.0,0.0,0.0
3,0.0,G,540.0,0.7636753236814713,12.375888374825783,3,31,60.0,5.0,0.0,0.0
3,0.0,G,540.0,0.7636753236814713,12.375888374825783,3,32,60.0,5.0,0.0,0.0
3,0.0,G,540.0,0.7636753236814713,12.375888374825783,3,33,60.0,5.0,0.0,0.0
3,0.0,G,540.0,0.7636753236814713,12.375888374825783,3,34,60.0,5.0,0.0,0.0
3,0.0,G,540.0,0.7636753236814713,12.375888374825783,3,35,60.0,5.0,0.0,0.0
3,0.0,G,540.0,0.7636753236814713,12.375888374825783,4,0,60.0,5.0,0.0,0.0
3,0.0,G,540.0,0.7636753236814713,12.375888374825783,4,1,60.0,5.0,0.0,0.0
3,0.0,G,540.0,0.7636753236814713,12.375888374825783,4,2,60.0,5.0,0.0,0.0
3,0.0,G,540.0,0.7636753236814713,12.375888374825783,4,3,60.0,5.0,0.0,0.0
3,0.0,G,540.0,0.7636753236814713,12.375888374825783,4,4,60.0,5.0,0.0,0.0
3,0.0,G,540.0,0.7636753236814713,12.375888374825783,4,5,60.0,5.0,0.00392156862745098,0.01994638965273254
3,0.0,G,540.0,0.7636753236814713,12.375888374825783,4,6,60.0,5.0,0.0196078431372549,0.04471926097515774
3,0.0,G,540.0,0.7636753236814713,12.375888374825783,4,7,60.0,5.0,0.01568627450980392,0.03997164583041206
3,0.0,G,540.0,0.7636753236814713,12.375888374825783,4,8,60.0,5.0,0.0,0.0
3,0.0,G,540.0,0.7636753236814713,12.375888374825783,4,9,60.0,5.0,0.0,0.0
3,0.0,G,540.0,0.7636753236814713,12.375888374825783,4,10,60.0,5.0,0.0,0.0
3,0.0,G,540.0,0.7636753236814713,12.375888374825783,4,11,60.0,5.0,0.0,0.0
3,0.0,G,540.0,0.7636753236814713,12.375888374825783,4,12,60.0,5.0,0.00784313725490196,0.028226977679718004
3,0.0,G,540.0,0.7636753236814713,12.375888374825783,4,13,60.0,5.0,0.00392156862745098,0.01994638965273254
3,0.0,G,540.0,0.7636753236814713,12.375888374825783,4,14,60.0,5.0,0.00392156862745098,0.01994638965273254
3,0.0,G,540.0,0.7636753236814713,12.375888374825783,4,15,60.0,5.0,0.00392156862745098,0.01994638965273254
3,0.0,G,540.0,0.7636753236814713,12.375888374825783,4,16,60.0,5.0,0.00784313725490196,0.028226977679718004
3,0.0,G,540.0,0.7636753236814713,12.375888374825783,4,17,60.0,5.0,0.00392156862745098,0.01994638965273254
3,0.0,G,540.0,0.7636753236814713,12.375888374825783,4,18,60.0,5.0,0.00784313725490196,0.028226977679718004
3,0.0,G,540.0,0.7636753236814713,12.375888374825783,4,19,60.0,5.0,0.00392156862745098,0.01994638965273254
3,0.0,G,540.0,0.7636753236814713,12.375888374825783,4,20,60.0,5.0,0.00392156862745098,0.01994638965273254
3,0.0,G,540.0,0.7636753236814713,12.375888374825783,4,21,60.0,5.0,0.00784313725490196,0.028226977679718004
3,0.0,G,540.0,0.7636753236814713,12.375888374825783,4,22,60.0,5.0,0.00392156862745098,0.01994638965273254
3,0.0,G,540.0,0.7636753236814713,12.375888374825783,4,23,60.0,5.0,0.0,0.0
3,0.0,G,540.0,0.7636753236814713,12.375888374825783,4,24,60.0,5.0,0.00392156862745098,0.01994638965273254
3,0.0,G,540.0,0.7636753236814713,12.375888374825783,4,25,60.0,5.0,0.00392156862745098,0.01994638965273254
3,0.0,G,540.0,0.7636753236814713,12.375888374825783,4,26,60.0,5.0,0.00392156862745098,0.01994638965273254
3,0.0,G,540.0,0.7636753236814713,12.375888374825783,4,27,60.0,5.0,0.0,0.0
3,0.0,G,540.0,0.7636753236814713,12.375888374825783,4,28,60.0,5.0,0.0,0.0
3,0.0,G,540.0,0.7636753236814713,12.375888374825783,4,29,60.0,5.0,0.0,0.0
3,0.0,G,540.0,0.7636753236814713,12.375888374825783,4,30,60.0,5.0,0.0,0.0
3,0.0,G,540.0,0.7636753236814713,12.375888374825783,4,31,60.0,5.0,0.0,0.0
3,0.0,G,540.0,0.7636753236814713,12.375888374825783,4,32,60.0,5.0,0.0,0.0
3,0.0,G,540.0,0.7636753236814713,12.375888374825783,4,33,60.0,5.0,0.0,0.0
3,0.0,G,540.0,0.7636753236814713,12.375888374825783,4,34,60.0,5.0,0.0,0.0
3,0.0,G,540.0,0.7636753236814713,12.375888374825783,4,35,60.0,5.0,0.0,0.0
3,0.0,G,540.0,0.7636753236814713,12.375888374825783,5,0,60.0,5.0,0.0,0.0
3,0.0,G,540.0,0.7636753236814713,12.375888374825783,5,1,60.0,5.0,0.0,0.0
3,0.0,G,540.0,0.7636753236814713,12.375888374825783,5,2,60.0,5.0,0.0,0.0
3,0.0,G,540.0,0.7636753236814713,12.375888374825783,5,3,60.0,5.0,0.0,0.0
3,0.0,G,540.0,0.7636753236814713,12.375888374825783,5,4,60.0,5.0,0.0,0.0
3,0.0,G,540.0,0.7636753236814713,12.375888374825783,5,5,60.0,5.0,0.0,0.0
3,0.0,G,540.0,0.7636753236814713,12.375888374825783,5,6,60.0,5.0,0.06274509803921569,0.08059162758159863
3,0.0,G,540.0,0.7636753236814713,12.375888374825783,5,7,60.0,5.0,0.0196078431372549,0.04471926097515774
3,0.0,G,540.0,0.7636753236814713,12.375888374825783,5,8,60.0,5.0,0.0,0.0
3,0.0,G,540.0,0.7636753236814713,12.375888374825783,5,9,60.0,5.0,0.00392156862745098,0.01994638965273254
3,0.0,G,540.0,0.7636753236814713,12.375888374825783,5,10,60.0,5.0,0.0,0.0
3,0.0,G,540.0,0.7636753236814713,12.375888374825783,5,11,60.0,5.0,0.0,0.0
3,0.0,G,540.0,0.7636753236814713,12.375888374825783,5,12,60.0,5.0,0.0,0.0
3,0.0,G,540.0,0.7636753236814713,12.375888374825783,5,13,60.0,5.0,0.0,0.0
3,0.0,G,540.0,0.7636753236814713,12.375888374825783,5,14,60.0,5.0,0.0,0.0
3,0.0,G,540.0,0.7636753236814713,12.375888374825783,5,15,60.0,5.0,0.0,0.0
3,0.0,G,540.0,0.7636753236814713,12.375888374825783,5,16,60.0,5.0,0.0,0.0
3,0.0,G,540.0,0.7636753236814713,12.375888374825783,5,17,60.0,5.0,0.0,0.0
3,0.0,G,540.0,0.7636753236814713,12.375888374825783,5,18,60.0,5.0,0.0,0.0
3,0.0,G,540.0,0.7636753236814713,12.375888374825783,5,19,60.0,5.0,0.0,0.0
3,0.0,G,540.0,0.7636753236814713,12.375888374825783,5,20,60.0,5.0,0.0,0.0
3,0.0,G,540.0,0.7636753236814713,12.375888374825783,5,21,60.0,5.0,0.0,0.0
3,0.0,G,540.0,0.7636753236814713,12.375888374825783,5,22,60.0,5.0,0.0,0.0
3,0.0,G,540.0,0.7636753236814713,12.375888374825783,5,23,60.0,5.0,0.0,0.0
3,0.0,G,540.0,0.7636753236814713,12.375888374825783,5,24,60.0,5.0,0.0,0.0
3,0.0,G,540.0,0.7636753236814713,12.375888374825783,5,25,60.0,5.0,0.0,0.0
3,0.0,G,540.0,0.7636753236814713,12.375888374825783,5,26,60.0,5.0,0.0,0.0
3,0.0,G,540.0,0.7636753236814713,12.375888374825783,5,27,60.0,5.0,0.0,0.0
3,0.0,G,540.0,0.7636753236814713,12.375888374825783,5,28,60.0,5.0,0.0,0.0
3,0.0,G,540.0,0.7636753236814713,12.375888374825783,5,29,60.0,5.0,0.0,0.0
3,0.0,G,540.0,0.7636753236814713,12.375888374825783,5,30,60.0,5.0,0.0,0.0
3,0.0,G,540.0,0.7636753236814713,12.375888374825783,5,31,60.0,5.0,0.0,0.0
3,0.0,G,540.0,0.7636753236814713,12.375888374825783,5,32,60.0,5.0,0.0,0.0
3,0.0,G,540.0,0.7636753236814713,12.375888374825783,5,33,60.0,5.0,0.0,0.0
3,0.0,G,540.0,0.7636753236814713,12.375888374825783,5,34,60.0,5.0,0.0,0.0
3,0.0,G,540.0,0.7636753236814713,12.375888374825783,5,35,60.0,5.0,0.0,0.0
3,0.0,G,540.0,0.7636753236814713,12.375888374825783,6,0,60.0,5.0,0.0,0.0
3,0.0,G,540.0,0.7636753236814713,12.375888374825783,6,1,60.0,5.0,0.0,0.0
3,0.0,G,540.0,0.7636753236814713,12.375888374825783,6,2,60.0,5.0,0.0,0.0
3,0.0,G,540.0,0.7636753236814713,12.375888374825783,6,3,60.0,5.0,0.0,0.0
3,0.0,G,540.0,0.7636753236814713,12.375888374825783,6,4,60.0,5.0,0.01568627450980392,0.03997164583041206
3,0.0,G,540.0,0.7636753236814713,12.375888374825783,6,5,60.0,5.0,0.12549019607843137,0.11526243188745809
3,0.0,G,540.0,0.7636753236814713,12.375888374825783,6,6,60.0,5.0,0.19215686274509805,0.14443943567870407
3,0.0,G,540.0,0.7636753236814713,12.375888374825783,6,7,60.0,5.0,0.4470588235294118,0.23311665261528658
3,0.0,G,540.0,0.7636753236814713,12.375888374825783,6,8,60.0,5.0,0.09803921568627451,0.10137157388840211
3,0.0,G,540.0,0.7636753236814713,12.375888374825783,6,9,60.0,5.0,0.0,0.0
3,0.0,G,540.0,0.7636753236814713,12.375888374825783,6,10,60.0,5.0,0.00784313725490196,0.028226977679718004
3,0.0,G,540.0,0.7636753236814713,12.375888374825783,6,11,60.0,5.0,0.0,0.0
3,0.0,G,540.0,0.7636753236814713,12.375888374825783,6,12,60.0,5.0,0.22745098039215686,0.15824621238176176
3,0.0,G,540.0,0.7636753236814713,12.375888374825783,6,13,60.0,5.0,0.09019607843137255,0.09709567612708571
3,0.0,G,540.0,0.7636753236814713,12.375888374825783,6,14,60.0,5.0,0.050980392156862744,0.07249578895933438
3,0.0,G,540.0,0.7636753236814713,12.375888374825783,6,15,60.0,5.0,0.07450980392156863,0.08800426979263411
3,0.0,G,540.0,0.7636753236814713,12.375888374825783,6,16,60.0,5.0,0.2196078431372549,0.15524984546857312
3,0.0,G,540.0,0.7636753236814713,12.375888374825783,6,17,60.0,5.0,0.26666666666666666,0.1727273908759613
3,0.0,G,540.0,0.7636753236814713,12.375888374825783,6,18,60.0,5.0,0.22745098039215686,0.15824621238176176
3,0.0,G,540.0,0.7636753236814713,12.375888374825783,6,19,60.0,5.0,0.054901960784313725,0.0752836212383225
3,0.0,G,540.0,0.7636753236814713,12.375888374825783,6,20,60.0,5.0,0.08627450980392157,0.09489506791887806
3,0.0,G,540.0,0.7636753236814713,12.375888374825783,6,21,60.0,5.0,0.2,0.1475836176504333
3,0.0,G,540.0,0.7636753236814713,12.375888374825783,6,22,60.0,5.0,0.058823529411764705,0.07797913037736934
3,0.0,G,540.0,0.7636753236814713,12.375888374825783,6,23,60.0,5.0,0.01568627450980392,0.03997164583041206
3,0.0,G,540.0,0.7636753236814713,12.375888374825783,6,24,60.0,5.0,0.0392156862745098,0.06345418699423495
3,0.0,G,540.0,0.7636753236814713,12.375888374825783,6,25,60.0,5.0,0.17647058823529413,0.13799940258341492
3,0.0,G,540.0,0.7636753236814713,12.375888374825783,6,26,60.0,5.0,0.36470588235294116,0.20639090758999576
3,0.0,G,540.0,0.7636753236814713,12.375888374825783,6,27,60.0,5.0,0.0,0.0
3,0.0,G,540.0,0.7636753236814713,12.375888374825783,6,28,60.0,5.0,0.00392156862745098,0.01994638965273254
3,0.0,G,540.0,0.7636753236814713,12.375888374825783,6,29,60.0,5.0,0.0,0.0
3,0.0,G,540.0,0.7636753236814713,12.375888374825783,6,30,60.0,5.0,0.0,0.0
3,0.0,G,540.0,0.7636753236814713,12.375888374825783,6,31,60.0,5.0,0.0,0.0
3,0.0,G,540.0,0.7636753236814713,12.375888374825783,6,32,60.0,5.0,0.0,0.0
3,0.0,G,540.0,0.7636753236814713,12.375888374825783,6,33,60.0,5.0,0.0,0.0
3,0.0,G,540.0,0.7636753236814713,12.375888374825783,6,34,60.0,5.0,0.0,0.0
3,0.0,G,540.0,0.7636753236814713,12.375888374825783,6,35,60.0,5.0,0.0,0.0
3,0.0,G,540.0,0.7636753236814713,12.375888374825783,7,0,60.0,5.0,0.0,0.0
3,0.0,G,540.0,0.7636753236814713,12.375888374825783,7,1,60.0,5.0,0.0,0.0
3,0.0,G,540.0,0.7636753236814713,12.375888374825783,7,2,60.0,5.0,0.00392156862745098,0.01994638965273254
3,0.0,G,540.0,0.7636753236814713,12.375888374825783,7,3,60.0,5.0,0.00784313725490196,0.028226977679718004
3,0.0,G,540.0,0.7636753236814713,12.375888374825783,7,4,60.0,5.0,0.07450980392156863,0.08800426979263411
3,0.0,G,540.0,0.7636753236814713,12.375888374825783,7,5,60.0,5.0,0.4666666666666667,0.23938179519646016
3,0.0,G,540.0,0.7636753236814713,12.375888374825783,7,6,60.0,5.0,0.4549019607843137,0.23562531267856862
3,0.0,G,540.0,0.7636753236814713,12.375888374825783,7,7,60.0,5.0,0.4980392156862745,0.24937586136851997
3,0.0,G,540.0,0.7636753236814713,12.375888374825783,7,8,60.0,5.0,0.40784313725490196,0.2204968785082125
3,0.0,G,540.0,0.7636753236814713,12.375888374825783,7,9,60.0,5.0,0.09019607843137255,0.09709567612708571
3,0.0,G,540.0,0.7636753236814713,12.375888374825783,7,10,60.0,5.0,0.00784313725490196,0.028226977679718004
3,0.0,G,540.0,0.7636753236814713,12.375888374825783,7,11,60.0,5.0,0.0,0.0
3,0.0,G,540.0,0.7636753236814713,12.375888374825783,7,12,60.0,5.0,0.5176470588235295,0.2556184001474059
3,0.0,G,540.0,0.7636753236814713,12.375888374825783,7,13,60.0,5.0,0.5450980392156862,0.2643746873214314
3,0.0,G,540.0,0.7636753236814713,12.375888374825783,7,14,60.0,5.0,0.5294117647058824,0.2593674630095386
3,0.0,G,540.0,0.7636753236814713,12.375888374825783,7,15,60.0,5.0,0.4588235294117647,0.23687826177997542
3,0.0,G,540.0,0.7636753236814713,12.375888374825783,7,16,60.0,5.0,0.4666666666666667,0.23938179519646016
3,0.0,G,540.0,0.7636753236814713,12.375888374825783,7,17,60.0,5.0,0.4470588235294118,0.23311665261528658
3,0.0,G,540.0,0.7636753236814713,12.375888374825783,7,18,60.0,5.0,0.5058823529411764,0.2518724542907634
3,0.0,G,540.0,0.7636753236814713,12.375888374825783,7,19,60.0,5.0,0.4235294117647059,0.2255627480278026
3,0.0,G,540.0,0.7636753236814713,12.375888374825783,7,20,60.0,5.0,0.5215686274509804,0.25686763838273197
3,0.0,G,540.0,0.7636753236814713,12.375888374825783,7,21,60.0,5.0,0.47843137254901963,0.24313236161726806
3,0.0,G,540.0,0.7636753236814713,12.375888374825783,7,22,60.0,5.0,0.5686274509803921,0.27191397286132807
3,0.0,G,540.0,0.7636753236814713,12.375888374825783,7,23,60.0,5.0,0.25098039215686274,0.16702677744422859
3,0.0,G,540.0,0.7636753236814713,12.375888374825783,7,24,60.0,5.0,0.4588235294117647,0.23687826177997542
3,0.0,G,540.0,0.7636753236814713,12.375888374825783,7,25,60.0,5.0,0.6,0.2820471084244875
3,0.0,G,540.0,0.7636753236814713,12.375888374825783,7,26,60.0,5.0,0.3764705882352941,0.2102679541390965
3,0.0,G,540.0,0.7636753236814713,12.375888374825783,7,27,60.0,5.0,0.0,0.0
3,0.0,G,540.0,0.7636753236814713,12.375888374825783,7,28,60.0,5.0,0.011764705882352941,0.0345936127618576
3,0.0,G,540.0,0.7636753236814713,12.375888374825783,7,29,60.0,5.0,0.00392156862745098,0.01994638965273254
3,0.0,G,540.0,0.7636753236814713,12.375888374825783,7,30,60.0,5.0,0.0,0.0
3,0.0,G,540.0,0.7636753236814713,12.375888374825783,7,31,60.0,5.0,0.0,0.0
3,0.0,G,540.0,0.7636753236814713,12.375888374825783,7,32,60.0,5.0,0.0,0.0
3,0.0,G,540.0,0.7636753236814713,12.375888374825783,7,33,60.0,5.0,0.0,0.0
3,0.0,G,540.0,0.7636753236814713,12.375888374825783,7,34,60.0,5.0,0.0,0.0
3,0.0,G,540.0,0.7636753236814713,12.375888374825783,7,35,60.0,5.0,0.0,0.0
3,0.0,G,540.0,0.7636753236814713,12.375888374825783,8,0,60.0,5.0,0.0,0.0
3,0.0,G,540.0,0.7636753236814713,12.375888374825783,8,1,60.0,5.0,0.0,0.0
3,0.0,G,540.0,0.7636753236814713,12.375888374825783,8,2,60.0,5.0,0.01568627450980392,0.03997164583041206
3,0.0,G,540.0,0.7636753236814713,12.375888374825783,8,3,60.0,5.0,0.07450980392156863,0.08800426979263411
3,0.0,G,540.0,0.7636753236814713,12.375888374825783,8,4,60.0,5.0,0.14901960784313725,0.12615408206482107
3,0.0,G,540.0,0.7636753236814713,12.375888374825783,8,5,60.0,5.0,0.5843137254901961,0.2769667381789195
3,0.0,G,540.0,0.7636753236814713,12.375888374825783,8,6,60.0,5.0,0.5568627450980392,0.26813921872280133
3,0.0,G,540.0,0.7636753236814713,12.375888374825783,8,7,60.0,5.0,0.6627450980392157,0.3027646555763264
3,0.0,G,540.0,0.7636753236814713,12.375888374825783,8,8,60.0,5.0,0.807843137254902,0.3555605643212959
3,0.0,G,540.0,0.7636753236814713,12.375888374825783,8,9,60.0,5.0,0.3333333333333333,0.19591327601530364
3,0.0,G,540.0,0.7636753236814713,12.375888374825783,8,10,60.0,5.0,0.01568627450980392,0.03997164583041206
3,0.0,G,540.0,0.7636753236814713,12.375888374825783,8,11,60.0,5.0,0.03137254901960784,0.05667903330417266
3,0.0,G,540.0,0.7636753236814713,12.375888374825783,8,12,60.0,5.0,0.3686274509803922,0.2076860858214986
3,0.0,G,540.0,0.7636753236814713,12.375888374825783,8,13,60.0,5.0,0.4117647058823529,0.22176597605076812
3,0.0,G,540.0,0.7636753236814713,12.375888374825783,8,14,60.0,5.0,0.40784313725490196,0.2204968785082125
3,0.0,G,540.0,0.7636753236814713,12.375888374825783,8,15,60.0,5.0,0.43137254901960786,0.22808602713867193
3,0.0,G,540.0,0.7636753236814713,12.375888374825783,8,16,60.0,5.0,0.3803921568627451,0.21155484953700343
3,0.0,G,540.0,0.7636753236814713,12.375888374825783,8,17,60.0,5.0,0.3568627450980392,0.20379153547696685
3,0.0,G,540.0,0.7636753236814713,12.375888374825783,8,18,60.0,5.0,0.3333333333333333,0.19591327601530364
3,0.0,G,540.0,0.7636753236814713,12.375888374825783,8,19,60.0,5.0,0.44313725490196076,0.23186078127719867
3,0.0,G,540.0,0.7636753236814713,12.375888374825783,8,20,60.0,5.0,0.4392156862745098,0.23060377451347597
3,0.0,G,540.0,0.7636753236814713,12.375888374825783,8,21,60.0,5.0,0.34509803921568627,0.19986829362396183
3,0.0,G,540.0,0.7636753236814713,12.375888374825783,8,22,60.0,5.0,0.47058823529411764,0.2406325369904614
3,0.0,G,540.0,0.7636753236814713,12.375888374825783,8,23,60.0,5.0,0.15294117647058825,0.12789737021175648
3,0.0,G,540.0,0.7636753236814713,12.375888374825783,8,24,60.0,5.0,0.396078431372549,0.21667782097214075
3,0.0,G,540.0,0.7636753236814713,12.375888374825783,8,25,60.0,5.0,0.4588235294117647,0.23687826177997542
3,0.0,G,540.0,0.7636753236814713,12.375888374825783,8,26,60.0,5.0,0.21176470588235294,0.1522147678661474
3,0.0,G,540.0,0.7636753236814713,12.375888374825783,8,27,60.0,5.0,0.00784313725490196,0.028226977679718004
3,0.0,G,540.0,0.7636753236814713,12.375888374825783,8,28,60.0,5.0,0.01568627450980392,0.03997164583041206
3,0.0,G,540.0,0.7636753236814713,12.375888374825783,8,29,60.0,5.0,0.0,0.0
3,0.0,G,540.0,0.7636753236814713,12.375888374825783,8,30,60.0,5.0,0.00784313725490196,0.028226977679718004
3,0.0,G,540.0,0.7636753236814713,12.375888374825783,8,31,60.0,5.0,0.00784313725490196,0.028226977679718004
3,0.0,G,540.0,0.7636753236814713,12.375888374825783,8,32,60.0,5.0,0.00392156862745098,0.01994638965273254
3,0.0,G,540.0,0.7636753236814713,12.375888374825783,8,33,60.0,5.0,0.0,0.0
3,0.0,G,540.0,0.7636753236814713,12.375888374825783,8,34,60.0,5.0,0.0,0.0
3,0.0,G,540.0,0.7636753236814713,12.375888374825783,8,35,60.0,5.0,0.0,0.0
3,0.0,G,540.0,0.7636753236814713,12.375888374825783,9,0,60.0,5.0,0.0,0.0
3,0.0,G,540.0,0.7636753236814713,12.375888374825783,9,1,60.0,5.0,0.0,0.0
3,0.0,G,540.0,0.7636753236814713,12.375888374825783,9,2,60.0,5.0,0.011764705882352941,0.0345936127618576
3,0.0,G,540.0,0.7636753236814713,12.375888374825783,9,3,60.0,5.0,0.08235294117647059,0.09264867732636439
3,0.0,G,540.0,0.7636753236814713,12.375888374825783,9,4,60.0,5.0,0.16470588235294117,0.1330208851941153
3,0.0,G,540.0,0.7636753236814713,12.375888374825783,9,5,60.0,5.0,0.2980392156862745,0.18382343133011075
3,0.0,G,540.0,0.7636753236814713,12.375888374825783,9,6,60.0,5.0,0.3254901960784314,0.19325732867442041
3,0.0,G,540.0,0.7636753236814713,12.375888374825783,9,7,60.0,5.0,0.5411764705882353,0.26312173822002455
3,0.0,G,540.0,0.7636753236814713,12.375888374825783,9,8,60.0,5.0,0.6784313725490196,0.308076808304903
3,0.0,G,540.0,0.7636753236814713,12.375888374825783,9,9,60.0,5.0,0.4117647058823529,0.22176597605076812
3,0.0,G,540.0,0.7636753236814713,12.375888374825783,9,10,60.0,5.0,0.06666666666666667,0.08312898574059512
3,0.0,G,540.0,0.7636753236814713,12.375888374825783,9,11,60.0,5.0,0.011764705882352941,0.0345936127618576
3,0.0,G,540.0,0.7636753236814713,12.375888374825783,9,12,60.0,5.0,0.0,0.0
3,0.0,G,540.0,0.7636753236814713,12.375888374825783,9,13,60.0,5.0,0.0,0.0
3,0.0,G,540.0,0.7636753236814713,12.375888374825783,9,14,60.0,5.0,0.0,0.0
3,0.0,G,540.0,0.7636753236814713,12.375888374825783,9,15,60.0,5.0,0.0,0.0
3,0.0,G,540.0,0.7636753236814713,12.375888374825783,9,16,60.0,5.0,0.0,0.0
3,0.0,G,540.0,0.7636753236814713,12.375888374825783,9,17,60.0,5.0,0.047058823529411764,0.06960448727306395
3,0.0,G,540.0,0.7636753236814713,12.375888374825783,9,18,60.0,5.0,0.058823529411764705,0.07797913037736934
3,0.0,G,540.0,0.7636753236814713,12.375888374825783,9,19,60.0,5.0,0.0,0.0
3,0.0,G,540.0,0.7636753236814713,12.375888374825783,9,20,60.0,5.0,0.0,0.0
3,0.0,G,540.0,0.7636753236814713,12.375888374825783,9,21,60.0,5.0,0.027450980392156862,0.05298297410946823
3,0.0,G,540.0,0.7636753236814713,12.375888374825783,9,22,60.0,5.0,0.027450980392156862,0.05298297410946823
3,0.0,G,540.0,0.7636753236814713,12.375888374825783,9,23,60.0,5.0,0.0,0.0
3,0.0,G,540.0,0.7636753236814713,12.375888374825783,9,24,60.0,5.0,0.00784313725490196,0.028226977679718004
3,0.0,G,540.0,0.7636753236814713,12.375888374825783,9,25,60.0,5.0,0.0,0.0
3,0.0,G,540.0,0.7636753236814713,12.375888374825783,9,26,60.0,5.0,0.0,0.0
3,0.0,G,540.0,0.7636753236814713,12.375888374825783,9,27,60.0,5.0,0.0,0.0
3,0.0,G,540.0,0.7636753236814713,12.375888374825783,9,28,60.0,5.0,0.0,0.0
3,0.0,G,540.0,0.7636753236814713,12.375888374825783,9,29,60.0,5.0,0.047058823529411764,0.06960448727306395
3,0.0,G,540.0,0.7636753236814713,12.375888374825783,9,30,60.0,5.0,0.0,0.0
3,0.0,G,540.0,0.7636753236814713,12.375888374825783,9,31,60.0,5.0,0.0,0.0
3,0.0,G,540.0,0.7636753236814713,12.375888374825783,9,32,60.0,5.0,0.0,0.0
3,0.0,G,540.0,0.7636753236814713,12.375888374825783,9,33,60.0,5.0,0.0,0.0
3,0.0,G,540.0,0.7636753236814713,12.375888374825783,9,34,60.0,5.0,0.0,0.0
3,0.0,G,540.0,0.7636753236814713,12.375888374825783,9,35,60.0,5.0,0.0,0.0
3,0.0,G,540.0,0.7636753236814713,12.375888374825783,10,0,60.0,5.0,0.0,0.0
3,0.0,G,540.0,0.7636753236814713,12.375888374825783,10,1,60.0,5.0,0.0,0.0
3,0.0,G,540.0,0.7636753236814713,12.375888374825783,10,2,60.0,5.0,0.0,0.0
3,0.0,G,540.0,0.7636753236814713,12.375888374825783,10,3,60.0,5.0,0.12549019607843137,0.11526243188745809
3,0.0,G,540.0,0.7636753236814713,12.375888374825783,10,4,60.0,5.0,0.1568627450980392,0.12962243684422406
3,0.0,G,540.0,0.7636753236814713,12.375888374825783,10,5,60.0,5.0,0.2627450980392157,0.17131267163863242
3,0.0,G,540.0,0.7636753236814713,12.375888374825783,10,6,60.0,5.0,0.49019607843137253,0.24687911483972108
3,0.0,G,540.0,0.7636753236814713,12.375888374825783,10,7,60.0,5.0,0.27058823529411763,0.17413550547828363
3,0.0,G,540.0,0.7636753236814713,12.375888374825783,10,8,60.0,5.0,0.21176470588235294,0.1522147678661474
3,0.0,G,540.0,0.7636753236814713,12.375888374825783,10,9,60.0,5.0,0.27450980392156865,0.17553721581099607
3,0.0,G,540.0,0.7636753236814713,12.375888374825783,10,10,60.0,5.0,0.06274509803921569,0.08059162758159863
3,0.0,G,540.0,0.7636753236814713,12.375888374825783,10,11,60.0,5.0,0.047058823529411764,0.06960448727306395
3,0.0,G,540.0,0.7636753236814713,12.375888374825783,10,12,60.0,5.0,0.2549019607843137,0.1684625831810239
3,0.0,G,540.0,0.7636753236814713,12.375888374825783,10,13,60.0,5.0,0.2627450980392157,0.17131267163863242
3,0.0,G,540.0,0.7636753236814713,12.375888374825783,10,14,60.0,5.0,0.19607843137254902,0.14601747052853942
3,0.0,G,540.0,0.7636753236814713,12.375888374825783,10,15,60.0,5.0,0.18823529411764706,0.1428490794319283
3,0.0,G,540.0,0.7636753236814713,12.375888374825783,10,16,60.0,5.0,0.20392156862745098,0.14913829006235088
3,0.0,G,540.0,0.7636753236814713,12.375888374825783,10,17,60.0,5.0,0.3607843137254902,0.205092759971859
3,0.0,G,540.0,0.7636753236814713,12.375888374825783,10,18,60.0,5.0,0.3215686274509804,0.19192319169509703
3,0.0,G,540.0,0.7636753236814713,12.375888374825783,10,19,60.0,5.0,0.1803921568627451,0.13962955546331615
3,0.0,G,540.0,0.7636753236814713,12.375888374825783,10,20,60.0,5.0,0.17254901960784313,0.13635495410892096
3,0.0,G,540.0,0.7636753236814713,12.375888374825783,10,21,60.0,5.0,0.39215686274509803,0.21540057603915186
3,0.0,G,540.0,0.7636753236814713,12.375888374825783,10,22,60.0,5.0,0.17254901960784313,0.13635495410892096
3,0.0,G,540.0,0.7636753236814713,12.375888374825783,10,23,60.0,5.0,0.4588235294117647,0.23687826177997542
3,0.0,G,540.0,0.7636753236814713,12.375888374825783,10,24,60.0,5.0,0.5058823529411764,0.2518724542907634
3,0.0,G,540.0,0.7636753236814713,12.375888374825783,10,25,60.0,5.0,0.34509803921568627,0.19986829362396183
3,0.0,G,540.0,0.7636753236814713,12.375888374825783,10,26,60.0,5.0,0.21568627450980393,0.15373730807570263
3,0.0,G,540.0,0.7636753236814713,12.375888374825783,10,27,60.0,5.0,0.2549019607843137,0.1684625831810239
3,0.0,G,540.0,0.7636753236814713,12.375888374825783,10,28,60.0,5.0,0.27450980392156865,0.17553721581099607
3,0.0,G,540.0,0.7636753236814713,12.375888374825783,10,29,60.0,5.0,0.39215686274509803,0.21540057603915186
3,0.0,G,540.0,0.7636753236814713,12.375888374825783,10,30,60.0,5.0,0.24313725490196078,0.1641324917521111
3,0.0,G,540.0,0.7636753236814713,12.375888374825783,10,31,60.0,5.0,0.27058823529411763,0.17413550547828363
3,0.0,G,540.0,0.7636753236814713,12.375888374825783,10,32,60.0,5.0,0.054901960784313725,0.0752836212383225
3,0.0,G,540.0,0.7636753236814713,12.375888374825783,10,33,60.0,5.0,0.0,0.0
3,0.0,G,540.0,0.7636753236814713,12.375888374825783,10,34,60.0,5.0,0.00392156862745098,0.01994638965273254
3,0.0,G,540.0,0.7636753236814713,12.375888374825783,10,35,60.0,5.0,0.0,0.0
3,0.0,G,540.0,0.7636753236814713,12.375888374825783,11,0,60.0,5.0,0.0,0.0
3,0.0,G,540.0,0.7636753236814713,12.375888374825783,11,1,60.0,5.0,0.0,0.0
3,0.0,G,540.0,0.7636753236814713,12.375888374825783,11,2,60.0,5.0,0.0,0.0
3,0.0,G,540.0,0.7636753236814713,12.375888374825783,11,3,60.0,5.0,0.0,0.0
3,0.0,G,540.0,0.7636753236814713,12.375888374825783,11,4,60.0,5.0,0.09803921568627451,0.10137157388840211
3,0.0,G,540.0,0.7636753236814713,12.375888374825783,11,5,60.0,5.0,0.10588235294117647,0.105497495924501
3,0.0,G,540.0,0.7636753236814713,12.375888374825783,11,6,60.0,5.0,0.1843137254901961,0.14124594593397474
3,0.0,G,540.0,0.7636753236814713,12.375888374825783,11,7,60.0,5.0,0.2627450980392157,0.17131267163863242
3,0.0,G,540.0,0.7636753236814713,12.375888374825783,11,8,60.0,5.0,0.21568627450980393,0.15373730807570263
3,0.0,G,540.0,0.7636753236814713,12.375888374825783,11,9,60.0,5.0,0.1803921568627451,0.13962955546331615
3,0.0,G,540.0,0.7636753236814713,12.375888374825783,11,10,60.0,5.0,0.12156862745098039,0.11336555669651052
3,0.0,G,540.0,0.7636753236814713,12.375888374825783,11,11,60.0,5.0,0.0,0.0
3,0.0,G,540.0,0.7636753236814713,12.375888374825783,11,12,60.0,5.0,0.49411764705882355,0.24812754570923665
3,0.0,G,540.0,0.7636753236814713,12.375888374825783,11,13,60.0,5.0,0.5686274509803921,0.27191397286132807
3,0.0,G,540.0,0.7636753236814713,12.375888374825783,11,14,60.0,5.0,0.4980392156862745,0.24937586136851997
3,0.0,G,540.0,0.7636753236814713,12.375888374825783,11,15,60.0,5.0,0.5450980392156862,0.2643746873214314
3,0.0,G,540.0,0.7636753236814713,12.375888374825783,11,16,60.0,5.0,0.5294117647058824,0.2593674630095386
3,0.0,G,540.0,0.7636753236814713,12.375888374825783,11,17,60.0,5.0,0.49019607843137253,0.24687911483972108
3,0.0,G,540.0,0.7636753236814713,12.375888374825783,11,18,60.0,5.0,0.4823529411764706,0.24438159985259414
3,0.0,G,540.0,0.7636753236814713,12.375888374825783,11,19,60.0,5.0,0.5803921568627451,0.2757011764274999
3,0.0,G,540.0,0.7636753236814713,12.375888374825783,11,20,60.0,5.0,0.5490196078431373,0.26562853040584894
3,0.0,G,540.0,0.7636753236814713,12.375888374825783,11,21,60.0,5.0,0.47843137254901963,0.24313236161726806
3,0.0,G,540.0,0.7636753236814713,12.375888374825783,11,22,60.0,5.0,0.20392156862745098,0.14913829006235088
3,0.0,G,540.0,0.7636753236814713,12.375888374825783,11,23,60.0,5.0,0.5803921568627451,0.2757011764274999
3,0.0,G,540.0,0.7636753236814713,12.375888374825783,11,24,60.0,5.0,0.4823529411764706,0.24438159985259414
3,0.0,G,540.0,0.7636753236814713,12.375888374825783,11,25,60.0,5.0,0.5411764705882353,0.26312173822002455
3,0.0,G,540.0,0.7636753236814713,12.375888374825783,11,26,60.0,5.0,0.6313725490196078,0.2923139141785014
3,0.0,G,540.0,0.7636753236814713,12.375888374825783,11,27,60.0,5.0,0.5372549019607843,0.26186960369612183
3,0.0,G,540.0,0.7636753236814713,12.375888374825783,11,28,60.0,5.0,0.5215686274509804,0.25686763838273197
3,0.0,G,540.0,0.7636753236814713,12.375888374825783,11,29,60.0,5.0,0.6470588235294118,0.29751287549067723
3,0.0,G,540.0,0.7636753236814713,12.375888374825783,11,30,60.0,5.0,0.44313725490196076,0.23186078127719867
3,0.0,G,540.0,0.7636753236814713,12.375888374825783,11,31,60.0,5.0,0.5019607843137255,0.2506241386314801
3,0.0,G,540.0,0.7636753236814713,12.375888374825783,11,32,60.0,5.0,0.2235294117647059,0.1567527086383188
3,0.0,G,540.0,0.7636753236814713,12.375888374825783,11,33,60.0,5.0,0.0,0.0
3,0.0,G,540.0,0.7636753236814713,12.375888374825783,11,34,60.0,5.0,0.00784313725490196,0.028226977679718004
3,0.0,G,540.0,0.7636753236814713,12.375888374825783,11,35,60.0,5.0,0.0,0.0
3,0.0,G,540.0,0.7636753236814713,12.375888374825783,12,0,60.0,5.0,0.0,0.0
3,0.0,G,540.0,0.7636753236814713,12.375888374825783,12,1,60.0,5.0,0.0,0.0
3,0.0,G,540.0,0.7636753236814713,12.375888374825783,12,2,60.0,5.0,0.0,0.0
3,0.0,G,540.0,0.7636753236814713,12.375888374825783,12,3,60.0,5.0,0.00784313725490196,0.028226977679718004
3,0.0,G,540.0,0.7636753236814713,12.375888374825783,12,4,60.0,5.0,0.0,0.0
3,0.0,G,540.0,0.7636753236814713,12.375888374825783,12,5,60.0,5.0,0.16862745098039217,0.1346956468623352
3,0.0,G,540.0,0.7636753236814713,12.375888374825783,12,6,60.0,5.0,0.3333333333333333,0.19591327601530364
3,0.0,G,540.0,0.7636753236814713,12.375888374825783,12,7,60.0,5.0,0.27450980392156865,0.17553721581099607
3,0.0,G,540.0,0.7636753236814713,12.375888374825783,12,8,60.0,5.0,0.1803921568627451,0.13962955546331615
3,0.0,G,540.0,0.7636753236814713,12.375888374825783,12,9,60.0,5.0,0.19607843137254902,0.14601747052853942
3,0.0,G,540.0,0.7636753236814713,12.375888374825783,12,10,60.0,5.0,0.01568627450980392,0.03997164583041206
3,0.0,G,540.0,0.7636753236814713,12.375888374825783,12,11,60.0,5.0,0.0196078431372549,0.04471926097515774
3,0.0,G,540.0,0.7636753236814713,12.375888374825783,12,12,60.0,5.0,0.26666666666666666,0.1727273908759613
3,0.0,G,540.0,0.7636753236814713,12.375888374825783,12,13,60.0,5.0,0.37254901960784315,0.2089784001485295
3,0.0,G,540.0,0.7636753236814713,12.375888374825783,12,14,60.0,5.0,0.4392156862745098,0.23060377451347597
3,0.0,G,540.0,0.7636753236814713,12.375888374825783,12,15,60.0,5.0,0.35294117647058826,0.2024871245093228
3,0.0,G,540.0,0.7636753236814713,12.375888374825783,12,16,60.0,5.0,0.37254901960784315,0.2089784001485295
3,0.0,G,540.0,0.7636753236814713,12.375888374825783,12,17,60.0,5.0,0.24313725490196078,0.1641324917521111
3,0.0,G,540.0,0.7636753236814713,12.375888374825783,12,18,60.0,5.0,0.25098039215686274,0.16702677744422859
3,0.0,G,540.0,0.7636753236814713,12.375888374825783,12,19,60.0,5.0,0.2823529411764706,0.17832219301287253
3,0.0,G,540.0,0.7636753236814713,12.375888374825783,12,20,60.0,5.0,0.24705882352941178,0.16558349319631221
3,0.0,G,540.0,0.7636753236814713,12.375888374825783,12,21,60.0,5.0,0.29411764705882354,0.18245628008006537
3,0.0,G,540.0,0.7636753236814713,12.375888374825783,12,22,60.0,5.0,0.10588235294117647,0.105497495924501
3,0.0,G,540.0,0.7636753236814713,12.375888374825783,12,23,60.0,5.0,0.16862745098039217,0.1346956468623352
3,0.0,G,540.0,0.7636753236814713,12.375888374825783,12,24,60.0,5.0,0.09411764705882353,0.09925358883323245
3,0.0,G,540.0,0.7636753236814713,12.375888374825783,12,25,60.0,5.0,0.25882352941176473,0.16989114055384089
3,0.0,G,540.0,0.7636753236814713,12.375888374825783,12,26,60.0,5.0,0.36470588235294116,0.20639090758999576
3,0.0,G,540.0,0.7636753236814713,12.375888374825783,12,27,60.0,5.0,0.26666666666666666,0.1727273908759613
3,0.0,G,540.0,0.7636753236814713,12.375888374825783,12,28,60.0,5.0,0.3058823529411765,0.18654239242284085
3,0.0,G,540.0,0.7636753236814713,12.375888374825783,12,29,60.0,5.0,0.25098039215686274,0.16702677744422859
3,0.0,G,540.0,0.7636753236814713,12.375888374825783,12,30,60.0,5.0,0.2627450980392157,0.17131267163863242
3,0.0,G,540.0,0.7636753236814713,12.375888374825783,12,31,60.0,5.0,0.3176470588235294,0.19058476853837517
3,0.0,G,540.0,0.7636753236814713,12.375888374825783,12,32,60.0,5.0,0.1607843137254902,0.13133003823498593
3,0.0,G,540.0,0.7636753236814713,12.375888374825783,12,33,60.0,5.0,0.0,0.0
3,0.0,G,540.0,0.7636753236814713,12.375888374825783,12,34,60.0,5.0,0.00784313725490196,0.028226977679718004
3,0.0,G,540.0,0.7636753236814713,12.375888374825783,12,35,60.0,5.0,0.0,0.0
3,0.0,G,540.0,0.7636753236814713,12.375888374825783,13,0,60.0,5.0,0.0,0.0
3,0.0,G,540.0,0.7636753236814713,12.375888374825783,13,1,60.0,5.0,0.0,0.0
3,0.0,G,540.0,0.7636753236814713,12.375888374825783,13,2,60.0,5.0,0.0,0.0
3,0.0,G,540.0,0.7636753236814713,12.375888374825783,13,3,60.0,5.0,0.00392156862745098,0.01994638965273254
3,0.0,G,540.0,0.7636753236814713,12.375888374825783,13,4,60.0,5.0,0.00392156862745098,0.01994638965273254
3,0.0,G,540.0,0.7636753236814713,12.375888374825783,13,5,60.0,5.0,0.054901960784313725,0.0752836212383225
3,0.0,G,540.0,0.7636753236814713,12.375888374825783,13,6,60.0,5.0,0.07450980392156863,0.08800426979263411
3,0.0,G,540.0,0.7636753236814713,12.375888374825783,13,7,60.0,5.0,0.047058823529411764,0.06960448727306395
3,0.0,G,540.0,0.7636753236814713,12.375888374825783,13,8,60.0,5.0,0.14901960784313725,0.12615408206482107
3,0.0,G,540.0,0.7636753236814713,12.375888374825783,13,9,60.0,5.0,0.12156862745098039,0.11336555669651052
3,0.0,G,540.0,0.7636753236814713,12.375888374825783,13,10,60.0,5.0,0.0,0.0
3,0.0,G,540.0,0.7636753236814713,12.375888374825783,13,11,60.0,5.0,0.00392156862745098,0.01994638965273254
3,0.0,G,540.0,0.7636753236814713,12.375888374825783,13,12,60.0,5.0,0.0,0.0
3,0.0,G,540.0,0.7636753236814713,12.375888374825783,13,13,60.0,5.0,0.0,0.0
3,0.0,G,540.0,0.7636753236814713,12.375888374825783,13,14,60.0,5.0,0.0392156862745098,0.06345418699423495
3,0.0,G,540.0,0.7636753236814713,12.375888374825783,13,15,60.0,5.0,0.027450980392156862,0.05298297410946823
3,0.0,G,540.0,0.7636753236814713,12.375888374825783,13,16,60.0,5.0,0.01568627450980392,0.03997164583041206
3,0.0,G,540.0,0.7636753236814713,12.375888374825783,13,17,60.0,5.0,0.0,0.0
3,0.0,G,540.0,0.7636753236814713,12.375888374825783,13,18,60.0,5.0,0.0,0.0
3,0.0,G,540.0,0.7636753236814713,12.375888374825783,13,19,60.0,5.0,0.0,0.0
3,0.0,G,540.0,0.7636753236814713,12.375888374825783,13,20,60.0,5.0,0.0,0.0
3,0.0,G,540.0,0.7636753236814713,12.375888374825783,13,21,60.0,5.0,0.0,0.0
3,0.0,G,540.0,0.7636753236814713,12.375888374825783,13,22,60.0,5.0,0.0,0.0
3,0.0,G,540.0,0.7636753236814713,12.375888374825783,13,23,60.0,5.0,0.0,0.0
3,0.0,G,540.0,0.7636753236814713,12.375888374825783,13,24,60.0,5.0,0.0,0.0
3,0.0,G,540.0,0.7636753236814713,12.375888374825783,13,25,60.0,5.0,0.0,0.0
3,0.0,G,540.0,0.7636753236814713,12.375888374825783,13,26,60.0,5.0,0.043137254901960784,0.06659618536329842
3,0.0,G,540.0,0.7636753236814713,12.375888374825783,13,27,60.0,5.0,0.0196078431372549,0.04471926097515774
3,0.0,G,540.0,0.7636753236814713,12.375888374825783,13,28,60.0,5.0,0.0,0.0
3,0.0,G,540.0,0.7636753236814713,12.375888374825783,13,29,60.0,5.0,0.0,0.0
3,0.0,G,540.0,0.7636753236814713,12.375888374825783,13,30,60.0,5.0,0.0,0.0
3,0.0,G,540.0,0.7636753236814713,12.375888374825783,13,31,60.0,5.0,0.0,0.0
3,0.0,G,540.0,0.7636753236814713,12.375888374825783,13,32,60.0,5.0,0.0,0.0
3,0.0,G,540.0,0.7636753236814713,12.375888374825783,13,33,60.0,5.0,0.0,0.0
3,0.0,G,540.0,0.7636753236814713,12.375888374825783,13,34,60.0,5.0,0.0,0.0
3,0.0,G,540.0,0.7636753236814713,12.375888374825783,13,35,60.0,5.0,0.0,0.0
3,0.0,G,540.0,0.7636753236814713,12.375888374825783,14,0,60.0,5.0,0.0,0.0
3,0.0,G,540.0,0.7636753236814713,12.375888374825783,14,1,60.0,5.0,0.0,0.0
3,0.0,G,540.0,0.7636753236814713,12.375888374825783,14,2,60.0,5.0,0.0,0.0
3,0.0,G,540.0,0.7636753236814713,12.375888374825783,14,3,60.0,5.0,0.0,0.0
3,0.0,G,540.0,0.7636753236814713,12.375888374825783,14,4,60.0,5.0,0.0,0.0
3,0.0,G,540.0,0.7636753236814713,12.375888374825783,14,5,60.0,5.0,0.0,0.0
3,0.0,G,540.0,0.7636753236814713,12.375888374825783,14,6,60.0,5.0,0.0,0.0
3,0.0,G,540.0,0.7636753236814713,12.375888374825783,14,7,60.0,5.0,0.0,0.0
3,0.0,G,540.0,0.7636753236814713,12.375888374825783,14,8,60.0,5.0,0.0,0.0
3,0.0,G,540.0,0.7636753236814713,12.375888374825783,14,9,60.0,5.0,0.0,0.0
3,0.0,G,540.0,0.7636753236814713,12.375888374825783,14,10,60.0,5.0,0.0,0.0
3,0.0,G,540.0,0.7636753236814713,12.375888374825783,14,11,60.0,5.0,0.0,0.0
3,0.0,G,540.0,0.7636753236814713,12.375888374825783,14,12,60.0,5.0,0.00784313725490196,0.028226977679718004
3,0.0,G,540.0,0.7636753236814713,12.375888374825783,14,13,60.0,5.0,0.00392156862745098,0.01994638965273254
3,0.0,G,540.0,0.7636753236814713,12.375888374825783,14,14,60.0,5.0,0.0,0.0
3,0.0,G,540.0,0.7636753236814713,12.375888374825783,14,15,60.0,5.0,0.0,0.0
3,0.0,G,540.0,0.7636753236814713,12.375888374825783,14,16,60.0,5.0,0.0,0.0
3,0.0,G,540.0,0.7636753236814713,12.375888374825783,14,17,60.0,5.0,0.00784313725490196,0.028226977679718004
3,0.0,G,540.0,0.7636753236814713,12.375888374825783,14,18,60.0,5.0,0.00784313725490196,0.028226977679718004
3,0.0,G,540.0,0.7636753236814713,12.375888374825783,14,19,60.0,5.0,0.00784313725490196,0.028226977679718004
3,0.0,G,540.0,0.7636753236814713,12.375888374825783,14,20,60.0,5.0,0.00784313725490196,0.028226977679718004
3,0.0,G,540.0,0.7636753236814713,12.375888374825783,14,21,60.0,5.0,0.00784313725490196,0.028226977679718004
3,0.0,G,540.0,0.7636753236814713,12.375888374825783,14,22,60.0,5.0,0.00392156862745098,0.01994638965273254
3,0.0,G,540.0,0.7636753236814713,12.375888374825783,14,23,60.0,5.0,0.00392156862745098,0.01994638965273254
3,0.0,G,540.0,0.7636753236814713,12.375888374825783,14,24,60.0,5.0,0.00392156862745098,0.01994638965273254
3,0.0,G,540.0,0.7636753236814713,12.375888374825783,14,25,60.0,5.0,0.00784313725490196,0.028226977679718004
3,0.0,G,540.0,0.7636753236814713,12.375888374825783,14,26,60.0,5.0,0.0,0.0
3,0.0,G,540.0,0.7636753236814713,12.375888374825783,14,27,60.0,5.0,0.0,0.0
3,0.0,G,540.0,0.7636753236814713,12.375888374825783,14,28,60.0,5.0,0.00784313725490196,0.028226977679718004
3,0.0,G,540.0,0.7636753236814713,12.375888374825783,14,29,60.0,5.0,0.00784313725490196,0.028226977679718004
3,0.0,G,540.0,0.7636753236814713,12.375888374825783,14,30,60.0,5.0,0.00784313725490196,0.028226977679718004
3,0.0,G,540.0,0.7636753236814713,12.375888374825783,14,31,60.0,5.0,0.00784313725490196,0.028226977679718004
3,0.0,G,540.0,0.7636753236814713,12.375888374825783,14,32,60.0,5.0,0.00392156862745098,0.01994638965273254
3,0.0,G,540.0,0.7636753236814713,12.375888374825783,14,33,60.0,5.0,0.0,0.0
3,0.0,G,540.0,0.7636753236814713,12.375888374825783,14,34,60.0,5.0,0.0,0.0
3,0.0,G,540.0,0.7636753236814713,12.375888374825783,14,35,60.0,5.0,0.0,0.0
3,0.0,G,540.0,0.7636753236814713,12.375888374825783,15,0,60.0,5.0,0.0,0.0
3,0.0,G,540.0,0.7636753236814713,12.375888374825783,15,1,60.0,5.0,0.0,0.0
3,0.0,G,540.0,0.7636753236814713,12.375888374825783,15,2,60.0,5.0,0.0,0.0
3,0.0,G,540.0,0.7636753236814713,12.375888374825783,15,3,60.0,5.0,0.0,0.0
3,0.0,G,540.0,0.7636753236814713,12.375888374825783,15,4,60.0,5.0,0.0,0.0
3,0.0,G,540.0,0.7636753236814713,12.375888374825783,15,5,60.0,5.0,0.00392156862745098,0.01994638965273254
3,0.0,G,540.0,0.7636753236814713,12.375888374825783,15,6,60.0,5.0,0.00392156862745098,0.01994638965273254
3,0.0,G,540.0,0.7636753236814713,12.375888374825783,15,7,60.0,5.0,0.0,0.0
3,0.0,G,540.0,0.7636753236814713,12.375888374825783,15,8,60.0,5.0,0.0,0.0
3,0.0,G,540.0,0.7636753236814713,12.375888374825783,15,9,60.0,5.0,0.00392156862745098,0.01994638965273254
3,0.0,G,540.0,0.7636753236814713,12.375888374825783,15,10,60.0,5.0,0.0,0.0
3,0.0,G,540.0,0.7636753236814713,12.375888374825783,15,11,60.0,5.0,0.0,0.0
3,0.0,G,540.0,0.7636753236814713,12.375888374825783,15,12,60.0,5.0,0.0,0.0
3,0.0,G,540.0,0.7636753236814713,12.375888374825783,15,13,60.0,5.0,0.0,0.0
3,0.0,G,540.0,0.7636753236814713,12.375888374825783,15,14,60.0,5.0,0.00392156862745098,0.01994638965273254
3,0.0,G,540.0,0.7636753236814713,12.375888374825783,15,15,60.0,5.0,0.00392156862745098,0.01994638965273254
3,0.0,G,540.0,0.7636753236814713,12.375888374825783,15,16,60.0,5.0,0.0,0.0
3,0.0,G,540.0,0.7636753236814713,12.375888374825783,15,17,60.0,5.0,0.0,0.0
3,0.0,G,540.0,0.7636753236814713,12.375888374825783,15,18,60.0,5.0,0.0,0.0
3,0.0,G,540.0,0.7636753236814713,12.375888374825783,15,19,60.0,5.0,0.0,0.0
3,0.0,G,540.0,0.7636753236814713,12.375888374825783,15,20,60.0,5.0,0.0,0.0
3,0.0,G,540.0,0.7636753236814713,12.375888374825783,15,21,60.0,5.0,0.0,0.0
3,0.0,G,540.0,0.7636753236814713,12.375888374825783,15,22,60.0,5.0,0.0,0.0
3,0.0,G,540.0,0.7636753236814713,12.375888374825783,15,23,60.0,5.0,0.0,0.0
3,0.0,G,540.0,0.7636753236814713,12.375888374825783,15,24,60.0,5.0,0.0,0.0
3,0.0,G,540.0,0.7636753236814713,12.375888374825783,15,25,60.0,5.0,0.0,0.0
3,0.0,G,540.0,0.7636753236814713,12.375888374825783,15,26,60.0,5.0,0.00392156862745098,0.01994638965273254
3,0.0,G,540.0,0.7636753236814713,12.375888374825783,15,27,60.0,5.0,0.0,0.0
3,0.0,G,540.0,0.7636753236814713,12.375888374825783,15,28,60.0,5.0,0.0,0.0
3,0.0,G,540.0,0.7636753236814713,12.375888374825783,15,29,60.0,5.0,0.0,0.0
3,0.0,G,540.0,0.7636753236814713,12.375888374825783,15,30,60.0,5.0,0.0,0.0
3,0.0,G,540.0,0.7636753236814713,12.375888374825783,15,31,60.0,5.0,0.0,0.0
3,0.0,G,540.0,0.7636753236814713,12.375888374825783,15,32,60.0,5.0,0.0,0.0
3,0.0,G,540.0,0.7636753236814713,12.375888374825783,15,33,60.0,5.0,0.0,0.0
3,0.0,G,540.0,0.7636753236814713,12.375888374825783,15,34,60.0,5.0,0.0,0.0
3,0.0,G,540.0,0.7636753236814713,12.375888374825783,15,35,60.0,5.0,0.0,0.0
3,0.0,G,540.0,0.7636753236814713,12.375888374825783,16,0,60.0,5.0,0.0,0.0
3,0.0,G,540.0,0.7636753236814713,12.375888374825783,16,1,60.0,5.0,0.0,0.0
3,0.0,G,540.0,0.7636753236814713,12.375888374825783,16,2,60.0,5.0,0.0,0.0
3,0.0,G,540.0,0.7636753236814713,12.375888374825783,16,3,60.0,5.0,0.0,0.0
3,0.0,G,540.0,0.7636753236814713,12.375888374825783,16,4,60.0,5.0,0.0,0.0
3,0.0,G,540.0,0.7636753236814713,12.375888374825783,16,5,60.0,5.0,0.0,0.0
3,0.0,G,540.0,0.7636753236814713,12.375888374825783,16,6,60.0,5.0,0.0,0.0
3,0.0,G,540.0,0.7636753236814713,12.375888374825783,16,7,60.0,5.0,0.0,0.0
3,0.0,G,540.0,0.7636753236814713,12.375888374825783,16,8,60.0,5.0,0.0,0.0
3,0.0,G,540.0,0.7636753236814713,12.375888374825783,16,9,60.0,5.0,0.0,0.0
3,0.0,G,540.0,0.7636753236814713,12.375888374825783,16,10,60.0,5.0,0.0,0.0
3,0.0,G,540.0,0.7636753236814713,12.375888374825783,16,11,60.0,5.0,0.0,0.0
3,0.0,G,540.0,0.7636753236814713,12.375888374825783,16,12,60.0,5.0,0.0,0.0
3,0.0,G,540.0,0.7636753236814713,12.375888374825783,16,13,60.0,5.0,0.0,0.0
3,0.0,G,540.0,0.7636753236814713,12.375888374825783,16,14,60.0,5.0,0.0,0.0
3,0.0,G,540.0,0.7636753236814713,12.375888374825783,16,15,60.0,5.0,0.0,0.0
3,0.0,G,540.0,0.7636753236814713,12.375888374825783,16,16,60.0,5.0,0.0,0.0
3,0.0,G,540.0,0.7636753236814713,12.375888374825783,16,17,60.0,5.0,0.0,0.0
3,0.0,G,540.0,0.7636753236814713,12.375888374825783,16,18,60.0,5.0,0.0,0.0
3,0.0,G,540.0,0.7636753236814713,12.375888374825783,16,19,60.0,5.0,0.0,0.0
3,0.0,G,540.0,0.7636753236814713,12.375888374825783,16,20,60.0,5.0,0.0,0.0
3,0.0,G,540.0,0.7636753236814713,12.375888374825783,16,21,60.0,5.0,0.0,0.0
3,0.0,G,540.0,0.7636753236814713,12.375888374825783,16,22,60.0,5.0,0.0,0.0
3,0.0,G,540.0,0.7636753236814713,12.375888374825783,16,23,60.0,5.0,0.0,0.0
3,0.0,G,540.0,0.7636753236814713,12.375888374825783,16,24,60.0,5.0,0.0,0.0
3,0.0,G,540.0,0.7636753236814713,12.375888374825783,16,25,60.0,5.0,0.0,0.0
3,0.0,G,540.0,0.7636753236814713,12.375888374825783,16,26,60.0,5.0,0.0,0.0
3,0.0,G,540.0,0.7636753236814713,12.375888374825783,16,27,60.0,5.0,0.0,0.0
3,0.0,G,540.0,0.7636753236814713,12.375888374825783,16,28,60.0,5.0,0.0,0.0
3,0.0,G,540.0,0.7636753236814713,12.375888374825783,16,29,60.0,5.0,0.0,0.0
3,0.0,G,540.0,0.7636753236814713,12.375888374825783,16,30,60.0,5.0,0.0,0.0
3,0.0,G,540.0,0.7636753236814713,12.375888374825783,16,31,60.0,5.0,0.0,0.0
3,0.0,G,540.0,0.7636753236814713,12.375888374825783,16,32,60.0,5.0,0.0,0.0
3,0.0,G,540.0,0.7636753236814713,12.375888374825783,16,33,60.0,5.0,0.0,0.0
3,0.0,G,540.0,0.7636753236814713,12.375888374825783,16,34,60.0,5.0,0.0,0.0
3,0.0,G,540.0,0.7636753236814713,12.375888374825783,16,35,60.0,5.0,0.0,0.0
3,0.0,G,540.0,0.7636753236814713,12.375888374825783,17,0,60.0,5.0,0.0,0.0
3,0.0,G,540.0,0.7636753236814713,12.375888374825783,17,1,60.0,5.0,0.0,0.0
3,0.0,G,540.0,0.7636753236814713,12.375888374825783,17,2,60.0,5.0,0.0,0.0
3,0.0,G,540.0,0.7636753236814713,12.375888374825783,17,3,60.0,5.0,0.0,0.0
3,0.0,G,540.0,0.7636753236814713,12.375888374825783,17,4,60.0,5.0,0.0,0.0
3,0.0,G,540.0,0.7636753236814713,12.375888374825783,17,5,60.0,5.0,0.0,0.0
3,0.0,G,540.0,0.7636753236814713,12.375888374825783,17,6,60.0,5.0,0.0,0.0
3,0.0,G,540.0,0.7636753236814713,12.375888374825783,17,7,60.0,5.0,0.0,0.0
3,0.0,G,540.0,0.7636753236814713,12.375888374825783,17,8,60.0,5.0,0.0,0.0
3,0.0,G,540.0,0.7636753236814713,12.375888374825783,17,9,60.0,5.0,0.0,0.0
3,0.0,G,540.0,0.7636753236814713,12.375888374825783,17,10,60.0,5.0,0.0,0.0
3,0.0,G,540.0,0.7636753236814713,12.375888374825783,17,11,60.0,5.0,0.0,0.0
3,0.0,G,540.0,0.7636753236814713,12.375888374825783,17,12,60.0,5.0,0.0,0.0
3,0.0,G,540.0,0.7636753236814713,12.375888374825783,17,13,60.0,5.0,0.0,0.0
3,0.0,G,540.0,0.7636753236814713,12.375888374825783,17,14,60.0,5.0,0.0,0.0
3,0.0,G,540.0,0.7636753236814713,12.375888374825783,17,15,60.0,5.0,0.0,0.0
3,0.0,G,540.0,0.7636753236814713,12.375888374825783,17,16,60.0,5.0,0.0,0.0
3,0.0,G,540.0,0.7636753236814713,12.375888374825783,17,17,60.0,5.0,0.0,0.0
3,0.0,G,540.0,0.7636753236814713,12.375888374825783,17,18,60.0,5.0,0.0,0.0
3,0.0,G,540.0,0.7636753236814713,12.375888374825783,17,19,60.0,5.0,0.0,0.0
3,0.0,G,540.0,0.7636753236814713,12.375888374825783,17,20,60.0,5.0,0.0,0.0
3,0.0,G,540.0,0.7636753236814713,12.375888374825783,17,21,60.0,5.0,0.0,0.0
3,0.0,G,540.0,0.7636753236814713,12.375888374825783,17,22,60.0,5.0,0.0,0.0
3,0.0,G,540.0,0.7636753236814713,12.375888374825783,17,23,60.0,5.0,0.0,0.0
3,0.0,G,540.0,0.7636753236814713,12.375888374825783,17,24,60.0,5.0,0.0,0.0
3,0.0,G,540.0,0.7636753236814713,12.375888374825783,17,25,60.0,5.0,0.0,0.0
3,0.0,G,540.0,0.7636753236814713,12.375888374825783,17,26,60.0,5.0,0.0,0.0
3,0.0,G,540.0,0.7636753236814713,12.375888374825783,17,27,60.0,5.0,0.0,0.0
3,0.0,G,540.0,0.7636753236814713,12.375888374825783,17,28,60.0,5.0,0.0,0.0
3,0.0,G,540.0,0.7636753236814713,12.375888374825783,17,29,60.0,5.0,0.0,0.0
3,0.0,G,540.0,0.7636753236814713,12.375888374825783,17,30,60.0,5.0,0.0,0.0
3,0.0,G,540.0,0.7636753236814713,12.375888374825783,17,31,60.0,5.0,0.0,0.0
3,0.0,G,540.0,0.7636753236814713,12.375888374825783,17,32,60.0,5.0,0.0,0.0
3,0.0,G,540.0,0.7636753236814713,12.375888374825783,17,33,60.0,5.0,0.0,0.0
3,0.0,G,540.0,0.7636753236814713,12.375888374825783,17,34,60.0,5.0,0.0,0.0
3,0.0,G,540.0,0.7636753236814713,12.375888374825783,17,35,60.0,5.0,0.0,0.0
3,0.0,G,540.0,0.7636753236814713,12.375888374825783,18,0,60.0,5.0,0.0,0.0
3,0.0,G,540.0,0.7636753236814713,12.375888374825783,18,1,60.0,5.0,0.0,0.0
3,0.0,G,540.0,0.7636753236814713,12.375888374825783,18,2,60.0,5.0,0.0,0.0
3,0.0,G,540.0,0.7636753236814713,12.375888374825783,18,3,60.0,5.0,0.0,0.0
3,0.0,G,540.0,0.7636753236814713,12.375888374825783,18,4,60.0,5.0,0.0,0.0
3,0.0,G,540.0,0.7636753236814713,12.375888374825783,18,5,60.0,5.0,0.0,0.0
3,0.0,G,540.0,0.7636753236814713,12.375888374825783,18,6,60.0,5.0,0.0,0.0
3,0.0,G,540.0,0.7636753236814713,12.375888374825783,18,7,60.0,5.0,0.0,0.0
3,0.0,G,540.0,0.7636753236814713,12.375888374825783,18,8,60.0,5.0,0.0,0.0
3,0.0,G,540.0,0.7636753236814713,12.375888374825783,18,9,60.0,5.0,0.0,0.0
3,0.0,G,540.0,0.7636753236814713,12.375888374825783,18,10,60.0,5.0,0.0,0.0
3,0.0,G,540.0,0.7636753236814713,12.375888374825783,18,11,60.0,5.0,0.0,0.0
3,0.0,G,540.0,0.7636753236814713,12.375888374825783,18,12,60.0,5.0,0.0,0.0
3,0.0,G,540.0,0.7636753236814713,12.375888374825783,18,13,60.0,5.0,0.0,0.0
3,0.0,G,540.0,0.7636753236814713,12.375888374825783,18,14,60.0,5.0,0.0,0.0
3,0.0,G,540.0,0.7636753236814713,12.375888374825783,18,15,60.0,5.0,0.0,0.0
3,0.0,G,540.0,0.7636753236814713,12.375888374825783,18,16,60.0,5.0,0.0,0.0
3,0.0,G,540.0,0.7636753236814713,12.375888374825783,18,17,60.0,5.0,0.0,0.0
3,0.0,G,540.0,0.7636753236814713,12.375888374825783,18,18,60.0,5.0,0.0,0.0
3,0.0,G,540.0,0.7636753236814713,12.375888374825783,18,19,60.0,5.0,0.0,0.0
3,0.0,G,540.0,0.7636753236814713,12.375888374825783,18,20,60.0,5.0,0.0,0.0
3,0.0,G,540.0,0.7636753236814713,12.375888374825783,18,21,60.0,5.0,0.0,0.0
3,0.0,G,540.0,0.7636753236814713,12.375888374825783,18,22,60.0,5.0,0.0,0.0
3,0.0,G,540.0,0.7636753236814713,12.375888374825783,18,23,60.0,5.0,0.0,0.0
3,0.0,G,540.0,0.7636753236814713,12.375888374825783,18,24,60.0,5.0,0.0,0.0
3,0.0,G,540.0,0.7636753236814713,12.375888374825783,18,25,60.0,5.0,0.0,0.0
3,0.0,G,540.0,0.7636753236814713,12.375888374825783,18,26,60.0,5.0,0.0,0.0
3,0.0,G,540.0,0.7636753236814713,12.375888374825783,18,27,60.0,5.0,0.0,0.0
3,0.0,G,540.0,0.7636753236814713,12.375888374825783,18,28,60.0,5.0,0.0,0.0
3,0.0,G,540.0,0.7636753236814713,12.375888374825783,18,29,60.0,5.0,0.0,0.0
3,0.0,G,540.0,0.7636753236814713,12.375888374825783,18,30,60.0,5.0,0.0,0.0
3,0.0,G,540.0,0.7636753236814713,12.375888374825783,18,31,60.0,5.0,0.0,0.0
3,0.0,G,540.0,0.7636753236814713,12.375888374825783,18,32,60.0,5.0,0.0,0.0
3,0.0,G,540.0,0.7636753236814713,12.375888374825783,18,33,60.0,5.0,0.0,0.0
3,0.0,G,540.0,0.7636753236814713,12.375888374825783,18,34,60.0,5.0,0.0,0.0
3,0.0,G,540.0,0.7636753236814713,12.375888374825783,18,35,60.0,5.0,0.0,0.0
3,0.0,G,540.0,0.7636753236814713,12.375888374825783,19,0,60.0,5.0,0.0,0.0
3,0.0,G,540.0,0.7636753236814713,12.375888374825783,19,1,60.0,5.0,0.0,0.0
3,0.0,G,540.0,0.7636753236814713,12.375888374825783,19,2,60.0,5.0,0.0,0.0
3,0.0,G,540.0,0.7636753236814713,12.375888374825783,19,3,60.0,5.0,0.0,0.0
3,0.0,G,540.0,0.7636753236814713,12.375888374825783,19,4,60.0,5.0,0.0,0.0
3,0.0,G,540.0,0.7636753236814713,12.375888374825783,19,5,60.0,5.0,0.0,0.0
3,0.0,G,540.0,0.7636753236814713,12.375888374825783,19,6,60.0,5.0,0.0,0.0
3,0.0,G,540.0,0.7636753236814713,12.375888374825783,19,7,60.0,5.0,0.0,0.0
3,0.0,G,540.0,0.7636753236814713,12.375888374825783,19,8,60.0,5.0,0.0,0.0
3,0.0,G,540.0,0.7636753236814713,12.375888374825783,19,9,60.0,5.0,0.0,0.0
3,0.0,G,540.0,0.7636753236814713,12.375888374825783,19,10,60.0,5.0,0.0,0.0
3,0.0,G,540.0,0.7636753236814713,12.375888374825783,19,11,60.0,5.0,0.0,0.0
3,0.0,G,540.0,0.7636753236814713,12.375888374825783,19,12,60.0,5.0,0.0,0.0
3,0.0,G,540.0,0.7636753236814713,12.375888374825783,19,13,60.0,5.0,0.0,0.0
3,0.0,G,540.0,0.7636753236814713,12.375888374825783,19,14,60.0,5.0,0.0,0.0
3,0.0,G,540.0,0.7636753236814713,12.375888374825783,19,15,60.0,5.0,0.0,0.0
3,0.0,G,540.0,0.7636753236814713,12.375888374825783,19,16,60.0,5.0,0.0,0.0
3,0.0,G,540.0,0.7636753236814713,12.375888374825783,19,17,60.0,5.0,0.0,0.0
3,0.0,G,540.0,0.7636753236814713,12.375888374825783,19,18,60.0,5.0,0.0,0.0
3,0.0,G,540.0,0.7636753236814713,12.375888374825783,19,19,60.0,5.0,0.0,0.0
3,0.0,G,540.0,0.7636753236814713,12.375888374825783,19,20,60.0,5.0,0.0,0.0
3,0.0,G,540.0,0.7636753236814713,12.375888374825783,19,21,60.0,5.0,0.0,0.0
3,0.0,G,540.0,0.7636753236814713,12.375888374825783,19,22,60.0,5.0,0.0,0.0
3,0.0,G,540.0,0.7636753236814713,12.375888374825783,19,23,60.0,5.0,0.0,0.0
3,0.0,G,540.0,0.7636753236814713,12.375888374825783,19,24,60.0,5.0,0.0,0.0
3,0.0,G,540.0,0.7636753236814713,12.375888374825783,19,25,60.0,5.0,0.0,0.0
3,0.0,G,540.0,0.7636753236814713,12.375888374825783,19,26,60.0,5.0,0.0,0.0
3,0.0,G,540.0,0.7636753236814713,12.375888374825783,19,27,60.0,5.0,0.0,0.0
3,0.0,G,540.0,0.7636753236814713,12.375888374825783,19,28,60.0,5.0,0.0,0.0
3,0.0,G,540.0,0.7636753236814713,12.375888374825783,19,29,60.0,5.0,0.0,0.0
3,0.0,G,540.0,0.7636753236814713,12.375888374825783,19,30,60.0,5.0,0.0,0.0
3,0.0,G,540.0,0.7636753236814713,12.375888374825783,19,31,60.0,5.0,0.0,0.0
3,0.0,G,540.0,0.7636753236814713,12.375888374825783,19,32,60.0,5.0,0.0,0.0
3,0.0,G,540.0,0.7636753236814713,12.375888374825783,19,33,60.0,5.0,0.0,0.0
3,0.0,G,540.0,0.7636753236814713,12.375888374825783,19,34,60.0,5.0,0.0,0.0
3,0.0,G,540.0,0.7636753236814713,12.375888374825783,19,35,60.0,5.0,0.0,0.0
3,0.0,B,470.0,0.6646803743153545,10.771606548459477,0,0,60.0,5.0,0.0,0.0
3,0.0,B,470.0,0.6646803743153545,10.771606548459477,0,1,60.0,5.0,0.0,0.0
3,0.0,B,470.0,0.6646803743153545,10.771606548459477,0,2,60.0,5.0,0.0,0.0
3,0.0,B,470.0,0.6646803743153545,10.771606548459477,0,3,60.0,5.0,0.0,0.0
3,0.0,B,470.0,0.6646803743153545,10.771606548459477,0,4,60.0,5.0,0.0,0.0
3,0.0,B,470.0,0.6646803743153545,10.771606548459477,0,5,60.0,5.0,0.0,0.0
3,0.0,B,470.0,0.6646803743153545,10.771606548459477,0,6,60.0,5.0,0.0,0.0
3,0.0,B,470.0,0.6646803743153545,10.771606548459477,0,7,60.0,5.0,0.0,0.0
3,0.0,B,470.0,0.6646803743153545,10.771606548459477,0,8,60.0,5.0,0.0,0.0
3,0.0,B,470.0,0.6646803743153545,10.771606548459477,0,9,60.0,5.0,0.0,0.0
3,0.0,B,470.0,0.6646803743153545,10.771606548459477,0,10,60.0,5.0,0.0,0.0
3,0.0,B,470.0,0.6646803743153545,10.771606548459477,0,11,60.0,5.0,0.0,0.0
3,0.0,B,470.0,0.6646803743153545,10.771606548459477,0,12,60.0,5.0,0.0,0.0
3,0.0,B,470.0,0.6646803743153545,10.771606548459477,0,13,60.0,5.0,0.0,0.0
3,0.0,B,470.0,0.6646803743153545,10.771606548459477,0,14,60.0,5.0,0.0,0.0
3,0.0,B,470.0,0.6646803743153545,10.771606548459477,0,15,60.0,5.0,0.0,0.0
3,0.0,B,470.0,0.6646803743153545,10.771606548459477,0,16,60.0,5.0,0.0,0.0
3,0.0,B,470.0,0.6646803743153545,10.771606548459477,0,17,60.0,5.0,0.0,0.0
3,0.0,B,470.0,0.6646803743153545,10.771606548459477,0,18,60.0,5.0,0.0,0.0
3,0.0,B,470.0,0.6646803743153545,10.771606548459477,0,19,60.0,5.0,0.0,0.0
3,0.0,B,470.0,0.6646803743153545,10.771606548459477,0,20,60.0,5.0,0.0,0.0
3,0.0,B,470.0,0.6646803743153545,10.771606548459477,0,21,60.0,5.0,0.0,0.0
3,0.0,B,470.0,0.6646803743153545,10.771606548459477,0,22,60.0,5.0,0.0,0.0
3,0.0,B,470.0,0.6646803743153545,10.771606548459477,0,23,60.0,5.0,0.0,0.0
3,0.0,B,470.0,0.6646803743153545,10.771606548459477,0,24,60.0,5.0,0.0,0.0
3,0.0,B,470.0,0.6646803743153545,10.771606548459477,0,25,60.0,5.0,0.0,0.0
3,0.0,B,470.0,0.6646803743153545,10.771606548459477,0,26,60.0,5.0,0.0,0.0
3,0.0,B,470.0,0.6646803743153545,10.771606548459477,0,27,60.0,5.0,0.0,0.0
3,0.0,B,470.0,0.6646803743153545,10.771606548459477,0,28,60.0,5.0,0.0,0.0
3,0.0,B,470.0,0.6646803743153545,10.771606548459477,0,29,60.0,5.0,0.0,0.0
3,0.0,B,470.0,0.6646803743153545,10.771606548459477,0,30,60.0,5.0,0.0,0.0
3,0.0,B,470.0,0.6646803743153545,10.771606548459477,0,31,60.0,5.0,0.0,0.0
3,0.0,B,470.0,0.6646803743153545,10.771606548459477,0,32,60.0,5.0,0.0,0.0
3,0.0,B,470.0,0.6646803743153545,10.771606548459477,0,33,60.0,5.0,0.0,0.0
3,0.0,B,470.0,0.6646803743153545,10.771606548459477,0,34,60.0,5.0,0.0,0.0
3,0.0,B,470.0,0.6646803743153545,10.771606548459477,0,35,60.0,5.0,0.0,0.0
3,0.0,B,470.0,0.6646803743153545,10.771606548459477,1,0,60.0,5.0,0.0,0.0
3,0.0,B,470.0,0.6646803743153545,10.771606548459477,1,1,60.0,5.0,0.0,0.0
3,0.0,B,470.0,0.6646803743153545,10.771606548459477,1,2,60.0,5.0,0.0,0.0
3,0.0,B,470.0,0.6646803743153545,10.771606548459477,1,3,60.0,5.0,0.0,0.0
3,0.0,B,470.0,0.6646803743153545,10.771606548459477,1,4,60.0,5.0,0.0,0.0
3,0.0,B,470.0,0.6646803743153545,10.771606548459477,1,5,60.0,5.0,0.0,0.0
3,0.0,B,470.0,0.6646803743153545,10.771606548459477,1,6,60.0,5.0,0.0,0.0
3,0.0,B,470.0,0.6646803743153545,10.771606548459477,1,7,60.0,5.0,0.0,0.0
3,0.0,B,470.0,0.6646803743153545,10.771606548459477,1,8,60.0,5.0,0.0,0.0
3,0.0,B,470.0,0.6646803743153545,10.771606548459477,1,9,60.0,5.0,0.0,0.0
3,0.0,B,470.0,0.6646803743153545,10.771606548459477,1,10,60.0,5.0,0.0,0.0
3,0.0,B,470.0,0.6646803743153545,10.771606548459477,1,11,60.0,5.0,0.0,0.0
3,0.0,B,470.0,0.6646803743153545,10.771606548459477,1,12,60.0,5.0,0.0,0.0
3,0.0,B,470.0,0.6646803743153545,10.771606548459477,1,13,60.0,5.0,0.0,0.0
3,0.0,B,470.0,0.6646803743153545,10.771606548459477,1,14,60.0,5.0,0.0,0.0
3,0.0,B,470.0,0.6646803743153545,10.771606548459477,1,15,60.0,5.0,0.0,0.0
3,0.0,B,470.0,0.6646803743153545,10.771606548459477,1,16,60.0,5.0,0.0,0.0
3,0.0,B,470.0,0.6646803743153545,10.771606548459477,1,17,60.0,5.0,0.0,0.0
3,0.0,B,470.0,0.6646803743153545,10.771606548459477,1,18,60.0,5.0,0.0,0.0
3,0.0,B,470.0,0.6646803743153545,10.771606548459477,1,19,60.0,5.0,0.0,0.0
3,0.0,B,470.0,0.6646803743153545,10.771606548459477,1,20,60.0,5.0,0.0,0.0
3,0.0,B,470.0,0.6646803743153545,10.771606548459477,1,21,60.0,5.0,0.0,0.0
3,0.0,B,470.0,0.6646803743153545,10.771606548459477,1,22,60.0,5.0,0.0,0.0
3,0.0,B,470.0,0.6646803743153545,10.771606548459477,1,23,60.0,5.0,0.0,0.0
3,0.0,B,470.0,0.6646803743153545,10.771606548459477,1,24,60.0,5.0,0.0,0.0
3,0.0,B,470.0,0.6646803743153545,10.771606548459477,1,25,60.0,5.0,0.0,0.0
3,0.0,B,470.0,0.6646803743153545,10.771606548459477,1,26,60.0,5.0,0.0,0.0
3,0.0,B,470.0,0.6646803743153545,10.771606548459477,1,27,60.0,5.0,0.0,0.0
3,0.0,B,470.0,0.6646803743153545,10.771606548459477,1,28,60.0,5.0,0.0,0.0
3,0.0,B,470.0,0.6646803743153545,10.771606548459477,1,29,60.0,5.0,0.0,0.0
3,0.0,B,470.0,0.6646803743153545,10.771606548459477,1,30,60.0,5.0,0.0,0.0
3,0.0,B,470.0,0.6646803743153545,10.771606548459477,1,31,60.0,5.0,0.0,0.0
3,0.0,B,470.0,0.6646803743153545,10.771606548459477,1,32,60.0,5.0,0.0,0.0
3,0.0,B,470.0,0.6646803743153545,10.771606548459477,1,33,60.0,5.0,0.0,0.0
3,0.0,B,470.0,0.6646803743153545,10.771606548459477,1,34,60.0,5.0,0.0,0.0
3,0.0,B,470.0,0.6646803743153545,10.771606548459477,1,35,60.0,5.0,0.0,0.0
3,0.0,B,470.0,0.6646803743153545,10.771606548459477,2,0,60.0,5.0,0.0,0.0
3,0.0,B,470.0,0.6646803743153545,10.771606548459477,2,1,60.0,5.0,0.0,0.0
3,0.0,B,470.0,0.6646803743153545,10.771606548459477,2,2,60.0,5.0,0.0,0.0
3,0.0,B,470.0,0.6646803743153545,10.771606548459477,2,3,60.0,5.0,0.0,0.0
3,0.0,B,470.0,0.6646803743153545,10.771606548459477,2,4,60.0,5.0,0.0,0.0
3,0.0,B,470.0,0.6646803743153545,10.771606548459477,2,5,60.0,5.0,0.0,0.0
3,0.0,B,470.0,0.6646803743153545,10.771606548459477,2,6,60.0,5.0,0.0,0.0
3,0.0,B,470.0,0.6646803743153545,10.771606548459477,2,7,60.0,5.0,0.0,0.0
3,0.0,B,470.0,0.6646803743153545,10.771606548459477,2,8,60.0,5.0,0.0,0.0
3,0.0,B,470.0,0.6646803743153545,10.771606548459477,2,9,60.0,5.0,0.0,0.0
3,0.0,B,470.0,0.6646803743153545,10.771606548459477,2,10,60.0,5.0,0.0,0.0
3,0.0,B,470.0,0.6646803743153545,10.771606548459477,2,11,60.0,5.0,0.0,0.0
3,0.0,B,470.0,0.6646803743153545,10.771606548459477,2,12,60.0,5.0,0.0,0.0
3,0.0,B,470.0,0.6646803743153545,10.771606548459477,2,13,60.0,5.0,0.0,0.0
3,0.0,B,470.0,0.6646803743153545,10.771606548459477,2,14,60.0,5.0,0.0,0.0
3,0.0,B,470.0,0.6646803743153545,10.771606548459477,2,15,60.0,5.0,0.0,0.0
3,0.0,B,470.0,0.6646803743153545,10.771606548459477,2,16,60.0,5.0,0.0,0.0
3,0.0,B,470.0,0.6646803743153545,10.771606548459477,2,17,60.0,5.0,0.0,0.0
3,0.0,B,470.0,0.6646803743153545,10.771606548459477,2,18,60.0,5.0,0.0,0.0
3,0.0,B,470.0,0.6646803743153545,10.771606548459477,2,19,60.0,5.0,0.0,0.0
3,0.0,B,470.0,0.6646803743153545,10.771606548459477,2,20,60.0,5.0,0.0,0.0
3,0.0,B,470.0,0.6646803743153545,10.771606548459477,2,21,60.0,5.0,0.0,0.0
3,0.0,B,470.0,0.6646803743153545,10.771606548459477,2,22,60.0,5.0,0.0,0.0
3,0.0,B,470.0,0.6646803743153545,10.771606548459477,2,23,60.0,5.0,0.0,0.0
3,0.0,B,470.0,0.6646803743153545,10.771606548459477,2,24,60.0,5.0,0.0,0.0
3,0.0,B,470.0,0.6646803743153545,10.771606548459477,2,25,60.0,5.0,0.0,0.0
3,0.0,B,470.0,0.6646803743153545,10.771606548459477,2,26,60.0,5.0,0.0,0.0
3,0.0,B,470.0,0.6646803743153545,10.771606548459477,2,27,60.0,5.0,0.0,0.0
3,0.0,B,470.0,0.6646803743153545,10.771606548459477,2,28,60.0,5.0,0.0,0.0
3,0.0,B,470.0,0.6646803743153545,10.771606548459477,2,29,60.0,5.0,0.0,0.0
3,0.0,B,470.0,0.6646803743153545,10.771606548459477,2,30,60.0,5.0,0.0,0.0
3,0.0,B,470.0,0.6646803743153545,10.771606548459477,2,31,60.0,5.0,0.0,0.0
3,0.0,B,470.0,0.6646803743153545,10.771606548459477,2,32,60.0,5.0,0.0,0.0
3,0.0,B,470.0,0.6646803743153545,10.771606548459477,2,33,60.0,5.0,0.0,0.0
3,0.0,B,470.0,0.6646803743153545,10.771606548459477,2,34,60.0,5.0,0.0,0.0
3,0.0,B,470.0,0.6646803743153545,10.771606548459477,2,35,60.0,5.0,0.0,0.0
3,0.0,B,470.0,0.6646803743153545,10.771606548459477,3,0,60.0,5.0,0.0,0.0
3,0.0,B,470.0,0.6646803743153545,10.771606548459477,3,1,60.0,5.0,0.0,0.0
3,0.0,B,470.0,0.6646803743153545,10.771606548459477,3,2,60.0,5.0,0.0,0.0
3,0.0,B,470.0,0.6646803743153545,10.771606548459477,3,3,60.0,5.0,0.0,0.0
3,0.0,B,470.0,0.6646803743153545,10.771606548459477,3,4,60.0,5.0,0.0,0.0
3,0.0,B,470.0,0.6646803743153545,10.771606548459477,3,5,60.0,5.0,0.0,0.0
3,0.0,B,470.0,0.6646803743153545,10.771606548459477,3,6,60.0,5.0,0.0,0.0
3,0.0,B,470.0,0.6646803743153545,10.771606548459477,3,7,60.0,5.0,0.0,0.0
3,0.0,B,470.0,0.6646803743153545,10.771606548459477,3,8,60.0,5.0,0.0,0.0
3,0.0,B,470.0,0.6646803743153545,10.771606548459477,3,9,60.0,5.0,0.0,0.0
3,0.0,B,470.0,0.6646803743153545,10.771606548459477,3,10,60.0,5.0,0.0,0.0
3,0.0,B,470.0,0.6646803743153545,10.771606548459477,3,11,60.0,5.0,0.0,0.0
3,0.0,B,470.0,0.6646803743153545,10.771606548459477,3,12,60.0,5.0,0.0,0.0
3,0.0,B,470.0,0.6646803743153545,10.771606548459477,3,13,60.0,5.0,0.0,0.0
3,0.0,B,470.0,0.6646803743153545,10.771606548459477,3,14,60.0,5.0,0.0,0.0
3,0.0,B,470.0,0.6646803743153545,10.771606548459477,3,15,60.0,5.0,0.0,0.0
3,0.0,B,470.0,0.6646803743153545,10.771606548459477,3,16,60.0,5.0,0.0,0.0
3,0.0,B,470.0,0.6646803743153545,10.771606548459477,3,17,60.0,5.0,0.0,0.0
3,0.0,B,470.0,0.6646803743153545,10.771606548459477,3,18,60.0,5.0,0.0,0.0
3,0.0,B,470.0,0.6646803743153545,10.771606548459477,3,19,60.0,5.0,0.0,0.0
3,0.0,B,470.0,0.6646803743153545,10.771606548459477,3,20,60.0,5.0,0.0,0.0
3,0.0,B,470.0,0.6646803743153545,10.771606548459477,3,21,60.0,5.0,0.0,0.0
3,0.0,B,470.0,0.6646803743153545,10.771606548459477,3,22,60.0,5.0,0.0,0.0
3,0.0,B,470.0,0.6646803743153545,10.771606548459477,3,23,60.0,5.0,0.0,0.0
3,0.0,B,470.0,0.6646803743153545,10.771606548459477,3,24,60.0,5.0,0.0,0.0
3,0.0,B,470.0,0.6646803743153545,10.771606548459477,3,25,60.0,5.0,0.0,0.0
3,0.0,B,470.0,0.6646803743153545,10.771606548459477,3,26,60.0,5.0,0.0,0.0
3,0.0,B,470.0,0.6646803743153545,10.771606548459477,3,27,60.0,5.0,0.0,0.0
3,0.0,B,470.0,0.6646803743153545,10.771606548459477,3,28,60.0,5.0,0.0,0.0
3,0.0,B,470.0,0.6646803743153545,10.771606548459477,3,29,60.0,5.0,0.0,0.0
3,0.0,B,470.0,0.6646803743153545,10.771606548459477,3,30,60.0,5.0,0.0,0.0
3,0.0,B,470.0,0.6646803743153545,10.771606548459477,3,31,60.0,5.0,0.0,0.0
3,0.0,B,470.0,0.6646803743153545,10.771606548459477,3,32,60.0,5.0,0.0,0.0
3,0.0,B,470.0,0.6646803743153545,10.771606548459477,3,33,60.0,5.0,0.0,0.0
3,0.0,B,470.0,0.6646803743153545,10.771606548459477,3,34,60.0,5.0,0.0,0.0
3,0.0,B,470.0,0.6646803743153545,10.771606548459477,3,35,60.0,5.0,0.0,0.0
3,0.0,B,470.0,0.6646803743153545,10.771606548459477,4,0,60.0,5.0,0.0,0.0
3,0.0,B,470.0,0.6646803743153545,10.771606548459477,4,1,60.0,5.0,0.0,0.0
3,0.0,B,470.0,0.6646803743153545,10.771606548459477,4,2,60.0,5.0,0.0,0.0
3,0.0,B,470.0,0.6646803743153545,10.771606548459477,4,3,60.0,5.0,0.0,0.0
3,0.0,B,470.0,0.6646803743153545,10.771606548459477,4,4,60.0,5.0,0.0,0.0
3,0.0,B,470.0,0.6646803743153545,10.771606548459477,4,5,60.0,5.0,0.00784313725490196,0.028226977679718004
3,0.0,B,470.0,0.6646803743153545,10.771606548459477,4,6,60.0,5.0,0.011764705882352941,0.0345936127618576
3,0.0,B,470.0,0.6646803743153545,10.771606548459477,4,7,60.0,5.0,0.00784313725490196,0.028226977679718004
3,0.0,B,470.0,0.6646803743153545,10.771606548459477,4,8,60.0,5.0,0.0,0.0
3,0.0,B,470.0,0.6646803743153545,10.771606548459477,4,9,60.0,5.0,0.0,0.0
3,0.0,B,470.0,0.6646803743153545,10.771606548459477,4,10,60.0,5.0,0.0,0.0
3,0.0,B,470.0,0.6646803743153545,10.771606548459477,4,11,60.0,5.0,0.0,0.0
3,0.0,B,470.0,0.6646803743153545,10.771606548459477,4,12,60.0,5.0,0.00784313725490196,0.028226977679718004
3,0.0,B,470.0,0.6646803743153545,10.771606548459477,4,13,60.0,5.0,0.00392156862745098,0.01994638965273254
3,0.0,B,470.0,0.6646803743153545,10.771606548459477,4,14,60.0,5.0,0.00392156862745098,0.01994638965273254
3,0.0,B,470.0,0.6646803743153545,10.771606548459477,4,15,60.0,5.0,0.00392156862745098,0.01994638965273254
3,0.0,B,470.0,0.6646803743153545,10.771606548459477,4,16,60.0,5.0,0.00784313725490196,0.028226977679718004
3,0.0,B,470.0,0.6646803743153545,10.771606548459477,4,17,60.0,5.0,0.00392156862745098,0.01994638965273254
3,0.0,B,470.0,0.6646803743153545,10.771606548459477,4,18,60.0,5.0,0.00784313725490196,0.028226977679718004
3,0.0,B,470.0,0.6646803743153545,10.771606548459477,4,19,60.0,5.0,0.00392156862745098,0.01994638965273254
3,0.0,B,470.0,0.6646803743153545,10.771606548459477,4,20,60.0,5.0,0.00392156862745098,0.01994638965273254
3,0.0,B,470.0,0.6646803743153545,10.771606548459477,4,21,60.0,5.0,0.00784313725490196,0.028226977679718004
3,0.0,B,470.0,0.6646803743153545,10.771606548459477,4,22,60.0,5.0,0.00392156862745098,0.01994638965273254
3,0.0,B,470.0,0.6646803743153545,10.771606548459477,4,23,60.0,5.0,0.0,0.0
3,0.0,B,470.0,0.6646803743153545,10.771606548459477,4,24,60.0,5.0,0.00392156862745098,0.01994638965273254
3,0.0,B,470.0,0.6646803743153545,10.771606548459477,4,25,60.0,5.0,0.00392156862745098,0.01994638965273254
3,0.0,B,470.0,0.6646803743153545,10.771606548459477,4,26,60.0,5.0,0.00392156862745098,0.01994638965273254
3,0.0,B,470.0,0.6646803743153545,10.771606548459477,4,27,60.0,5.0,0.0,0.0
3,0.0,B,470.0,0.6646803743153545,10.771606548459477,4,28,60.0,5.0,0.0,0.0
3,0.0,B,470.0,0.6646803743153545,10.771606548459477,4,29,60.0,5.0,0.0,0.0
3,0.0,B,470.0,0.6646803743153545,10.771606548459477,4,30,60.0,5.0,0.0,0.0
3,0.0,B,470.0,0.6646803743153545,10.771606548459477,4,31,60.0,5.0,0.0,0.0
3,0.0,B,470.0,0.6646803743153545,10.771606548459477,4,32,60.0,5.0,0.0,0.0
3,0.0,B,470.0,0.6646803743153545,10.771606548459477,4,33,60.0,5.0,0.0,0.0
3,0.0,B,470.0,0.6646803743153545,10.771606548459477,4,34,60.0,5.0,0.0,0.0
3,0.0,B,470.0,0.6646803743153545,10.771606548459477,4,35,60.0,5.0,0.0,0.0
3,0.0,B,470.0,0.6646803743153545,10.771606548459477,5,0,60.0,5.0,0.0,0.0
3,0.0,B,470.0,0.6646803743153545,10.771606548459477,5,1,60.0,5.0,0.0,0.0
3,0.0,B,470.0,0.6646803743153545,10.771606548459477,5,2,60.0,5.0,0.0,0.0
3,0.0,B,470.0,0.6646803743153545,10.771606548459477,5,3,60.0,5.0,0.0,0.0
3,0.0,B,470.0,0.6646803743153545,10.771606548459477,5,4,60.0,5.0,0.0,0.0
3,0.0,B,470.0,0.6646803743153545,10.771606548459477,5,5,60.0,5.0,0.0,0.0
3,0.0,B,470.0,0.6646803743153545,10.771606548459477,5,6,60.0,5.0,0.0392156862745098,0.06345418699423495
3,0.0,B,470.0,0.6646803743153545,10.771606548459477,5,7,60.0,5.0,0.01568627450980392,0.03997164583041206
3,0.0,B,470.0,0.6646803743153545,10.771606548459477,5,8,60.0,5.0,0.0,0.0
3,0.0,B,470.0,0.6646803743153545,10.771606548459477,5,9,60.0,5.0,0.00392156862745098,0.01994638965273254
3,0.0,B,470.0,0.6646803743153545,10.771606548459477,5,10,60.0,5.0,0.0,0.0
3,0.0,B,470.0,0.6646803743153545,10.771606548459477,5,11,60.0,5.0,0.0,0.0
3,0.0,B,470.0,0.6646803743153545,10.771606548459477,5,12,60.0,5.0,0.0,0.0
3,0.0,B,470.0,0.6646803743153545,10.771606548459477,5,13,60.0,5.0,0.0,0.0
3,0.0,B,470.0,0.6646803743153545,10.771606548459477,5,14,60.0,5.0,0.0,0.0
3,0.0,B,470.0,0.6646803743153545,10.771606548459477,5,15,60.0,5.0,0.0,0.0
3,0.0,B,470.0,0.6646803743153545,10.771606548459477,5,16,60.0,5.0,0.0,0.0
3,0.0,B,470.0,0.6646803743153545,10.771606548459477,5,17,60.0,5.0,0.0,0.0
3,0.0,B,470.0,0.6646803743153545,10.771606548459477,5,18,60.0,5.0,0.0,0.0
3,0.0,B,470.0,0.6646803743153545,10.771606548459477,5,19,60.0,5.0,0.0,0.0
3,0.0,B,470.0,0.6646803743153545,10.771606548459477,5,20,60.0,5.0,0.0,0.0
3,0.0,B,470.0,0.6646803743153545,10.771606548459477,5,21,60.0,5.0,0.0,0.0
3,0.0,B,470.0,0.6646803743153545,10.771606548459477,5,22,60.0,5.0,0.0,0.0
3,0.0,B,470.0,0.6646803743153545,10.771606548459477,5,23,60.0,5.0,0.0,0.0
3,0.0,B,470.0,0.6646803743153545,10.771606548459477,5,24,60.0,5.0,0.0,0.0
3,0.0,B,470.0,0.6646803743153545,10.771606548459477,5,25,60.0,5.0,0.0,0.0
3,0.0,B,470.0,0.6646803743153545,10.771606548459477,5,26,60.0,5.0,0.0,0.0
3,0.0,B,470.0,0.6646803743153545,10.771606548459477,5,27,60.0,5.0,0.0,0.0
3,0.0,B,470.0,0.6646803743153545,10.771606548459477,5,28,60.0,5.0,0.0,0.0
3,0.0,B,470.0,0.6646803743153545,10.771606548459477,5,29,60.0,5.0,0.0,0.0
3,0.0,B,470.0,0.6646803743153545,10.771606548459477,5,30,60.0,5.0,0.0,0.0
3,0.0,B,470.0,0.6646803743153545,10.771606548459477,5,31,60.0,5.0,0.0,0.0
3,0.0,B,470.0,0.6646803743153545,10.771606548459477,5,32,60.0,5.0,0.0,0.0
3,0.0,B,470.0,0.6646803743153545,10.771606548459477,5,33,60.0,5.0,0.0,0.0
3,0.0,B,470.0,0.6646803743153545,10.771606548459477,5,34,60.0,5.0,0.0,0.0
3,0.0,B,470.0,0.6646803743153545,10.771606548459477,5,35,60.0,5.0,0.0,0.0
3,0.0,B,470.0,0.6646803743153545,10.771606548459477,6,0,60.0,5.0,0.0,0.0
3,0.0,B,470.0,0.6646803743153545,10.771606548459477,6,1,60.0,5.0,0.0,0.0
3,0.0,B,470.0,0.6646803743153545,10.771606548459477,6,2,60.0,5.0,0.00392156862745098,0.01994638965273254
3,0.0,B,470.0,0.6646803743153545,10.771606548459477,6,3,60.0,5.0,0.0,0.0
3,0.0,B,470.0,0.6646803743153545,10.771606548459477,6,4,60.0,5.0,0.01568627450980392,0.03997164583041206
3,0.0,B,470.0,0.6646803743153545,10.771606548459477,6,5,60.0,5.0,0.23137254901960785,0.1597306585446781
3,0.0,B,470.0,0.6646803743153545,10.771606548459477,6,6,60.0,5.0,0.09803921568627451,0.10137157388840211
3,0.0,B,470.0,0.6646803743153545,10.771606548459477,6,7,60.0,5.0,0.23137254901960785,0.1597306585446781
3,0.0,B,470.0,0.6646803743153545,10.771606548459477,6,8,60.0,5.0,0.054901960784313725,0.0752836212383225
3,0.0,B,470.0,0.6646803743153545,10.771606548459477,6,9,60.0,5.0,0.0,0.0
3,0.0,B,470.0,0.6646803743153545,10.771606548459477,6,10,60.0,5.0,0.00392156862745098,0.01994638965273254
3,0.0,B,470.0,0.6646803743153545,10.771606548459477,6,11,60.0,5.0,0.0,0.0
3,0.0,B,470.0,0.6646803743153545,10.771606548459477,6,12,60.0,5.0,0.22745098039215686,0.15824621238176176
3,0.0,B,470.0,0.6646803743153545,10.771606548459477,6,13,60.0,5.0,0.09019607843137255,0.09709567612708571
3,0.0,B,470.0,0.6646803743153545,10.771606548459477,6,14,60.0,5.0,0.050980392156862744,0.07249578895933438
3,0.0,B,470.0,0.6646803743153545,10.771606548459477,6,15,60.0,5.0,0.07450980392156863,0.08800426979263411
3,0.0,B,470.0,0.6646803743153545,10.771606548459477,6,16,60.0,5.0,0.2196078431372549,0.15524984546857312
3,0.0,B,470.0,0.6646803743153545,10.771606548459477,6,17,60.0,5.0,0.26666666666666666,0.1727273908759613
3,0.0,B,470.0,0.6646803743153545,10.771606548459477,6,18,60.0,5.0,0.22745098039215686,0.15824621238176176
3,0.0,B,470.0,0.6646803743153545,10.771606548459477,6,19,60.0,5.0,0.054901960784313725,0.0752836212383225
3,0.0,B,470.0,0.6646803743153545,10.771606548459477,6,20,60.0,5.0,0.08627450980392157,0.09489506791887806
3,0.0,B,470.0,0.6646803743153545,10.771606548459477,6,21,60.0,5.0,0.2,0.1475836176504333
3,0.0,B,470.0,0.6646803743153545,10.771606548459477,6,22,60.0,5.0,0.058823529411764705,0.07797913037736934
3,0.0,B,470.0,0.6646803743153545,10.771606548459477,6,23,60.0,5.0,0.01568627450980392,0.03997164583041206
3,0.0,B,470.0,0.6646803743153545,10.771606548459477,6,24,60.0,5.0,0.0392156862745098,0.06345418699423495
3,0.0,B,470.0,0.6646803743153545,10.771606548459477,6,25,60.0,5.0,0.17647058823529413,0.13799940258341492
3,0.0,B,470.0,0.6646803743153545,10.771606548459477,6,26,60.0,5.0,0.36470588235294116,0.20639090758999576
3,0.0,B,470.0,0.6646803743153545,10.771606548459477,6,27,60.0,5.0,0.0,0.0
3,0.0,B,470.0,0.6646803743153545,10.771606548459477,6,28,60.0,5.0,0.00392156862745098,0.01994638965273254
3,0.0,B,470.0,0.6646803743153545,10.771606548459477,6,29,60.0,5.0,0.0,0.0
3,0.0,B,470.0,0.6646803743153545,10.771606548459477,6,30,60.0,5.0,0.0,0.0
3,0.0,B,470.0,0.6646803743153545,10.771606548459477,6,31,60.0,5.0,0.0,0.0
3,0.0,B,470.0,0.6646803743153545,10.771606548459477,6,32,60.0,5.0,0.0,0.0
3,0.0,B,470.0,0.6646803743153545,10.771606548459477,6,33,60.0,5.0,0.0,0.0
3,0.0,B,470.0,0.6646803743153545,10.771606548459477,6,34,60.0,5.0,0.0,0.0
3,0.0,B,470.0,0.6646803743153545,10.771606548459477,6,35,60.0,5.0,0.0,0.0
3,0.0,B,470.0,0.6646803743153545,10.771606548459477,7,0,60.0,5.0,0.0,0.0
3,0.0,B,470.0,0.6646803743153545,10.771606548459477,7,1,60.0,5.0,0.0,0.0
3,0.0,B,470.0,0.6646803743153545,10.771606548459477,7,2,60.0,5.0,0.00392156862745098,0.01994638965273254
3,0.0,B,470.0,0.6646803743153545,10.771606548459477,7,3,60.0,5.0,0.0,0.0
3,0.0,B,470.0,0.6646803743153545,10.771606548459477,7,4,60.0,5.0,0.10980392156862745,0.10750973625166191
3,0.0,B,470.0,0.6646803743153545,10.771606548459477,7,5,60.0,5.0,0.6705882352941176,0.30541268673902255
3,0.0,B,470.0,0.6646803743153545,10.771606548459477,7,6,60.0,5.0,0.4980392156862745,0.24937586136851997
3,0.0,B,470.0,0.6646803743153545,10.771606548459477,7,7,60.0,5.0,0.2784313725490196,0.17693271574931582
3,0.0,B,470.0,0.6646803743153545,10.771606548459477,7,8,60.0,5.0,0.19607843137254902,0.14601747052853942
3,0.0,B,470.0,0.6646803743153545,10.771606548459477,7,9,60.0,5.0,0.058823529411764705,0.07797913037736934
3,0.0,B,470.0,0.6646803743153545,10.771606548459477,7,10,60.0,5.0,0.00784313725490196,0.028226977679718004
3,0.0,B,470.0,0.6646803743153545,10.771606548459477,7,11,60.0,5.0,0.0,0.0
3,0.0,B,470.0,0.6646803743153545,10.771606548459477,7,12,60.0,5.0,0.5176470588235295,0.2556184001474059
3,0.0,B,470.0,0.6646803743153545,10.771606548459477,7,13,60.0,5.0,0.5450980392156862,0.2643746873214314
3,0.0,B,470.0,0.6646803743153545,10.771606548459477,7,14,60.0,5.0,0.5294117647058824,0.2593674630095386
3,0.0,B,470.0,0.6646803743153545,10.771606548459477,7,15,60.0,5.0,0.4588235294117647,0.23687826177997542
3,0.0,B,470.0,0.6646803743153545,10.771606548459477,7,16,60.0,5.0,0.4666666666666667,0.23938179519646016
3,0.0,B,470.0,0.6646803743153545,10.771606548459477,7,17,60.0,5.0,0.4470588235294118,0.23311665261528658
3,0.0,B,470.0,0.6646803743153545,10.771606548459477,7,18,60.0,5.0,0.5058823529411764,0.2518724542907634
3,0.0,B,470.0,0.6646803743153545,10.771606548459477,7,19,60.0,5.0,0.4235294117647059,0.2255627480278026
3,0.0,B,470.0,0.6646803743153545,10.771606548459477,7,20,60.0,5.0,0.5215686274509804,0.25686763838273197
3,0.0,B,470.0,0.6646803743153545,10.771606548459477,7,21,60.0,5.0,0.47843137254901963,0.24313236161726806
3,0.0,B,470.0,0.6646803743153545,10.771606548459477,7,22,60.0,5.0,0.5686274509803921,0.27191397286132807
3,0.0,B,470.0,0.6646803743153545,10.771606548459477,7,23,60.0,5.0,0.25098039215686274,0.16702677744422859
3,0.0,B,470.0,0.6646803743153545,10.771606548459477,7,24,60.0,5.0,0.4588235294117647,0.23687826177997542
3,0.0,B,470.0,0.6646803743153545,10.771606548459477,7,25,60.0,5.0,0.6,0.2820471084244875
3,0.0,B,470.0,0.6646803743153545,10.771606548459477,7,26,60.0,5.0,0.3764705882352941,0.2102679541390965
3,0.0,B,470.0,0.6646803743153545,10.771606548459477,7,27,60.0,5.0,0.0,0.0
3,0.0,B,470.0,0.6646803743153545,10.771606548459477,7,28,60.0,5.0,0.011764705882352941,0.0345936127618576
3,0.0,B,470.0,0.6646803743153545,10.771606548459477,7,29,60.0,5.0,0.00392156862745098,0.01994638965273254
3,0.0,B,470.0,0.6646803743153545,10.771606548459477,7,30,60.0,5.0,0.0,0.0
3,0.0,B,470.0,0.6646803743153545,10.771606548459477,7,31,60.0,5.0,0.0,0.0
3,0.0,B,470.0,0.6646803743153545,10.771606548459477,7,32,60.0,5.0,0.0,0.0
3,0.0,B,470.0,0.6646803743153545,10.771606548459477,7,33,60.0,5.0,0.0,0.0
3,0.0,B,470.0,0.6646803743153545,10.771606548459477,7,34,60.0,5.0,0.0,0.0
3,0.0,B,470.0,0.6646803743153545,10.771606548459477,7,35,60.0,5.0,0.0,0.0
3,0.0,B,470.0,0.6646803743153545,10.771606548459477,8,0,60.0,5.0,0.0,0.0
3,0.0,B,470.0,0.6646803743153545,10.771606548459477,8,1,60.0,5.0,0.0,0.0
3,0.0,B,470.0,0.6646803743153545,10.771606548459477,8,2,60.0,5.0,0.023529411764705882,0.049020040417914766
3,0.0,B,470.0,0.6646803743153545,10.771606548459477,8,3,60.0,5.0,0.08627450980392157,0.09489506791887806
3,0.0,B,470.0,0.6646803743153545,10.771606548459477,8,4,60.0,5.0,0.23529411764705882,0.1612063368033418
3,0.0,B,470.0,0.6646803743153545,10.771606548459477,8,5,60.0,5.0,0.792156862745098,0.34931811846681793
3,0.0,B,470.0,0.6646803743153545,10.771606548459477,8,6,60.0,5.0,0.8117647058823529,0.3571509205680718
3,0.0,B,470.0,0.6646803743153545,10.771606548459477,8,7,60.0,5.0,0.5450980392156862,0.2643746873214314
3,0.0,B,470.0,0.6646803743153545,10.771606548459477,8,8,60.0,5.0,0.49411764705882355,0.24812754570923665
3,0.0,B,470.0,0.6646803743153545,10.771606548459477,8,9,60.0,5.0,0.20392156862745098,0.14913829006235088
3,0.0,B,470.0,0.6646803743153545,10.771606548459477,8,10,60.0,5.0,0.0196078431372549,0.04471926097515774
3,0.0,B,470.0,0.6646803743153545,10.771606548459477,8,11,60.0,5.0,0.027450980392156862,0.05298297410946823
3,0.0,B,470.0,0.6646803743153545,10.771606548459477,8,12,60.0,5.0,0.3686274509803922,0.2076860858214986
3,0.0,B,470.0,0.6646803743153545,10.771606548459477,8,13,60.0,5.0,0.4117647058823529,0.22176597605076812
3,0.0,B,470.0,0.6646803743153545,10.771606548459477,8,14,60.0,5.0,0.40784313725490196,0.2204968785082125
3,0.0,B,470.0,0.6646803743153545,10.771606548459477,8,15,60.0,5.0,0.43137254901960786,0.22808602713867193
3,0.0,B,470.0,0.6646803743153545,10.771606548459477,8,16,60.0,5.0,0.3803921568627451,0.21155484953700343
3,0.0,B,470.0,0.6646803743153545,10.771606548459477,8,17,60.0,5.0,0.3568627450980392,0.20379153547696685
3,0.0,B,470.0,0.6646803743153545,10.771606548459477,8,18,60.0,5.0,0.3333333333333333,0.19591327601530364
3,0.0,B,470.0,0.6646803743153545,10.771606548459477,8,19,60.0,5.0,0.44313725490196076,0.23186078127719867
3,0.0,B,470.0,0.6646803743153545,10.771606548459477,8,20,60.0,5.0,0.4392156862745098,0.23060377451347597
3,0.0,B,470.0,0.6646803743153545,10.771606548459477,8,21,60.0,5.0,0.34509803921568627,0.19986829362396183
3,0.0,B,470.0,0.6646803743153545,10.771606548459477,8,22,60.0,5.0,0.47058823529411764,0.2406325369904614
3,0.0,B,470.0,0.6646803743153545,10.771606548459477,8,23,60.0,5.0,0.15294117647058825,0.12789737021175648
3,0.0,B,470.0,0.6646803743153545,10.771606548459477,8,24,60.0,5.0,0.396078431372549,0.21667782097214075
3,0.0,B,470.0,0.6646803743153545,10.771606548459477,8,25,60.0,5.0,0.4588235294117647,0.23687826177997542
3,0.0,B,470.0,0.6646803743153545,10.771606548459477,8,26,60.0,5.0,0.21176470588235294,0.1522147678661474
3,0.0,B,470.0,0.6646803743153545,10.771606548459477,8,27,60.0,5.0,0.00784313725490196,0.028226977679718004
3,0.0,B,470.0,0.6646803743153545,10.771606548459477,8,28,60.0,5.0,0.01568627450980392,0.03997164583041206
3,0.0,B,470.0,0.6646803743153545,10.771606548459477,8,29,60.0,5.0,0.0,0.0
3,0.0,B,470.0,0.6646803743153545,10.771606548459477,8,30,60.0,5.0,0.00784313725490196,0.028226977679718004
3,0.0,B,470.0,0.6646803743153545,10.771606548459477,8,31,60.0,5.0,0.00784313725490196,0.028226977679718004
3,0.0,B,470.0,0.6646803743153545,10.771606548459477,8,32,60.0,5.0,0.00392156862745098,0.01994638965273254
3,0.0,B,470.0,0.6646803743153545,10.771606548459477,8,33,60.0,5.0,0.0,0.0
3,0.0,B,470.0,0.6646803743153545,10.771606548459477,8,34,60.0,5.0,0.0,0.0
3,0.0,B,470.0,0.6646803743153545,10.771606548459477,8,35,60.0,5.0,0.0,0.0
3,0.0,B,470.0,0.6646803743153545,10.771606548459477,9,0,60.0,5.0,0.0,0.0
3,0.0,B,470.0,0.6646803743153545,10.771606548459477,9,1,60.0,5.0,0.0,0.0
3,0.0,B,470.0,0.6646803743153545,10.771606548459477,9,2,60.0,5.0,0.01568627450980392,0.03997164583041206
3,0.0,B,470.0,0.6646803743153545,10.771606548459477,9,3,60.0,5.0,0.12941176470588237,0.11713408480877087
3,0.0,B,470.0,0.6646803743153545,10.771606548459477,9,4,60.0,5.0,0.20392156862745098,0.14913829006235088
3,0.0,B,470.0,0.6646803743153545,10.771606548459477,9,5,60.0,5.0,0.2980392156862745,0.18382343133011075
3,0.0,B,470.0,0.6646803743153545,10.771606548459477,9,6,60.0,5.0,0.2549019607843137,0.1684625831810239
3,0.0,B,470.0,0.6646803743153545,10.771606548459477,9,7,60.0,5.0,0.35294117647058826,0.2024871245093228
3,0.0,B,470.0,0.6646803743153545,10.771606548459477,9,8,60.0,5.0,0.42745098039215684,0.22682512093786292
3,0.0,B,470.0,0.6646803743153545,10.771606548459477,9,9,60.0,5.0,0.2549019607843137,0.1684625831810239
3,0.0,B,470.0,0.6646803743153545,10.771606548459477,9,10,60.0,5.0,0.06274509803921569,0.08059162758159863
3,0.0,B,470.0,0.6646803743153545,10.771606548459477,9,11,60.0,5.0,0.011764705882352941,0.0345936127618576
3,0.0,B,470.0,0.6646803743153545,10.771606548459477,9,12,60.0,5.0,0.0,0.0
3,0.0,B,470.0,0.6646803743153545,10.771606548459477,9,13,60.0,5.0,0.0,0.0
3,0.0,B,470.0,0.6646803743153545,10.771606548459477,9,14,60.0,5.0,0.0,0.0
3,0.0,B,470.0,0.6646803743153545,10.771606548459477,9,15,60.0,5.0,0.0,0.0
3,0.0,B,470.0,0.6646803743153545,10.771606548459477,9,16,60.0,5.0,0.0,0.0
3,0.0,B,470.0,0.6646803743153545,10.771606548459477,9,17,60.0,5.0,0.047058823529411764,0.06960448727306395
3,0.0,B,470.0,0.6646803743153545,10.771606548459477,9,18,60.0,5.0,0.058823529411764705,0.07797913037736934
3,0.0,B,470.0,0.6646803743153545,10.771606548459477,9,19,60.0,5.0,0.0,0.0
3,0.0,B,470.0,0.6646803743153545,10.771606548459477,9,20,60.0,5.0,0.0,0.0
3,0.0,B,470.0,0.6646803743153545,10.771606548459477,9,21,60.0,5.0,0.027450980392156862,0.05298297410946823
3,0.0,B,470.0,0.6646803743153545,10.771606548459477,9,22,60.0,5.0,0.027450980392156862,0.05298297410946823
3,0.0,B,470.0,0.6646803743153545,10.771606548459477,9,23,60.0,5.0,0.0,0.0
3,0.0,B,470.0,0.6646803743153545,10.771606548459477,9,24,60.0,5.0,0.00784313725490196,0.028226977679718004
3,0.0,B,470.0,0.6646803743153545,10.771606548459477,9,25,60.0,5.0,0.0,0.0
3,0.0,B,470.0,0.6646803743153545,10.771606548459477,9,26,60.0,5.0,0.0,0.0
3,0.0,B,470.0,0.6646803743153545,10.771606548459477,9,27,60.0,5.0,0.0,0.0
3,0.0,B,470.0,0.6646803743153545,10.771606548459477,9,28,60.0,5.0,0.0,0.0
3,0.0,B,470.0,0.6646803743153545,10.771606548459477,9,29,60.0,5.0,0.047058823529411764,0.06960448727306395
3,0.0,B,470.0,0.6646803743153545,10.771606548459477,9,30,60.0,5.0,0.0,0.0
3,0.0,B,470.0,0.6646803743153545,10.771606548459477,9,31,60.0,5.0,0.0,0.0
3,0.0,B,470.0,0.6646803743153545,10.771606548459477,9,32,60.0,5.0,0.0,0.0
3,0.0,B,470.0,0.6646803743153545,10.771606548459477,9,33,60.0,5.0,0.0,0.0
3,0.0,B,470.0,0.6646803743153545,10.771606548459477,9,34,60.0,5.0,0.0,0.0
3,0.0,B,470.0,0.6646803743153545,10.771606548459477,9,35,60.0,5.0,0.0,0.0
3,0.0,B,470.0,0.6646803743153545,10.771606548459477,10,0,60.0,5.0,0.0,0.0
3,0.0,B,470.0,0.6646803743153545,10.771606548459477,10,1,60.0,5.0,0.0,0.0
3,0.0,B,470.0,0.6646803743153545,10.771606548459477,10,2,60.0,5.0,0.0,0.0
3,0.0,B,470.0,0.6646803743153545,10.771606548459477,10,3,60.0,5.0,0.2196078431372549,0.15524984546857312
3,0.0,B,470.0,0.6646803743153545,10.771606548459477,10,4,60.0,5.0,0.30980392156862746,0.18789451147862046
3,0.0,B,470.0,0.6646803743153545,10.771606548459477,10,5,60.0,5.0,0.24705882352941178,0.16558349319631221
3,0.0,B,470.0,0.6646803743153545,10.771606548459477,10,6,60.0,5.0,0.20784313725490197,0.15068188153318207
3,0.0,B,470.0,0.6646803743153545,10.771606548459477,10,7,60.0,5.0,0.12941176470588237,0.11713408480877087
3,0.0,B,470.0,0.6646803743153545,10.771606548459477,10,8,60.0,5.0,0.0784313725490196,0.09035304440877327
3,0.0,B,470.0,0.6646803743153545,10.771606548459477,10,9,60.0,5.0,0.11372549019607843,0.10949071206008622
3,0.0,B,470.0,0.6646803743153545,10.771606548459477,10,10,60.0,5.0,0.058823529411764705,0.07797913037736934
3,0.0,B,470.0,0.6646803743153545,10.771606548459477,10,11,60.0,5.0,0.043137254901960784,0.06659618536329842
3,0.0,B,470.0,0.6646803743153545,10.771606548459477,10,12,60.0,5.0,0.2549019607843137,0.1684625831810239
3,0.0,B,470.0,0.6646803743153545,10.771606548459477,10,13,60.0,5.0,0.2627450980392157,0.17131267163863242
3,0.0,B,470.0,0.6646803743153545,10.771606548459477,10,14,60.0,5.0,0.19607843137254902,0.14601747052853942
3,0.0,B,470.0,0.6646803743153545,10.771606548459477,10,15,60.0,5.0,0.18823529411764706,0.1428490794319283
3,0.0,B,470.0,0.6646803743153545,10.771606548459477,10,16,60.0,5.0,0.20392156862745098,0.14913829006235088
3,0.0,B,470.0,0.6646803743153545,10.771606548459477,10,17,60.0,5.0,0.3607843137254902,0.205092759971859
3,0.0,B,470.0,0.6646803743153545,10.771606548459477,10,18,60.0,5.0,0.3215686274509804,0.19192319169509703
3,0.0,B,470.0,0.6646803743153545,10.771606548459477,10,19,60.0,5.0,0.1803921568627451,0.13962955546331615
3,0.0,B,470.0,0.6646803743153545,10.771606548459477,10,20,60.0,5.0,0.17254901960784313,0.13635495410892096
3,0.0,B,470.0,0.6646803743153545,10.771606548459477,10,21,60.0,5.0,0.39215686274509803,0.21540057603915186
3,0.0,B,470.0,0.6646803743153545,10.771606548459477,10,22,60.0,5.0,0.17254901960784313,0.13635495410892096
3,0.0,B,470.0,0.6646803743153545,10.771606548459477,10,23,60.0,5.0,0.4588235294117647,0.23687826177997542
3,0.0,B,470.0,0.6646803743153545,10.771606548459477,10,24,60.0,5.0,0.5058823529411764,0.2518724542907634
3,0.0,B,470.0,0.6646803743153545,10.771606548459477,10,25,60.0,5.0,0.34509803921568627,0.19986829362396183
3,0.0,B,470.0,0.6646803743153545,10.771606548459477,10,26,60.0,5.0,0.21568627450980393,0.15373730807570263
3,0.0,B,470.0,0.6646803743153545,10.771606548459477,10,27,60.0,5.0,0.2549019607843137,0.1684625831810239
3,0.0,B,470.0,0.6646803743153545,10.771606548459477,10,28,60.0,5.0,0.27450980392156865,0.17553721581099607
3,0.0,B,470.0,0.6646803743153545,10.771606548459477,10,29,60.0,5.0,0.39215686274509803,0.21540057603915186
3,0.0,B,470.0,0.6646803743153545,10.771606548459477,10,30,60.0,5.0,0.24313725490196078,0.1641324917521111
3,0.0,B,470.0,0.6646803743153545,10.771606548459477,10,31,60.0,5.0,0.27058823529411763,0.17413550547828363
3,0.0,B,470.0,0.6646803743153545,10.771606548459477,10,32,60.0,5.0,0.054901960784313725,0.0752836212383225
3,0.0,B,470.0,0.6646803743153545,10.771606548459477,10,33,60.0,5.0,0.0,0.0
3,0.0,B,470.0,0.6646803743153545,10.771606548459477,10,34,60.0,5.0,0.00392156862745098,0.01994638965273254
3,0.0,B,470.0,0.6646803743153545,10.771606548459477,10,35,60.0,5.0,0.0,0.0
3,0.0,B,470.0,0.6646803743153545,10.771606548459477,11,0,60.0,5.0,0.0,0.0
3,0.0,B,470.0,0.6646803743153545,10.771606548459477,11,1,60.0,5.0,0.0,0.0
3,0.0,B,470.0,0.6646803743153545,10.771606548459477,11,2,60.0,5.0,0.00392156862745098,0.01994638965273254
3,0.0,B,470.0,0.6646803743153545,10.771606548459477,11,3,60.0,5.0,0.00392156862745098,0.01994638965273254
3,0.0,B,470.0,0.6646803743153545,10.771606548459477,11,4,60.0,5.0,0.2,0.1475836176504333
3,0.0,B,470.0,0.6646803743153545,10.771606548459477,11,5,60.0,5.0,0.20392156862745098,0.14913829006235088
3,0.0,B,470.0,0.6646803743153545,10.771606548459477,11,6,60.0,5.0,0.11372549019607843,0.10949071206008622
3,0.0,B,470.0,0.6646803743153545,10.771606548459477,11,7,60.0,5.0,0.18823529411764706,0.1428490794319283
3,0.0,B,470.0,0.6646803743153545,10.771606548459477,11,8,60.0,5.0,0.16470588235294117,0.1330208851941153
3,0.0,B,470.0,0.6646803743153545,10.771606548459477,11,9,60.0,5.0,0.1450980392156863,0.12439176642144965
3,0.0,B,470.0,0.6646803743153545,10.771606548459477,11,10,60.0,5.0,0.10196078431372549,0.10345212448837855
3,0.0,B,470.0,0.6646803743153545,10.771606548459477,11,11,60.0,5.0,0.0,0.0
3,0.0,B,470.0,0.6646803743153545,10.771606548459477,11,12,60.0,5.0,0.49411764705882355,0.24812754570923665
3,0.0,B,470.0,0.6646803743153545,10.771606548459477,11,13,60.0,5.0,0.5686274509803921,0.27191397286132807
3,0.0,B,470.0,0.6646803743153545,10.771606548459477,11,14,60.0,5.0,0.4980392156862745,0.24937586136851997
3,0.0,B,470.0,0.6646803743153545,10.771606548459477,11,15,60.0,5.0,0.5450980392156862,0.2643746873214314
3,0.0,B,470.0,0.6646803743153545,10.771606548459477,11,16,60.0,5.0,0.5294117647058824,0.2593674630095386
3,0.0,B,470.0,0.6646803743153545,10.771606548459477,11,17,60.0,5.0,0.49019607843137253,0.24687911483972108
3,0.0,B,470.0,0.6646803743153545,10.771606548459477,11,18,60.0,5.0,0.4823529411764706,0.24438159985259414
3,0.0,B,470.0,0.6646803743153545,10.771606548459477,11,19,60.0,5.0,0.5803921568627451,0.2757011764274999
3,0.0,B,470.0,0.6646803743153545,10.771606548459477,11,20,60.0,5.0,0.5490196078431373,0.26562853040584894
3,0.0,B,470.0,0.6646803743153545,10.771606548459477,11,21,60.0,5.0,0.47843137254901963,0.24313236161726806
3,0.0,B,470.0,0.6646803743153545,10.771606548459477,11,22,60.0,5.0,0.20392156862745098,0.14913829006235088
3,0.0,B,470.0,0.6646803743153545,10.771606548459477,11,23,60.0,5.0,0.5803921568627451,0.2757011764274999
3,0.0,B,470.0,0.6646803743153545,10.771606548459477,11,24,60.0,5.0,0.4823529411764706,0.24438159985259414
3,0.0,B,470.0,0.6646803743153545,10.771606548459477,11,25,60.0,5.0,0.5411764705882353,0.26312173822002455
3,0.0,B,470.0,0.6646803743153545,10.771606548459477,11,26,60.0,5.0,0.6313725490196078,0.2923139141785014
3,0.0,B,470.0,0.6646803743153545,10.771606548459477,11,27,60.0,5.0,0.5372549019607843,0.26186960369612183
3,0.0,B,470.0,0.6646803743153545,10.771606548459477,11,28,60.0,5.0,0.5215686274509804,0.25686763838273197
3,0.0,B,470.0,0.6646803743153545,10.771606548459477,11,29,60.0,5.0,0.6470588235294118,0.29751287549067723
3,0.0,B,470.0,0.6646803743153545,10.771606548459477,11,30,60.0,5.0,0.44313725490196076,0.23186078127719867
3,0.0,B,470.0,0.6646803743153545,10.771606548459477,11,31,60.0,5.0,0.5019607843137255,0.2506241386314801
3,0.0,B,470.0,0.6646803743153545,10.771606548459477,11,32,60.0,5.0,0.2235294117647059,0.1567527086383188
3,0.0,B,470.0,0.6646803743153545,10.771606548459477,11,33,60.0,5.0,0.0,0.0
3,0.0,B,470.0,0.6646803743153545,10.771606548459477,11,34,60.0,5.0,0.00784313725490196,0.028226977679718004
3,0.0,B,470.0,0.6646803743153545,10.771606548459477,11,35,60.0,5.0,0.0,0.0
3,0.0,B,470.0,0.6646803743153545,10.771606548459477,12,0,60.0,5.0,0.0,0.0
3,0.0,B,470.0,0.6646803743153545,10.771606548459477,12,1,60.0,5.0,0.0,0.0
3,0.0,B,470.0,0.6646803743153545,10.771606548459477,12,2,60.0,5.0,0.0,0.0
3,0.0,B,470.0,0.6646803743153545,10.771606548459477,12,3,60.0,5.0,0.00392156862745098,0.01994638965273254
3,0.0,B,470.0,0.6646803743153545,10.771606548459477,12,4,60.0,5.0,0.0,0.0
3,0.0,B,470.0,0.6646803743153545,10.771606548459477,12,5,60.0,5.0,0.1411764705882353,0.12260956282279944
3,0.0,B,470.0,0.6646803743153545,10.771606548459477,12,6,60.0,5.0,0.3058823529411765,0.18654239242284085
3,0.0,B,470.0,0.6646803743153545,10.771606548459477,12,7,60.0,5.0,0.09019607843137255,0.09709567612708571
3,0.0,B,470.0,0.6646803743153545,10.771606548459477,12,8,60.0,5.0,0.09803921568627451,0.10137157388840211
3,0.0,B,470.0,0.6646803743153545,10.771606548459477,12,9,60.0,5.0,0.12549019607843137,0.11526243188745809
3,0.0,B,470.0,0.6646803743153545,10.771606548459477,12,10,60.0,5.0,0.011764705882352941,0.0345936127618576
3,0.0,B,470.0,0.6646803743153545,10.771606548459477,12,11,60.0,5.0,0.0196078431372549,0.04471926097515774
3,0.0,B,470.0,0.6646803743153545,10.771606548459477,12,12,60.0,5.0,0.26666666666666666,0.1727273908759613
3,0.0,B,470.0,0.6646803743153545,10.771606548459477,12,13,60.0,5.0,0.37254901960784315,0.2089784001485295
3,0.0,B,470.0,0.6646803743153545,10.771606548459477,12,14,60.0,5.0,0.4392156862745098,0.23060377451347597
3,0.0,B,470.0,0.6646803743153545,10.771606548459477,12,15,60.0,5.0,0.35294117647058826,0.2024871245093228
3,0.0,B,470.0,0.6646803743153545,10.771606548459477,12,16,60.0,5.0,0.3764705882352941,0.2102679541390965
3,0.0,B,470.0,0.6646803743153545,10.771606548459477,12,17,60.0,5.0,0.24313725490196078,0.1641324917521111
3,0.0,B,470.0,0.6646803743153545,10.771606548459477,12,18,60.0,5.0,0.25098039215686274,0.16702677744422859
3,0.0,B,470.0,0.6646803743153545,10.771606548459477,12,19,60.0,5.0,0.2823529411764706,0.17832219301287253
3,0.0,B,470.0,0.6646803743153545,10.771606548459477,12,20,60.0,5.0,0.24705882352941178,0.16558349319631221
3,0.0,B,470.0,0.6646803743153545,10.771606548459477,12,21,60.0,5.0,0.29411764705882354,0.18245628008006537
3,0.0,B,470.0,0.6646803743153545,10.771606548459477,12,22,60.0,5.0,0.10588235294117647,0.105497495924501
3,0.0,B,470.0,0.6646803743153545,10.771606548459477,12,23,60.0,5.0,0.16862745098039217,0.1346956468623352
3,0.0,B,470.0,0.6646803743153545,10.771606548459477,12,24,60.0,5.0,0.09411764705882353,0.09925358883323245
3,0.0,B,470.0,0.6646803743153545,10.771606548459477,12,25,60.0,5.0,0.25882352941176473,0.16989114055384089
3,0.0,B,470.0,0.6646803743153545,10.771606548459477,12,26,60.0,5.0,0.36470588235294116,0.20639090758999576
3,0.0,B,470.0,0.6646803743153545,10.771606548459477,12,27,60.0,5.0,0.26666666666666666,0.1727273908759613
3,0.0,B,470.0,0.6646803743153545,10.771606548459477,12,28,60.0,5.0,0.3058823529411765,0.18654239242284085
3,0.0,B,470.0,0.6646803743153545,10.771606548459477,12,29,60.0,5.0,0.25098039215686274,0.16702677744422859
3,0.0,B,470.0,0.6646803743153545,10.771606548459477,12,30,60.0,5.0,0.2627450980392157,0.17131267163863242
3,0.0,B,470.0,0.6646803743153545,10.771606548459477,12,31,60.0,5.0,0.3176470588235294,0.19058476853837517
3,0.0,B,470.0,0.6646803743153545,10.771606548459477,12,32,60.0,5.0,0.1607843137254902,0.13133003823498593
3,0.0,B,470.0,0.6646803743153545,10.771606548459477,12,33,60.0,5.0,0.0,0.0
3,0.0,B,470.0,0.6646803743153545,10.771606548459477,12,34,60.0,5.0,0.00784313725490196,0.028226977679718004
3,0.0,B,470.0,0.6646803743153545,10.771606548459477,12,35,60.0,5.0,0.0,0.0
3,0.0,B,470.0,0.6646803743153545,10.771606548459477,13,0,60.0,5.0,0.0,0.0
3,0.0,B,470.0,0.6646803743153545,10.771606548459477,13,1,60.0,5.0,0.0,0.0
3,0.0,B,470.0,0.6646803743153545,10.771606548459477,13,2,60.0,5.0,0.0,0.0
3,0.0,B,470.0,0.6646803743153545,10.771606548459477,13,3,60.0,5.0,0.00392156862745098,0.01994638965273254
3,0.0,B,470.0,0.6646803743153545,10.771606548459477,13,4,60.0,5.0,0.00392156862745098,0.01994638965273254
3,0.0,B,470.0,0.6646803743153545,10.771606548459477,13,5,60.0,5.0,0.050980392156862744,0.07249578895933438
3,0.0,B,470.0,0.6646803743153545,10.771606548459477,13,6,60.0,5.0,0.06666666666666667,0.08312898574059512
3,0.0,B,470.0,0.6646803743153545,10.771606548459477,13,7,60.0,5.0,0.00392156862745098,0.01994638965273254
3,0.0,B,470.0,0.6646803743153545,10.771606548459477,13,8,60.0,5.0,0.0392156862745098,0.06345418699423495
3,0.0,B,470.0,0.6646803743153545,10.771606548459477,13,9,60.0,5.0,0.03529411764705882,0.060157486757451334
3,0.0,B,470.0,0.6646803743153545,10.771606548459477,13,10,60.0,5.0,0.0,0.0
3,0.0,B,470.0,0.6646803743153545,10.771606548459477,13,11,60.0,5.0,0.0,0.0
3,0.0,B,470.0,0.6646803743153545,10.771606548459477,13,12,60.0,5.0,0.0,0.0
3,0.0,B,470.0,0.6646803743153545,10.771606548459477,13,13,60.0,5.0,0.0,0.0
3,0.0,B,470.0,0.6646803743153545,10.771606548459477,13,14,60.0,5.0,0.0392156862745098,0.06345418699423495
3,0.0,B,470.0,0.6646803743153545,10.771606548459477,13,15,60.0,5.0,0.027450980392156862,0.05298297410946823
3,0.0,B,470.0,0.6646803743153545,10.771606548459477,13,16,60.0,5.0,0.01568627450980392,0.03997164583041206
3,0.0,B,470.0,0.6646803743153545,10.771606548459477,13,17,60.0,5.0,0.0,0.0
3,0.0,B,470.0,0.6646803743153545,10.771606548459477,13,18,60.0,5.0,0.0,0.0
3,0.0,B,470.0,0.6646803743153545,10.771606548459477,13,19,60.0,5.0,0.0,0.0
3,0.0,B,470.0,0.6646803743153545,10.771606548459477,13,20,60.0,5.0,0.0,0.0
3,0.0,B,470.0,0.6646803743153545,10.771606548459477,13,21,60.0,5.0,0.0,0.0
3,0.0,B,470.0,0.6646803743153545,10.771606548459477,13,22,60.0,5.0,0.0,0.0
3,0.0,B,470.0,0.6646803743153545,10.771606548459477,13,23,60.0,5.0,0.0,0.0
3,0.0,B,470.0,0.6646803743153545,10.771606548459477,13,24,60.0,5.0,0.0,0.0
3,0.0,B,470.0,0.6646803743153545,10.771606548459477,13,25,60.0,5.0,0.0,0.0
3,0.0,B,470.0,0.6646803743153545,10.771606548459477,13,26,60.0,5.0,0.043137254901960784,0.06659618536329842
3,0.0,B,470.0,0.6646803743153545,10.771606548459477,13,27,60.0,5.0,0.0196078431372549,0.04471926097515774
3,0.0,B,470.0,0.6646803743153545,10.771606548459477,13,28,60.0,5.0,0.0,0.0
3,0.0,B,470.0,0.6646803743153545,10.771606548459477,13,29,60.0,5.0,0.0,0.0
3,0.0,B,470.0,0.6646803743153545,10.771606548459477,13,30,60.0,5.0,0.0,0.0
3,0.0,B,470.0,0.6646803743153545,10.771606548459477,13,31,60.0,5.0,0.0,0.0
3,0.0,B,470.0,0.6646803743153545,10.771606548459477,13,32,60.0,5.0,0.0,0.0
3,0.0,B,470.0,0.6646803743153545,10.771606548459477,13,33,60.0,5.0,0.0,0.0
3,0.0,B,470.0,0.6646803743153545,10.771606548459477,13,34,60.0,5.0,0.0,0.0
3,0.0,B,470.0,0.6646803743153545,10.771606548459477,13,35,60.0,5.0,0.0,0.0
3,0.0,B,470.0,0.6646803743153545,10.771606548459477,14,0,60.0,5.0,0.0,0.0
3,0.0,B,470.0,0.6646803743153545,10.771606548459477,14,1,60.0,5.0,0.0,0.0
3,0.0,B,470.0,0.6646803743153545,10.771606548459477,14,2,60.0,5.0,0.0,0.0
3,0.0,B,470.0,0.6646803743153545,10.771606548459477,14,3,60.0,5.0,0.0,0.0
3,0.0,B,470.0,0.6646803743153545,10.771606548459477,14,4,60.0,5.0,0.0,0.0
3,0.0,B,470.0,0.6646803743153545,10.771606548459477,14,5,60.0,5.0,0.0,0.0
3,0.0,B,470.0,0.6646803743153545,10.771606548459477,14,6,60.0,5.0,0.0,0.0
3,0.0,B,470.0,0.6646803743153545,10.771606548459477,14,7,60.0,5.0,0.0,0.0
3,0.0,B,470.0,0.6646803743153545,10.771606548459477,14,8,60.0,5.0,0.0,0.0
3,0.0,B,470.0,0.6646803743153545,10.771606548459477,14,9,60.0,5.0,0.0,0.0
3,0.0,B,470.0,0.6646803743153545,10.771606548459477,14,10,60.0,5.0,0.0,0.0
3,0.0,B,470.0,0.6646803743153545,10.771606548459477,14,11,60.0,5.0,0.0,0.0
3,0.0,B,470.0,0.6646803743153545,10.771606548459477,14,12,60.0,5.0,0.00784313725490196,0.028226977679718004
3,0.0,B,470.0,0.6646803743153545,10.771606548459477,14,13,60.0,5.0,0.00392156862745098,0.01994638965273254
3,0.0,B,470.0,0.6646803743153545,10.771606548459477,14,14,60.0,5.0,0.0,0.0
3,0.0,B,470.0,0.6646803743153545,10.771606548459477,14,15,60.0,5.0,0.0,0.0
3,0.0,B,470.0,0.6646803743153545,10.771606548459477,14,16,60.0,5.0,0.0,0.0
3,0.0,B,470.0,0.6646803743153545,10.771606548459477,14,17,60.0,5.0,0.00784313725490196,0.028226977679718004
3,0.0,B,470.0,0.6646803743153545,10.771606548459477,14,18,60.0,5.0,0.00784313725490196,0.028226977679718004
3,0.0,B,470.0,0.6646803743153545,10.771606548459477,14,19,60.0,5.0,0.00784313725490196,0.028226977679718004
3,0.0,B,470.0,0.6646803743153545,10.771606548459477,14,20,60.0,5.0,0.00784313725490196,0.028226977679718004
3,0.0,B,470.0,0.6646803743153545,10.771606548459477,14,21,60.0,5.0,0.00784313725490196,0.028226977679718004
3,0.0,B,470.0,0.6646803743153545,10.771606548459477,14,22,60.0,5.0,0.00392156862745098,0.01994638965273254
3,0.0,B,470.0,0.6646803743153545,10.771606548459477,14,23,60.0,5.0,0.00392156862745098,0.01994638965273254
3,0.0,B,470.0,0.6646803743153545,10.771606548459477,14,24,60.0,5.0,0.00392156862745098,0.01994638965273254
3,0.0,B,470.0,0.6646803743153545,10.771606548459477,14,25,60.0,5.0,0.00784313725490196,0.028226977679718004
3,0.0,B,470.0,0.6646803743153545,10.771606548459477,14,26,60.0,5.0,0.0,0.0
3,0.0,B,470.0,0.6646803743153545,10.771606548459477,14,27,60.0,5.0,0.0,0.0
3,0.0,B,470.0,0.6646803743153545,10.771606548459477,14,28,60.0,5.0,0.00784313725490196,0.028226977679718004
3,0.0,B,470.0,0.6646803743153545,10.771606548459477,14,29,60.0,5.0,0.00784313725490196,0.028226977679718004
3,0.0,B,470.0,0.6646803743153545,10.771606548459477,14,30,60.0,5.0,0.00784313725490196,0.028226977679718004
3,0.0,B,470.0,0.6646803743153545,10.771606548459477,14,31,60.0,5.0,0.00784313725490196,0.028226977679718004
3,0.0,B,470.0,0.6646803743153545,10.771606548459477,14,32,60.0,5.0,0.00392156862745098,0.01994638965273254
3,0.0,B,470.0,0.6646803743153545,10.771606548459477,14,33,60.0,5.0,0.0,0.0
3,0.0,B,470.0,0.6646803743153545,10.771606548459477,14,34,60.0,5.0,0.0,0.0
3,0.0,B,470.0,0.6646803743153545,10.771606548459477,14,35,60.0,5.0,0.0,0.0
3,0.0,B,470.0,0.6646803743153545,10.771606548459477,15,0,60.0,5.0,0.0,0.0
3,0.0,B,470.0,0.6646803743153545,10.771606548459477,15,1,60.0,5.0,0.0,0.0
3,0.0,B,470.0,0.6646803743153545,10.771606548459477,15,2,60.0,5.0,0.0,0.0
3,0.0,B,470.0,0.6646803743153545,10.771606548459477,15,3,60.0,5.0,0.0,0.0
3,0.0,B,470.0,0.6646803743153545,10.771606548459477,15,4,60.0,5.0,0.0,0.0
3,0.0,B,470.0,0.6646803743153545,10.771606548459477,15,5,60.0,5.0,0.0,0.0
3,0.0,B,470.0,0.6646803743153545,10.771606548459477,15,6,60.0,5.0,0.00392156862745098,0.01994638965273254
3,0.0,B,470.0,0.6646803743153545,10.771606548459477,15,7,60.0,5.0,0.0,0.0
3,0.0,B,470.0,0.6646803743153545,10.771606548459477,15,8,60.0,5.0,0.0,0.0
3,0.0,B,470.0,0.6646803743153545,10.771606548459477,15,9,60.0,5.0,0.0,0.0
3,0.0,B,470.0,0.6646803743153545,10.771606548459477,15,10,60.0,5.0,0.0,0.0
3,0.0,B,470.0,0.6646803743153545,10.771606548459477,15,11,60.0,5.0,0.0,0.0
3,0.0,B,470.0,0.6646803743153545,10.771606548459477,15,12,60.0,5.0,0.0,0.0
3,0.0,B,470.0,0.6646803743153545,10.771606548459477,15,13,60.0,5.0,0.0,0.0
3,0.0,B,470.0,0.6646803743153545,10.771606548459477,15,14,60.0,5.0,0.00392156862745098,0.01994638965273254
3,0.0,B,470.0,0.6646803743153545,10.771606548459477,15,15,60.0,5.0,0.00392156862745098,0.01994638965273254
3,0.0,B,470.0,0.6646803743153545,10.771606548459477,15,16,60.0,5.0,0.0,0.0
3,0.0,B,470.0,0.6646803743153545,10.771606548459477,15,17,60.0,5.0,0.0,0.0
3,0.0,B,470.0,0.6646803743153545,10.771606548459477,15,18,60.0,5.0,0.0,0.0
3,0.0,B,470.0,0.6646803743153545,10.771606548459477,15,19,60.0,5.0,0.0,0.0
3,0.0,B,470.0,0.6646803743153545,10.771606548459477,15,20,60.0,5.0,0.0,0.0
3,0.0,B,470.0,0.6646803743153545,10.771606548459477,15,21,60.0,5.0,0.0,0.0
3,0.0,B,470.0,0.6646803743153545,10.771606548459477,15,22,60.0,5.0,0.0,0.0
3,0.0,B,470.0,0.6646803743153545,10.771606548459477,15,23,60.0,5.0,0.0,0.0
3,0.0,B,470.0,0.6646803743153545,10.771606548459477,15,24,60.0,5.0,0.0,0.0
3,0.0,B,470.0,0.6646803743153545,10.771606548459477,15,25,60.0,5.0,0.0,0.0
3,0.0,B,470.0,0.6646803743153545,10.771606548459477,15,26,60.0,5.0,0.00392156862745098,0.01994638965273254
3,0.0,B,470.0,0.6646803743153545,10.771606548459477,15,27,60.0,5.0,0.0,0.0
3,0.0,B,470.0,0.6646803743153545,10.771606548459477,15,28,60.0,5.0,0.0,0.0
3,0.0,B,470.0,0.6646803743153545,10.771606548459477,15,29,60.0,5.0,0.0,0.0
3,0.0,B,470.0,0.6646803743153545,10.771606548459477,15,30,60.0,5.0,0.0,0.0
3,0.0,B,470.0,0.6646803743153545,10.771606548459477,15,31,60.0,5.0,0.0,0.0
3,0.0,B,470.0,0.6646803743153545,10.771606548459477,15,32,60.0,5.0,0.0,0.0
3,0.0,B,470.0,0.6646803743153545,10.771606548459477,15,33,60.0,5.0,0.0,0.0
3,0.0,B,470.0,0.6646803743153545,10.771606548459477,15,34,60.0,5.0,0.0,0.0
3,0.0,B,470.0,0.6646803743153545,10.771606548459477,15,35,60.0,5.0,0.0,0.0
3,0.0,B,470.0,0.6646803743153545,10.771606548459477,16,0,60.0,5.0,0.0,0.0
3,0.0,B,470.0,0.6646803743153545,10.771606548459477,16,1,60.0,5.0,0.0,0.0
3,0.0,B,470.0,0.6646803743153545,10.771606548459477,16,2,60.0,5.0,0.0,0.0
3,0.0,B,470.0,0.6646803743153545,10.771606548459477,16,3,60.0,5.0,0.0,0.0
3,0.0,B,470.0,0.6646803743153545,10.771606548459477,16,4,60.0,5.0,0.0,0.0
3,0.0,B,470.0,0.6646803743153545,10.771606548459477,16,5,60.0,5.0,0.0,0.0
3,0.0,B,470.0,0.6646803743153545,10.771606548459477,16,6,60.0,5.0,0.0,0.0
3,0.0,B,470.0,0.6646803743153545,10.771606548459477,16,7,60.0,5.0,0.0,0.0
3,0.0,B,470.0,0.6646803743153545,10.771606548459477,16,8,60.0,5.0,0.0,0.0
3,0.0,B,470.0,0.6646803743153545,10.771606548459477,16,9,60.0,5.0,0.0,0.0
3,0.0,B,470.0,0.6646803743153545,10.771606548459477,16,10,60.0,5.0,0.0,0.0
3,0.0,B,470.0,0.6646803743153545,10.771606548459477,16,11,60.0,5.0,0.0,0.0
3,0.0,B,470.0,0.6646803743153545,10.771606548459477,16,12,60.0,5.0,0.0,0.0
3,0.0,B,470.0,0.6646803743153545,10.771606548459477,16,13,60.0,5.0,0.0,0.0
3,0.0,B,470.0,0.6646803743153545,10.771606548459477,16,14,60.0,5.0,0.0,0.0
3,0.0,B,470.0,0.6646803743153545,10.771606548459477,16,15,60.0,5.0,0.0,0.0
3,0.0,B,470.0,0.6646803743153545,10.771606548459477,16,16,60.0,5.0,0.0,0.0
3,0.0,B,470.0,0.6646803743153545,10.771606548459477,16,17,60.0,5.0,0.0,0.0
3,0.0,B,470.0,0.6646803743153545,10.771606548459477,16,18,60.0,5.0,0.0,0.0
3,0.0,B,470.0,0.6646803743153545,10.771606548459477,16,19,60.0,5.0,0.0,0.0
3,0.0,B,470.0,0.6646803743153545,10.771606548459477,16,20,60.0,5.0,0.0,0.0
3,0.0,B,470.0,0.6646803743153545,10.771606548459477,16,21,60.0,5.0,0.0,0.0
3,0.0,B,470.0,0.6646803743153545,10.771606548459477,16,22,60.0,5.0,0.0,0.0
3,0.0,B,470.0,0.6646803743153545,10.771606548459477,16,23,60.0,5.0,0.0,0.0
3,0.0,B,470.0,0.6646803743153545,10.771606548459477,16,24,60.0,5.0,0.0,0.0
3,0.0,B,470.0,0.6646803743153545,10.771606548459477,16,25,60.0,5.0,0.0,0.0
3,0.0,B,470.0,0.6646803743153545,10.771606548459477,16,26,60.0,5.0,0.0,0.0
3,0.0,B,470.0,0.6646803743153545,10.771606548459477,16,27,60.0,5.0,0.0,0.0
3,0.0,B,470.0,0.6646803743153545,10.771606548459477,16,28,60.0,5.0,0.0,0.0
3,0.0,B,470.0,0.6646803743153545,10.771606548459477,16,29,60.0,5.0,0.0,0.0
3,0.0,B,470.0,0.6646803743153545,10.771606548459477,16,30,60.0,5.0,0.0,0.0
3,0.0,B,470.0,0.6646803743153545,10.771606548459477,16,31,60.0,5.0,0.0,0.0
3,0.0,B,470.0,0.6646803743153545,10.771606548459477,16,32,60.0,5.0,0.0,0.0
3,0.0,B,470.0,0.6646803743153545,10.771606548459477,16,33,60.0,5.0,0.0,0.0
3,0.0,B,470.0,0.6646803743153545,10.771606548459477,16,34,60.0,5.0,0.0,0.0
3,0.0,B,470.0,0.6646803743153545,10.771606548459477,16,35,60.0,5.0,0.0,0.0
3,0.0,B,470.0,0.6646803743153545,10.771606548459477,17,0,60.0,5.0,0.0,0.0
3,0.0,B,470.0,0.6646803743153545,10.771606548459477,17,1,60.0,5.0,0.0,0.0
3,0.0,B,470.0,0.6646803743153545,10.771606548459477,17,2,60.0,5.0,0.0,0.0
3,0.0,B,470.0,0.6646803743153545,10.771606548459477,17,3,60.0,5.0,0.0,0.0
3,0.0,B,470.0,0.6646803743153545,10.771606548459477,17,4,60.0,5.0,0.0,0.0
3,0.0,B,470.0,0.6646803743153545,10.771606548459477,17,5,60.0,5.0,0.0,0.0
3,0.0,B,470.0,0.6646803743153545,10.771606548459477,17,6,60.0,5.0,0.0,0.0
3,0.0,B,470.0,0.6646803743153545,10.771606548459477,17,7,60.0,5.0,0.0,0.0
3,0.0,B,470.0,0.6646803743153545,10.771606548459477,17,8,60.0,5.0,0.0,0.0
3,0.0,B,470.0,0.6646803743153545,10.771606548459477,17,9,60.0,5.0,0.0,0.0
3,0.0,B,470.0,0.6646803743153545,10.771606548459477,17,10,60.0,5.0,0.0,0.0
3,0.0,B,470.0,0.6646803743153545,10.771606548459477,17,11,60.0,5.0,0.0,0.0
3,0.0,B,470.0,0.6646803743153545,10.771606548459477,17,12,60.0,5.0,0.0,0.0
3,0.0,B,470.0,0.6646803743153545,10.771606548459477,17,13,60.0,5.0,0.0,0.0
3,0.0,B,470.0,0.6646803743153545,10.771606548459477,17,14,60.0,5.0,0.0,0.0
3,0.0,B,470.0,0.6646803743153545,10.771606548459477,17,15,60.0,5.0,0.0,0.0
3,0.0,B,470.0,0.6646803743153545,10.771606548459477,17,16,60.0,5.0,0.0,0.0
3,0.0,B,470.0,0.6646803743153545,10.771606548459477,17,17,60.0,5.0,0.0,0.0
3,0.0,B,470.0,0.6646803743153545,10.771606548459477,17,18,60.0,5.0,0.0,0.0
3,0.0,B,470.0,0.6646803743153545,10.771606548459477,17,19,60.0,5.0,0.0,0.0
3,0.0,B,470.0,0.6646803743153545,10.771606548459477,17,20,60.0,5.0,0.0,0.0
3,0.0,B,470.0,0.6646803743153545,10.771606548459477,17,21,60.0,5.0,0.0,0.0
3,0.0,B,470.0,0.6646803743153545,10.771606548459477,17,22,60.0,5.0,0.0,0.0
3,0.0,B,470.0,0.6646803743153545,10.771606548459477,17,23,60.0,5.0,0.0,0.0
3,0.0,B,470.0,0.6646803743153545,10.771606548459477,17,24,60.0,5.0,0.0,0.0
3,0.0,B,470.0,0.6646803743153545,10.771606548459477,17,25,60.0,5.0,0.0,0.0
3,0.0,B,470.0,0.6646803743153545,10.771606548459477,17,26,60.0,5.0,0.0,0.0
3,0.0,B,470.0,0.6646803743153545,10.771606548459477,17,27,60.0,5.0,0.0,0.0
3,0.0,B,470.0,0.6646803743153545,10.771606548459477,17,28,60.0,5.0,0.0,0.0
3,0.0,B,470.0,0.6646803743153545,10.771606548459477,17,29,60.0,5.0,0.0,0.0
3,0.0,B,470.0,0.6646803743153545,10.771606548459477,17,30,60.0,5.0,0.0,0.0
3,0.0,B,470.0,0.6646803743153545,10.771606548459477,17,31,60.0,5.0,0.0,0.0
3,0.0,B,470.0,0.6646803743153545,10.771606548459477,17,32,60.0,5.0,0.0,0.0
3,0.0,B,470.0,0.6646803743153545,10.771606548459477,17,33,60.0,5.0,0.0,0.0
3,0.0,B,470.0,0.6646803743153545,10.771606548459477,17,34,60.0,5.0,0.0,0.0
3,0.0,B,470.0,0.6646803743153545,10.771606548459477,17,35,60.0,5.0,0.0,0.0
3,0.0,B,470.0,0.6646803743153545,10.771606548459477,18,0,60.0,5.0,0.0,0.0
3,0.0,B,470.0,0.6646803743153545,10.771606548459477,18,1,60.0,5.0,0.0,0.0
3,0.0,B,470.0,0.6646803743153545,10.771606548459477,18,2,60.0,5.0,0.0,0.0
3,0.0,B,470.0,0.6646803743153545,10.771606548459477,18,3,60.0,5.0,0.0,0.0
3,0.0,B,470.0,0.6646803743153545,10.771606548459477,18,4,60.0,5.0,0.0,0.0
3,0.0,B,470.0,0.6646803743153545,10.771606548459477,18,5,60.0,5.0,0.0,0.0
3,0.0,B,470.0,0.6646803743153545,10.771606548459477,18,6,60.0,5.0,0.0,0.0
3,0.0,B,470.0,0.6646803743153545,10.771606548459477,18,7,60.0,5.0,0.0,0.0
3,0.0,B,470.0,0.6646803743153545,10.771606548459477,18,8,60.0,5.0,0.0,0.0
3,0.0,B,470.0,0.6646803743153545,10.771606548459477,18,9,60.0,5.0,0.0,0.0
3,0.0,B,470.0,0.6646803743153545,10.771606548459477,18,10,60.0,5.0,0.0,0.0
3,0.0,B,470.0,0.6646803743153545,10.771606548459477,18,11,60.0,5.0,0.0,0.0
3,0.0,B,470.0,0.6646803743153545,10.771606548459477,18,12,60.0,5.0,0.0,0.0
3,0.0,B,470.0,0.6646803743153545,10.771606548459477,18,13,60.0,5.0,0.0,0.0
3,0.0,B,470.0,0.6646803743153545,10.771606548459477,18,14,60.0,5.0,0.0,0.0
3,0.0,B,470.0,0.6646803743153545,10.771606548459477,18,15,60.0,5.0,0.0,0.0
3,0.0,B,470.0,0.6646803743153545,10.771606548459477,18,16,60.0,5.0,0.0,0.0
3,0.0,B,470.0,0.6646803743153545,10.771606548459477,18,17,60.0,5.0,0.0,0.0
3,0.0,B,470.0,0.6646803743153545,10.771606548459477,18,18,60.0,5.0,0.0,0.0
3,0.0,B,470.0,0.6646803743153545,10.771606548459477,18,19,60.0,5.0,0.0,0.0
3,0.0,B,470.0,0.6646803743153545,10.771606548459477,18,20,60.0,5.0,0.0,0.0
3,0.0,B,470.0,0.6646803743153545,10.771606548459477,18,21,60.0,5.0,0.0,0.0
3,0.0,B,470.0,0.6646803743153545,10.771606548459477,18,22,60.0,5.0,0.0,0.0
3,0.0,B,470.0,0.6646803743153545,10.771606548459477,18,23,60.0,5.0,0.0,0.0
3,0.0,B,470.0,0.6646803743153545,10.771606548459477,18,24,60.0,5.0,0.0,0.0
3,0.0,B,470.0,0.6646803743153545,10.771606548459477,18,25,60.0,5.0,0.0,0.0
3,0.0,B,470.0,0.6646803743153545,10.771606548459477,18,26,60.0,5.0,0.0,0.0
3,0.0,B,470.0,0.6646803743153545,10.771606548459477,18,27,60.0,5.0,0.0,0.0
3,0.0,B,470.0,0.6646803743153545,10.771606548459477,18,28,60.0,5.0,0.0,0.0
3,0.0,B,470.0,0.6646803743153545,10.771606548459477,18,29,60.0,5.0,0.0,0.0
3,0.0,B,470.0,0.6646803743153545,10.771606548459477,18,30,60.0,5.0,0.0,0.0
3,0.0,B,470.0,0.6646803743153545,10.771606548459477,18,31,60.0,5.0,0.0,0.0
3,0.0,B,470.0,0.6646803743153545,10.771606548459477,18,32,60.0,5.0,0.0,0.0
3,0.0,B,470.0,0.6646803743153545,10.771606548459477,18,33,60.0,5.0,0.0,0.0
3,0.0,B,470.0,0.6646803743153545,10.771606548459477,18,34,60.0,5.0,0.0,0.0
3,0.0,B,470.0,0.6646803743153545,10.771606548459477,18,35,60.0,5.0,0.0,0.0
3,0.0,B,470.0,0.6646803743153545,10.771606548459477,19,0,60.0,5.0,0.0,0.0
3,0.0,B,470.0,0.6646803743153545,10.771606548459477,19,1,60.0,5.0,0.0,0.0
3,0.0,B,470.0,0.6646803743153545,10.771606548459477,19,2,60.0,5.0,0.0,0.0
3,0.0,B,470.0,0.6646803743153545,10.771606548459477,19,3,60.0,5.0,0.0,0.0
3,0.0,B,470.0,0.6646803743153545,10.771606548459477,19,4,60.0,5.0,0.0,0.0
3,0.0,B,470.0,0.6646803743153545,10.771606548459477,19,5,60.0,5.0,0.0,0.0
3,0.0,B,470.0,0.6646803743153545,10.771606548459477,19,6,60.0,5.0,0.0,0.0
3,0.0,B,470.0,0.6646803743153545,10.771606548459477,19,7,60.0,5.0,0.0,0.0
3,0.0,B,470.0,0.6646803743153545,10.771606548459477,19,8,60.0,5.0,0.0,0.0
3,0.0,B,470.0,0.6646803743153545,10.771606548459477,19,9,60.0,5.0,0.0,0.0
3,0.0,B,470.0,0.6646803743153545,10.771606548459477,19,10,60.0,5.0,0.0,0.0
3,0.0,B,470.0,0.6646803743153545,10.771606548459477,19,11,60.0,5.0,0.0,0.0
3,0.0,B,470.0,0.6646803743153545,10.771606548459477,19,12,60.0,5.0,0.0,0.0
3,0.0,B,470.0,0.6646803743153545,10.771606548459477,19,13,60.0,5.0,0.0,0.0
3,0.0,B,470.0,0.6646803743153545,10.771606548459477,19,14,60.0,5.0,0.0,0.0
3,0.0,B,470.0,0.6646803743153545,10.771606548459477,19,15,60.0,5.0,0.0,0.0
3,0.0,B,470.0,0.6646803743153545,10.771606548459477,19,16,60.0,5.0,0.0,0.0
3,0.0,B,470.0,0.6646803743153545,10.771606548459477,19,17,60.0,5.0,0.0,0.0
3,0.0,B,470.0,0.6646803743153545,10.771606548459477,19,18,60.0,5.0,0.0,0.0
3,0.0,B,470.0,0.6646803743153545,10.771606548459477,19,19,60.0,5.0,0.0,0.0
3,0.0,B,470.0,0.6646803743153545,10.771606548459477,19,20,60.0,5.0,0.0,0.0
3,0.0,B,470.0,0.6646803743153545,10.771606548459477,19,21,60.0,5.0,0.0,0.0
3,0.0,B,470.0,0.6646803743153545,10.771606548459477,19,22,60.0,5.0,0.0,0.0
3,0.0,B,470.0,0.6646803743153545,10.771606548459477,19,23,60.0,5.0,0.0,0.0
3,0.0,B,470.0,0.6646803743153545,10.771606548459477,19,24,60.0,5.0,0.0,0.0
3,0.0,B,470.0,0.6646803743153545,10.771606548459477,19,25,60.0,5.0,0.0,0.0
3,0.0,B,470.0,0.6646803743153545,10.771606548459477,19,26,60.0,5.0,0.0,0.0
3,0.0,B,470.0,0.6646803743153545,10.771606548459477,19,27,60.0,5.0,0.0,0.0
3,0.0,B,470.0,0.6646803743153545,10.771606548459477,19,28,60.0,5.0,0.0,0.0
3,0.0,B,470.0,0.6646803743153545,10.771606548459477,19,29,60.0,5.0,0.0,0.0
3,0.0,B,470.0,0.6646803743153545,10.771606548459477,19,30,60.0,5.0,0.0,0.0
3,0.0,B,470.0,0.6646803743153545,10.771606548459477,19,31,60.0,5.0,0.0,0.0
3,0.0,B,470.0,0.6646803743153545,10.771606548459477,19,32,60.0,5.0,0.0,0.0
3,0.0,B,470.0,0.6646803743153545,10.771606548459477,19,33,60.0,5.0,0.0,0.0
3,0.0,B,470.0,0.6646803743153545,10.771606548459477,19,34,60.0,5.0,0.0,0.0
3,0.0,B,470.0,0.6646803743153545,10.771606548459477,19,35,60.0,5.0,0.0,0.0
4,5.0,R,620.0,0.7805983302963428,14.209353319244416,0,0,60.0,5.0,0.0,0.0
4,5.0,R,620.0,0.7805983302963428,14.209353319244416,0,1,60.0,5.0,0.0,0.0
4,5.0,R,620.0,0.7805983302963428,14.209353319244416,0,2,60.0,5.0,0.0,0.0
4,5.0,R,620.0,0.7805983302963428,14.209353319244416,0,3,60.0,5.0,0.0,0.0
4,5.0,R,620.0,0.7805983302963428,14.209353319244416,0,4,60.0,5.0,0.0,0.0
4,5.0,R,620.0,0.7805983302963428,14.209353319244416,0,5,60.0,5.0,0.0,0.0
4,5.0,R,620.0,0.7805983302963428,14.209353319244416,0,6,60.0,5.0,0.0,0.0
4,5.0,R,620.0,0.7805983302963428,14.209353319244416,0,7,60.0,5.0,0.0,0.0
4,5.0,R,620.0,0.7805983302963428,14.209353319244416,0,8,60.0,5.0,0.0,0.0
4,5.0,R,620.0,0.7805983302963428,14.209353319244416,0,9,60.0,5.0,0.0,0.0
4,5.0,R,620.0,0.7805983302963428,14.209353319244416,0,10,60.0,5.0,0.0,0.0
4,5.0,R,620.0,0.7805983302963428,14.209353319244416,0,11,60.0,5.0,0.0,0.0
4,5.0,R,620.0,0.7805983302963428,14.209353319244416,0,12,60.0,5.0,0.0,0.0
4,5.0,R,620.0,0.7805983302963428,14.209353319244416,0,13,60.0,5.0,0.0,0.0
4,5.0,R,620.0,0.7805983302963428,14.209353319244416,0,14,60.0,5.0,0.0,0.0
4,5.0,R,620.0,0.7805983302963428,14.209353319244416,0,15,60.0,5.0,0.0,0.0
4,5.0,R,620.0,0.7805983302963428,14.209353319244416,0,16,60.0,5.0,0.0,0.0
4,5.0,R,620.0,0.7805983302963428,14.209353319244416,0,17,60.0,5.0,0.0,0.0
4,5.0,R,620.0,0.7805983302963428,14.209353319244416,0,18,60.0,5.0,0.0,0.0
4,5.0,R,620.0,0.7805983302963428,14.209353319244416,0,19,60.0,5.0,0.0,0.0
4,5.0,R,620.0,0.7805983302963428,14.209353319244416,0,20,60.0,5.0,0.0,0.0
4,5.0,R,620.0,0.7805983302963428,14.209353319244416,0,21,60.0,5.0,0.0,0.0
4,5.0,R,620.0,0.7805983302963428,14.209353319244416,0,22,60.0,5.0,0.0,0.0
4,5.0,R,620.0,0.7805983302963428,14.209353319244416,0,23,60.0,5.0,0.0,0.0
4,5.0,R,620.0,0.7805983302963428,14.209353319244416,0,24,60.0,5.0,0.0,0.0
4,5.0,R,620.0,0.7805983302963428,14.209353319244416,0,25,60.0,5.0,0.0,0.0
4,5.0,R,620.0,0.7805983302963428,14.209353319244416,0,26,60.0,5.0,0.0,0.0
4,5.0,R,620.0,0.7805983302963428,14.209353319244416,0,27,60.0,5.0,0.0,0.0
4,5.0,R,620.0,0.7805983302963428,14.209353319244416,0,28,60.0,5.0,0.0,0.0
4,5.0,R,620.0,0.7805983302963428,14.209353319244416,0,29,60.0,5.0,0.0,0.0
4,5.0,R,620.0,0.7805983302963428,14.209353319244416,0,30,60.0,5.0,0.0,0.0
4,5.0,R,620.0,0.7805983302963428,14.209353319244416,0,31,60.0,5.0,0.0,0.0
4,5.0,R,620.0,0.7805983302963428,14.209353319244416,0,32,60.0,5.0,0.0,0.0
4,5.0,R,620.0,0.7805983302963428,14.209353319244416,0,33,60.0,5.0,0.0,0.0
4,5.0,R,620.0,0.7805983302963428,14.209353319244416,0,34,60.0,5.0,0.0,0.0
4,5.0,R,620.0,0.7805983302963428,14.209353319244416,0,35,60.0,5.0,0.0,0.0
4,5.0,R,620.0,0.7805983302963428,14.209353319244416,1,0,60.0,5.0,0.0,0.0
4,5.0,R,620.0,0.7805983302963428,14.209353319244416,1,1,60.0,5.0,0.0,0.0
4,5.0,R,620.0,0.7805983302963428,14.209353319244416,1,2,60.0,5.0,0.0,0.0
4,5.0,R,620.0,0.7805983302963428,14.209353319244416,1,3,60.0,5.0,0.0,0.0
4,5.0,R,620.0,0.7805983302963428,14.209353319244416,1,4,60.0,5.0,0.0,0.0
4,5.0,R,620.0,0.7805983302963428,14.209353319244416,1,5,60.0,5.0,0.0,0.0
4,5.0,R,620.0,0.7805983302963428,14.209353319244416,1,6,60.0,5.0,0.0,0.0
4,5.0,R,620.0,0.7805983302963428,14.209353319244416,1,7,60.0,5.0,0.0,0.0
4,5.0,R,620.0,0.7805983302963428,14.209353319244416,1,8,60.0,5.0,0.0,0.0
4,5.0,R,620.0,0.7805983302963428,14.209353319244416,1,9,60.0,5.0,0.0,0.0
4,5.0,R,620.0,0.7805983302963428,14.209353319244416,1,10,60.0,5.0,0.0,0.0
4,5.0,R,620.0,0.7805983302963428,14.209353319244416,1,11,60.0,5.0,0.0,0.0
4,5.0,R,620.0,0.7805983302963428,14.209353319244416,1,12,60.0,5.0,0.0,0.0
4,5.0,R,620.0,0.7805983302963428,14.209353319244416,1,13,60.0,5.0,0.0,0.0
4,5.0,R,620.0,0.7805983302963428,14.209353319244416,1,14,60.0,5.0,0.0,0.0
4,5.0,R,620.0,0.7805983302963428,14.209353319244416,1,15,60.0,5.0,0.0,0.0
4,5.0,R,620.0,0.7805983302963428,14.209353319244416,1,16,60.0,5.0,0.0,0.0
4,5.0,R,620.0,0.7805983302963428,14.209353319244416,1,17,60.0,5.0,0.0,0.0
4,5.0,R,620.0,0.7805983302963428,14.209353319244416,1,18,60.0,5.0,0.0,0.0
4,5.0,R,620.0,0.7805983302963428,14.209353319244416,1,19,60.0,5.0,0.0,0.0
4,5.0,R,620.0,0.7805983302963428,14.209353319244416,1,20,60.0,5.0,0.0,0.0
4,5.0,R,620.0,0.7805983302963428,14.209353319244416,1,21,60.0,5.0,0.0,0.0
4,5.0,R,620.0,0.7805983302963428,14.209353319244416,1,22,60.0,5.0,0.0,0.0
4,5.0,R,620.0,0.7805983302963428,14.209353319244416,1,23,60.0,5.0,0.0,0.0
4,5.0,R,620.0,0.7805983302963428,14.209353319244416,1,24,60.0,5.0,0.0,0.0
4,5.0,R,620.0,0.7805983302963428,14.209353319244416,1,25,60.0,5.0,0.0,0.0
4,5.0,R,620.0,0.7805983302963428,14.209353319244416,1,26,60.0,5.0,0.0,0.0
4,5.0,R,620.0,0.7805983302963428,14.209353319244416,1,27,60.0,5.0,0.0,0.0
4,5.0,R,620.0,0.7805983302963428,14.209353319244416,1,28,60.0,5.0,0.0,0.0
4,5.0,R,620.0,0.7805983302963428,14.209353319244416,1,29,60.0,5.0,0.0,0.0
4,5.0,R,620.0,0.7805983302963428,14.209353319244416,1,30,60.0,5.0,0.0,0.0
4,5.0,R,620.0,0.7805983302963428,14.209353319244416,1,31,60.0,5.0,0.0,0.0
4,5.0,R,620.0,0.7805983302963428,14.209353319244416,1,32,60.0,5.0,0.0,0.0
4,5.0,R,620.0,0.7805983302963428,14.209353319244416,1,33,60.0,5.0,0.0,0.0
4,5.0,R,620.0,0.7805983302963428,14.209353319244416,1,34,60.0,5.0,0.0,0.0
4,5.0,R,620.0,0.7805983302963428,14.209353319244416,1,35,60.0,5.0,0.0,0.0
4,5.0,R,620.0,0.7805983302963428,14.209353319244416,2,0,60.0,5.0,0.0,0.0
4,5.0,R,620.0,0.7805983302963428,14.209353319244416,2,1,60.0,5.0,0.0,0.0
4,5.0,R,620.0,0.7805983302963428,14.209353319244416,2,2,60.0,5.0,0.0,0.0
4,5.0,R,620.0,0.7805983302963428,14.209353319244416,2,3,60.0,5.0,0.0,0.0
4,5.0,R,620.0,0.7805983302963428,14.209353319244416,2,4,60.0,5.0,0.0,0.0
4,5.0,R,620.0,0.7805983302963428,14.209353319244416,2,5,60.0,5.0,0.0,0.0
4,5.0,R,620.0,0.7805983302963428,14.209353319244416,2,6,60.0,5.0,0.0,0.0
4,5.0,R,620.0,0.7805983302963428,14.209353319244416,2,7,60.0,5.0,0.0,0.0
4,5.0,R,620.0,0.7805983302963428,14.209353319244416,2,8,60.0,5.0,0.0,0.0
4,5.0,R,620.0,0.7805983302963428,14.209353319244416,2,9,60.0,5.0,0.0,0.0
4,5.0,R,620.0,0.7805983302963428,14.209353319244416,2,10,60.0,5.0,0.0,0.0
4,5.0,R,620.0,0.7805983302963428,14.209353319244416,2,11,60.0,5.0,0.0,0.0
4,5.0,R,620.0,0.7805983302963428,14.209353319244416,2,12,60.0,5.0,0.0,0.0
4,5.0,R,620.0,0.7805983302963428,14.209353319244416,2,13,60.0,5.0,0.0,0.0
4,5.0,R,620.0,0.7805983302963428,14.209353319244416,2,14,60.0,5.0,0.0,0.0
4,5.0,R,620.0,0.7805983302963428,14.209353319244416,2,15,60.0,5.0,0.0,0.0
4,5.0,R,620.0,0.7805983302963428,14.209353319244416,2,16,60.0,5.0,0.0,0.0
4,5.0,R,620.0,0.7805983302963428,14.209353319244416,2,17,60.0,5.0,0.0,0.0
4,5.0,R,620.0,0.7805983302963428,14.209353319244416,2,18,60.0,5.0,0.0,0.0
4,5.0,R,620.0,0.7805983302963428,14.209353319244416,2,19,60.0,5.0,0.0,0.0
4,5.0,R,620.0,0.7805983302963428,14.209353319244416,2,20,60.0,5.0,0.0,0.0
4,5.0,R,620.0,0.7805983302963428,14.209353319244416,2,21,60.0,5.0,0.0,0.0
4,5.0,R,620.0,0.7805983302963428,14.209353319244416,2,22,60.0,5.0,0.0,0.0
4,5.0,R,620.0,0.7805983302963428,14.209353319244416,2,23,60.0,5.0,0.0,0.0
4,5.0,R,620.0,0.7805983302963428,14.209353319244416,2,24,60.0,5.0,0.0,0.0
4,5.0,R,620.0,0.7805983302963428,14.209353319244416,2,25,60.0,5.0,0.0,0.0
4,5.0,R,620.0,0.7805983302963428,14.209353319244416,2,26,60.0,5.0,0.0,0.0
4,5.0,R,620.0,0.7805983302963428,14.209353319244416,2,27,60.0,5.0,0.0,0.0
4,5.0,R,620.0,0.7805983302963428,14.209353319244416,2,28,60.0,5.0,0.0,0.0
4,5.0,R,620.0,0.7805983302963428,14.209353319244416,2,29,60.0,5.0,0.0,0.0
4,5.0,R,620.0,0.7805983302963428,14.209353319244416,2,30,60.0,5.0,0.0,0.0
4,5.0,R,620.0,0.7805983302963428,14.209353319244416,2,31,60.0,5.0,0.0,0.0
4,5.0,R,620.0,0.7805983302963428,14.209353319244416,2,32,60.0,5.0,0.0,0.0
4,5.0,R,620.0,0.7805983302963428,14.209353319244416,2,33,60.0,5.0,0.0,0.0
4,5.0,R,620.0,0.7805983302963428,14.209353319244416,2,34,60.0,5.0,0.0,0.0
4,5.0,R,620.0,0.7805983302963428,14.209353319244416,2,35,60.0,5.0,0.0,0.0
4,5.0,R,620.0,0.7805983302963428,14.209353319244416,3,0,60.0,5.0,0.0,0.0
4,5.0,R,620.0,0.7805983302963428,14.209353319244416,3,1,60.0,5.0,0.0,0.0
4,5.0,R,620.0,0.7805983302963428,14.209353319244416,3,2,60.0,5.0,0.0,0.0
4,5.0,R,620.0,0.7805983302963428,14.209353319244416,3,3,60.0,5.0,0.0,0.0
4,5.0,R,620.0,0.7805983302963428,14.209353319244416,3,4,60.0,5.0,0.0,0.0
4,5.0,R,620.0,0.7805983302963428,14.209353319244416,3,5,60.0,5.0,0.0,0.0
4,5.0,R,620.0,0.7805983302963428,14.209353319244416,3,6,60.0,5.0,0.0,0.0
4,5.0,R,620.0,0.7805983302963428,14.209353319244416,3,7,60.0,5.0,0.0,0.0
4,5.0,R,620.0,0.7805983302963428,14.209353319244416,3,8,60.0,5.0,0.0,0.0
4,5.0,R,620.0,0.7805983302963428,14.209353319244416,3,9,60.0,5.0,0.0,0.0
4,5.0,R,620.0,0.7805983302963428,14.209353319244416,3,10,60.0,5.0,0.0,0.0
4,5.0,R,620.0,0.7805983302963428,14.209353319244416,3,11,60.0,5.0,0.0,0.0
4,5.0,R,620.0,0.7805983302963428,14.209353319244416,3,12,60.0,5.0,0.0,0.0
4,5.0,R,620.0,0.7805983302963428,14.209353319244416,3,13,60.0,5.0,0.0,0.0
4,5.0,R,620.0,0.7805983302963428,14.209353319244416,3,14,60.0,5.0,0.0,0.0
4,5.0,R,620.0,0.7805983302963428,14.209353319244416,3,15,60.0,5.0,0.0,0.0
4,5.0,R,620.0,0.7805983302963428,14.209353319244416,3,16,60.0,5.0,0.0,0.0
4,5.0,R,620.0,0.7805983302963428,14.209353319244416,3,17,60.0,5.0,0.0,0.0
4,5.0,R,620.0,0.7805983302963428,14.209353319244416,3,18,60.0,5.0,0.0,0.0
4,5.0,R,620.0,0.7805983302963428,14.209353319244416,3,19,60.0,5.0,0.0,0.0
4,5.0,R,620.0,0.7805983302963428,14.209353319244416,3,20,60.0,5.0,0.0,0.0
4,5.0,R,620.0,0.7805983302963428,14.209353319244416,3,21,60.0,5.0,0.0,0.0
4,5.0,R,620.0,0.7805983302963428,14.209353319244416,3,22,60.0,5.0,0.0,0.0
4,5.0,R,620.0,0.7805983302963428,14.209353319244416,3,23,60.0,5.0,0.0,0.0
4,5.0,R,620.0,0.7805983302963428,14.209353319244416,3,24,60.0,5.0,0.0,0.0
4,5.0,R,620.0,0.7805983302963428,14.209353319244416,3,25,60.0,5.0,0.0,0.0
4,5.0,R,620.0,0.7805983302963428,14.209353319244416,3,26,60.0,5.0,0.0,0.0
4,5.0,R,620.0,0.7805983302963428,14.209353319244416,3,27,60.0,5.0,0.0,0.0
4,5.0,R,620.0,0.7805983302963428,14.209353319244416,3,28,60.0,5.0,0.0,0.0
4,5.0,R,620.0,0.7805983302963428,14.209353319244416,3,29,60.0,5.0,0.0,0.0
4,5.0,R,620.0,0.7805983302963428,14.209353319244416,3,30,60.0,5.0,0.0,0.0
4,5.0,R,620.0,0.7805983302963428,14.209353319244416,3,31,60.0,5.0,0.0,0.0
4,5.0,R,620.0,0.7805983302963428,14.209353319244416,3,32,60.0,5.0,0.0,0.0
4,5.0,R,620.0,0.7805983302963428,14.209353319244416,3,33,60.0,5.0,0.0,0.0
4,5.0,R,620.0,0.7805983302963428,14.209353319244416,3,34,60.0,5.0,0.0,0.0
4,5.0,R,620.0,0.7805983302963428,14.209353319244416,3,35,60.0,5.0,0.0,0.0
4,5.0,R,620.0,0.7805983302963428,14.209353319244416,4,0,60.0,5.0,0.0,0.0
4,5.0,R,620.0,0.7805983302963428,14.209353319244416,4,1,60.0,5.0,0.0,0.0
4,5.0,R,620.0,0.7805983302963428,14.209353319244416,4,2,60.0,5.0,0.0,0.0
4,5.0,R,620.0,0.7805983302963428,14.209353319244416,4,3,60.0,5.0,0.0,0.0
4,5.0,R,620.0,0.7805983302963428,14.209353319244416,4,4,60.0,5.0,0.0,0.0
4,5.0,R,620.0,0.7805983302963428,14.209353319244416,4,5,60.0,5.0,0.00392156862745098,0.01994638965273254
4,5.0,R,620.0,0.7805983302963428,14.209353319244416,4,6,60.0,5.0,0.00784313725490196,0.028226977679718004
4,5.0,R,620.0,0.7805983302963428,14.209353319244416,4,7,60.0,5.0,0.00784313725490196,0.028226977679718004
4,5.0,R,620.0,0.7805983302963428,14.209353319244416,4,8,60.0,5.0,0.0,0.0
4,5.0,R,620.0,0.7805983302963428,14.209353319244416,4,9,60.0,5.0,0.0,0.0
4,5.0,R,620.0,0.7805983302963428,14.209353319244416,4,10,60.0,5.0,0.0,0.0
4,5.0,R,620.0,0.7805983302963428,14.209353319244416,4,11,60.0,5.0,0.0,0.0
4,5.0,R,620.0,0.7805983302963428,14.209353319244416,4,12,60.0,5.0,0.00784313725490196,0.028226977679718004
4,5.0,R,620.0,0.7805983302963428,14.209353319244416,4,13,60.0,5.0,0.00392156862745098,0.01994638965273254
4,5.0,R,620.0,0.7805983302963428,14.209353319244416,4,14,60.0,5.0,0.00392156862745098,0.01994638965273254
4,5.0,R,620.0,0.7805983302963428,14.209353319244416,4,15,60.0,5.0,0.00392156862745098,0.01994638965273254
4,5.0,R,620.0,0.7805983302963428,14.209353319244416,4,16,60.0,5.0,0.00784313725490196,0.028226977679718004
4,5.0,R,620.0,0.7805983302963428,14.209353319244416,4,17,60.0,5.0,0.00392156862745098,0.01994638965273254
4,5.0,R,620.0,0.7805983302963428,14.209353319244416,4,18,60.0,5.0,0.00784313725490196,0.028226977679718004
4,5.0,R,620.0,0.7805983302963428,14.209353319244416,4,19,60.0,5.0,0.00392156862745098,0.01994638965273254
4,5.0,R,620.0,0.7805983302963428,14.209353319244416,4,20,60.0,5.0,0.00392156862745098,0.01994638965273254
4,5.0,R,620.0,0.7805983302963428,14.209353319244416,4,21,60.0,5.0,0.00784313725490196,0.028226977679718004
4,5.0,R,620.0,0.7805983302963428,14.209353319244416,4,22,60.0,5.0,0.00392156862745098,0.01994638965273254
4,5.0,R,620.0,0.7805983302963428,14.209353319244416,4,23,60.0,5.0,0.0,0.0
4,5.0,R,620.0,0.7805983302963428,14.209353319244416,4,24,60.0,5.0,0.00392156862745098,0.01994638965273254
4,5.0,R,620.0,0.7805983302963428,14.209353319244416,4,25,60.0,5.0,0.00392156862745098,0.01994638965273254
4,5.0,R,620.0,0.7805983302963428,14.209353319244416,4,26,60.0,5.0,0.0,0.0
4,5.0,R,620.0,0.7805983302963428,14.209353319244416,4,27,60.0,5.0,0.0,0.0
4,5.0,R,620.0,0.7805983302963428,14.209353319244416,4,28,60.0,5.0,0.0,0.0
4,5.0,R,620.0,0.7805983302963428,14.209353319244416,4,29,60.0,5.0,0.0,0.0
4,5.0,R,620.0,0.7805983302963428,14.209353319244416,4,30,60.0,5.0,0.0,0.0
4,5.0,R,620.0,0.7805983302963428,14.209353319244416,4,31,60.0,5.0,0.0,0.0
4,5.0,R,620.0,0.7805983302963428,14.209353319244416,4,32,60.0,5.0,0.0,0.0
4,5.0,R,620.0,0.7805983302963428,14.209353319244416,4,33,60.0,5.0,0.0,0.0
4,5.0,R,620.0,0.7805983302963428,14.209353319244416,4,34,60.0,5.0,0.0,0.0
4,5.0,R,620.0,0.7805983302963428,14.209353319244416,4,35,60.0,5.0,0.0,0.0
4,5.0,R,620.0,0.7805983302963428,14.209353319244416,5,0,60.0,5.0,0.0,0.0
4,5.0,R,620.0,0.7805983302963428,14.209353319244416,5,1,60.0,5.0,0.0,0.0
4,5.0,R,620.0,0.7805983302963428,14.209353319244416,5,2,60.0,5.0,0.0,0.0
4,5.0,R,620.0,0.7805983302963428,14.209353319244416,5,3,60.0,5.0,0.0,0.0
4,5.0,R,620.0,0.7805983302963428,14.209353319244416,5,4,60.0,5.0,0.0,0.0
4,5.0,R,620.0,0.7805983302963428,14.209353319244416,5,5,60.0,5.0,0.0,0.0
4,5.0,R,620.0,0.7805983302963428,14.209353319244416,5,6,60.0,5.0,0.027450980392156862,0.05298297410946823
4,5.0,R,620.0,0.7805983302963428,14.209353319244416,5,7,60.0,5.0,0.011764705882352941,0.0345936127618576
4,5.0,R,620.0,0.7805983302963428,14.209353319244416,5,8,60.0,5.0,0.0,0.0
4,5.0,R,620.0,0.7805983302963428,14.209353319244416,5,9,60.0,5.0,0.00784313725490196,0.028226977679718004
4,5.0,R,620.0,0.7805983302963428,14.209353319244416,5,10,60.0,5.0,0.0,0.0
4,5.0,R,620.0,0.7805983302963428,14.209353319244416,5,11,60.0,5.0,0.0,0.0
4,5.0,R,620.0,0.7805983302963428,14.209353319244416,5,12,60.0,5.0,0.0,0.0
4,5.0,R,620.0,0.7805983302963428,14.209353319244416,5,13,60.0,5.0,0.0,0.0
4,5.0,R,620.0,0.7805983302963428,14.209353319244416,5,14,60.0,5.0,0.0,0.0
4,5.0,R,620.0,0.7805983302963428,14.209353319244416,5,15,60.0,5.0,0.0,0.0
4,5.0,R,620.0,0.7805983302963428,14.209353319244416,5,16,60.0,5.0,0.0,0.0
4,5.0,R,620.0,0.7805983302963428,14.209353319244416,5,17,60.0,5.0,0.0,0.0
4,5.0,R,620.0,0.7805983302963428,14.209353319244416,5,18,60.0,5.0,0.0,0.0
4,5.0,R,620.0,0.7805983302963428,14.209353319244416,5,19,60.0,5.0,0.0,0.0
4,5.0,R,620.0,0.7805983302963428,14.209353319244416,5,20,60.0,5.0,0.0,0.0
4,5.0,R,620.0,0.7805983302963428,14.209353319244416,5,21,60.0,5.0,0.0,0.0
4,5.0,R,620.0,0.7805983302963428,14.209353319244416,5,22,60.0,5.0,0.0,0.0
4,5.0,R,620.0,0.7805983302963428,14.209353319244416,5,23,60.0,5.0,0.0,0.0
4,5.0,R,620.0,0.7805983302963428,14.209353319244416,5,24,60.0,5.0,0.0,0.0
4,5.0,R,620.0,0.7805983302963428,14.209353319244416,5,25,60.0,5.0,0.0,0.0
4,5.0,R,620.0,0.7805983302963428,14.209353319244416,5,26,60.0,5.0,0.0,0.0
4,5.0,R,620.0,0.7805983302963428,14.209353319244416,5,27,60.0,5.0,0.0,0.0
4,5.0,R,620.0,0.7805983302963428,14.209353319244416,5,28,60.0,5.0,0.0,0.0
4,5.0,R,620.0,0.7805983302963428,14.209353319244416,5,29,60.0,5.0,0.0,0.0
4,5.0,R,620.0,0.7805983302963428,14.209353319244416,5,30,60.0,5.0,0.0,0.0
4,5.0,R,620.0,0.7805983302963428,14.209353319244416,5,31,60.0,5.0,0.0,0.0
4,5.0,R,620.0,0.7805983302963428,14.209353319244416,5,32,60.0,5.0,0.0,0.0
4,5.0,R,620.0,0.7805983302963428,14.209353319244416,5,33,60.0,5.0,0.0,0.0
4,5.0,R,620.0,0.7805983302963428,14.209353319244416,5,34,60.0,5.0,0.0,0.0
4,5.0,R,620.0,0.7805983302963428,14.209353319244416,5,35,60.0,5.0,0.0,0.0
4,5.0,R,620.0,0.7805983302963428,14.209353319244416,6,0,60.0,5.0,0.0,0.0
4,5.0,R,620.0,0.7805983302963428,14.209353319244416,6,1,60.0,5.0,0.0,0.0
4,5.0,R,620.0,0.7805983302963428,14.209353319244416,6,2,60.0,5.0,0.0,0.0
4,5.0,R,620.0,0.7805983302963428,14.209353319244416,6,3,60.0,5.0,0.0,0.0
4,5.0,R,620.0,0.7805983302963428,14.209353319244416,6,4,60.0,5.0,0.0,0.0
4,5.0,R,620.0,0.7805983302963428,14.209353319244416,6,5,60.0,5.0,0.07450980392156863,0.08800426979263411
4,5.0,R,620.0,0.7805983302963428,14.209353319244416,6,6,60.0,5.0,0.09411764705882353,0.09925358883323245
4,5.0,R,620.0,0.7805983302963428,14.209353319244416,6,7,60.0,5.0,0.23529411764705882,0.1612063368033418
4,5.0,R,620.0,0.7805983302963428,14.209353319244416,6,8,60.0,5.0,0.0392156862745098,0.06345418699423495
4,5.0,R,620.0,0.7805983302963428,14.209353319244416,6,9,60.0,5.0,0.0,0.0
4,5.0,R,620.0,0.7805983302963428,14.209353319244416,6,10,60.0,5.0,0.00392156862745098,0.01994638965273254
4,5.0,R,620.0,0.7805983302963428,14.209353319244416,6,11,60.0,5.0,0.011764705882352941,0.0345936127618576
4,5.0,R,620.0,0.7805983302963428,14.209353319244416,6,12,60.0,5.0,0.23921568627450981,0.16267352538779695
4,5.0,R,620.0,0.7805983302963428,14.209353319244416,6,13,60.0,5.0,0.08627450980392157,0.09489506791887806
4,5.0,R,620.0,0.7805983302963428,14.209353319244416,6,14,60.0,5.0,0.047058823529411764,0.06960448727306395
4,5.0,R,620.0,0.7805983302963428,14.209353319244416,6,15,60.0,5.0,0.08235294117647059,0.09264867732636439
4,5.0,R,620.0,0.7805983302963428,14.209353319244416,6,16,60.0,5.0,0.2627450980392157,0.17131267163863242
4,5.0,R,620.0,0.7805983302963428,14.209353319244416,6,17,60.0,5.0,0.28627450980392155,0.17970582947972352
4,5.0,R,620.0,0.7805983302963428,14.209353319244416,6,18,60.0,5.0,0.2196078431372549,0.15524984546857312
4,5.0,R,620.0,0.7805983302963428,14.209353319244416,6,19,60.0,5.0,0.054901960784313725,0.0752836212383225
4,5.0,R,620.0,0.7805983302963428,14.209353319244416,6,20,60.0,5.0,0.13333333333333333,0.11898174462796458
4,5.0,R,620.0,0.7805983302963428,14.209353319244416,6,21,60.0,5.0,0.1843137254901961,0.14124594593397474
4,5.0,R,620.0,0.7805983302963428,14.209353319244416,6,22,60.0,5.0,0.06666666666666667,0.08312898574059512
4,5.0,R,620.0,0.7805983302963428,14.209353319244416,6,23,60.0,5.0,0.00784313725490196,0.028226977679718004
4,5.0,R,620.0,0.7805983302963428,14.209353319244416,6,24,60.0,5.0,0.058823529411764705,0.07797913037736934
4,5.0,R,620.0,0.7805983302963428,14.209353319244416,6,25,60.0,5.0,0.19215686274509805,0.14443943567870407
4,5.0,R,620.0,0.7805983302963428,14.209353319244416,6,26,60.0,5.0,0.3568627450980392,0.20379153547696685
4,5.0,R,620.0,0.7805983302963428,14.209353319244416,6,27,60.0,5.0,0.0,0.0
4,5.0,R,620.0,0.7805983302963428,14.209353319244416,6,28,60.0,5.0,0.00784313725490196,0.028226977679718004
4,5.0,R,620.0,0.7805983302963428,14.209353319244416,6,29,60.0,5.0,0.0,0.0
4,5.0,R,620.0,0.7805983302963428,14.209353319244416,6,30,60.0,5.0,0.0,0.0
4,5.0,R,620.0,0.7805983302963428,14.209353319244416,6,31,60.0,5.0,0.0,0.0
4,5.0,R,620.0,0.7805983302963428,14.209353319244416,6,32,60.0,5.0,0.0,0.0
4,5.0,R,620.0,0.7805983302963428,14.209353319244416,6,33,60.0,5.0,0.0,0.0
4,5.0,R,620.0,0.7805983302963428,14.209353319244416,6,34,60.0,5.0,0.0,0.0
4,5.0,R,620.0,0.7805983302963428,14.209353319244416,6,35,60.0,5.0,0.0,0.0
4,5.0,R,620.0,0.7805983302963428,14.209353319244416,7,0,60.0,5.0,0.0,0.0
4,5.0,R,620.0,0.7805983302963428,14.209353319244416,7,1,60.0,5.0,0.0,0.0
4,5.0,R,620.0,0.7805983302963428,14.209353319244416,7,2,60.0,5.0,0.0,0.0
4,5.0,R,620.0,0.7805983302963428,14.209353319244416,7,3,60.0,5.0,0.0196078431372549,0.04471926097515774
4,5.0,R,620.0,0.7805983302963428,14.209353319244416,7,4,60.0,5.0,0.0196078431372549,0.04471926097515774
4,5.0,R,620.0,0.7805983302963428,14.209353319244416,7,5,60.0,5.0,0.19215686274509805,0.14443943567870407
4,5.0,R,620.0,0.7805983302963428,14.209353319244416,7,6,60.0,5.0,0.20392156862745098,0.14913829006235088
4,5.0,R,620.0,0.7805983302963428,14.209353319244416,7,7,60.0,5.0,0.2627450980392157,0.17131267163863242
4,5.0,R,620.0,0.7805983302963428,14.209353319244416,7,8,60.0,5.0,0.43137254901960786,0.22808602713867193
4,5.0,R,620.0,0.7805983302963428,14.209353319244416,7,9,60.0,5.0,0.19607843137254902,0.14601747052853942
4,5.0,R,620.0,0.7805983302963428,14.209353319244416,7,10,60.0,5.0,0.01568627450980392,0.03997164583041206
4,5.0,R,620.0,0.7805983302963428,14.209353319244416,7,11,60.0,5.0,0.011764705882352941,0.0345936127618576
4,5.0,R,620.0,0.7805983302963428,14.209353319244416,7,12,60.0,5.0,0.596078431372549,0.2807741196509589
4,5.0,R,620.0,0.7805983302963428,14.209353319244416,7,13,60.0,5.0,0.5647058823529412,0.2706544493931912
4,5.0,R,620.0,0.7805983302963428,14.209353319244416,7,14,60.0,5.0,0.5607843137254902,0.26939622548652403
4,5.0,R,620.0,0.7805983302963428,14.209353319244416,7,15,60.0,5.0,0.4823529411764706,0.24438159985259414
4,5.0,R,620.0,0.7805983302963428,14.209353319244416,7,16,60.0,5.0,0.47843137254901963,0.24313236161726806
4,5.0,R,620.0,0.7805983302963428,14.209353319244416,7,17,60.0,5.0,0.5176470588235295,0.2556184001474059
4,5.0,R,620.0,0.7805983302963428,14.209353319244416,7,18,60.0,5.0,0.49411764705882355,0.24812754570923665
4,5.0,R,620.0,0.7805983302963428,14.209353319244416,7,19,60.0,5.0,0.4627450980392157,0.23813039630387822
4,5.0,R,620.0,0.7805983302963428,14.209353319244416,7,20,60.0,5.0,0.5372549019607843,0.26186960369612183
4,5.0,R,620.0,0.7805983302963428,14.209353319244416,7,21,60.0,5.0,0.44313725490196076,0.23186078127719867
4,5.0,R,620.0,0.7805983302963428,14.209353319244416,7,22,60.0,5.0,0.5568627450980392,0.26813921872280133
4,5.0,R,620.0,0.7805983302963428,14.209353319244416,7,23,60.0,5.0,0.19215686274509805,0.14443943567870407
4,5.0,R,620.0,0.7805983302963428,14.209353319244416,7,24,60.0,5.0,0.4549019607843137,0.23562531267856862
4,5.0,R,620.0,0.7805983302963428,14.209353319244416,7,25,60.0,5.0,0.5764705882352941,0.27443725197219737
4,5.0,R,620.0,0.7805983302963428,14.209353319244416,7,26,60.0,5.0,0.32941176470588235,0.19458731326097745
4,5.0,R,620.0,0.7805983302963428,14.209353319244416,7,27,60.0,5.0,0.0,0.0
4,5.0,R,620.0,0.7805983302963428,14.209353319244416,7,28,60.0,5.0,0.011764705882352941,0.0345936127618576
4,5.0,R,620.0,0.7805983302963428,14.209353319244416,7,29,60.0,5.0,0.00392156862745098,0.01994638965273254
4,5.0,R,620.0,0.7805983302963428,14.209353319244416,7,30,60.0,5.0,0.0,0.0
4,5.0,R,620.0,0.7805983302963428,14.209353319244416,7,31,60.0,5.0,0.0,0.0
4,5.0,R,620.0,0.7805983302963428,14.209353319244416,7,32,60.0,5.0,0.0,0.0
4,5.0,R,620.0,0.7805983302963428,14.209353319244416,7,33,60.0,5.0,0.0,0.0
4,5.0,R,620.0,0.7805983302963428,14.209353319244416,7,34,60.0,5.0,0.0,0.0
4,5.0,R,620.0,0.7805983302963428,14.209353319244416,7,35,60.0,5.0,0.0,0.0
4,5.0,R,620.0,0.7805983302963428,14.209353319244416,8,0,60.0,5.0,0.0,0.0
4,5.0,R,620.0,0.7805983302963428,14.209353319244416,8,1,60.0,5.0,0.0,0.0
4,5.0,R,620.0,0.7805983302963428,14.209353319244416,8,2,60.0,5.0,0.00392156862745098,0.01994638965273254
4,5.0,R,620.0,0.7805983302963428,14.209353319244416,8,3,60.0,5.0,0.23137254901960785,0.1597306585446781
4,5.0,R,620.0,0.7805983302963428,14.209353319244416,8,4,60.0,5.0,0.10980392156862745,0.10750973625166191
4,5.0,R,620.0,0.7805983302963428,14.209353319244416,8,5,60.0,5.0,0.27450980392156865,0.17553721581099607
4,5.0,R,620.0,0.7805983302963428,14.209353319244416,8,6,60.0,5.0,0.23921568627450981,0.16267352538779695
4,5.0,R,620.0,0.7805983302963428,14.209353319244416,8,7,60.0,5.0,0.611764705882353,0.28587893707637224
4,5.0,R,620.0,0.7805983302963428,14.209353319244416,8,8,60.0,5.0,0.9686274509803922,0.4433209666958273
4,5.0,R,620.0,0.7805983302963428,14.209353319244416,8,9,60.0,5.0,0.45098039215686275,0.2343714695941511
4,5.0,R,620.0,0.7805983302963428,14.209353319244416,8,10,60.0,5.0,0.08627450980392157,0.09489506791887806
4,5.0,R,620.0,0.7805983302963428,14.209353319244416,8,11,60.0,5.0,0.08627450980392157,0.09489506791887806
4,5.0,R,620.0,0.7805983302963428,14.209353319244416,8,12,60.0,5.0,0.3843137254901961,0.2128391863481819
4,5.0,R,620.0,0.7805983302963428,14.209353319244416,8,13,60.0,5.0,0.41568627450980394,0.22303326182108058
4,5.0,R,620.0,0.7805983302963428,14.209353319244416,8,14,60.0,5.0,0.4470588235294118,0.23311665261528658
4,5.0,R,620.0,0.7805983302963428,14.209353319244416,8,15,60.0,5.0,0.45098039215686275,0.2343714695941511
4,5.0,R,620.0,0.7805983302963428,14.209353319244416,8,16,60.0,5.0,0.4117647058823529,0.22176597605076812
4,5.0,R,620.0,0.7805983302963428,14.209353319244416,8,17,60.0,5.0,0.36470588235294116,0.20639090758999576
4,5.0,R,620.0,0.7805983302963428,14.209353319244416,8,18,60.0,5.0,0.33725490196078434,0.19723534442367363
4,5.0,R,620.0,0.7805983302963428,14.209353319244416,8,19,60.0,5.0,0.4745098039215686,0.24188269985040858
4,5.0,R,620.0,0.7805983302963428,14.209353319244416,8,20,60.0,5.0,0.4,0.21795289157551256
4,5.0,R,620.0,0.7805983302963428,14.209353319244416,8,21,60.0,5.0,0.34509803921568627,0.19986829362396183
4,5.0,R,620.0,0.7805983302963428,14.209353319244416,8,22,60.0,5.0,0.45098039215686275,0.2343714695941511
4,5.0,R,620.0,0.7805983302963428,14.209353319244416,8,23,60.0,5.0,0.10980392156862745,0.10750973625166191
4,5.0,R,620.0,0.7805983302963428,14.209353319244416,8,24,60.0,5.0,0.403921568627451,0.21922588034904109
4,5.0,R,620.0,0.7805983302963428,14.209353319244416,8,25,60.0,5.0,0.42745098039215684,0.22682512093786292
4,5.0,R,620.0,0.7805983302963428,14.209353319244416,8,26,60.0,5.0,0.18823529411764706,0.1428490794319283
4,5.0,R,620.0,0.7805983302963428,14.209353319244416,8,27,60.0,5.0,0.00784313725490196,0.028226977679718004
4,5.0,R,620.0,0.7805983302963428,14.209353319244416,8,28,60.0,5.0,0.01568627450980392,0.03997164583041206
4,5.0,R,620.0,0.7805983302963428,14.209353319244416,8,29,60.0,5.0,0.0,0.0
4,5.0,R,620.0,0.7805983302963428,14.209353319244416,8,30,60.0,5.0,0.00784313725490196,0.028226977679718004
4,5.0,R,620.0,0.7805983302963428,14.209353319244416,8,31,60.0,5.0,0.00784313725490196,0.028226977679718004
4,5.0,R,620.0,0.7805983302963428,14.209353319244416,8,32,60.0,5.0,0.00392156862745098,0.01994638965273254
4,5.0,R,620.0,0.7805983302963428,14.209353319244416,8,33,60.0,5.0,0.0,0.0
4,5.0,R,620.0,0.7805983302963428,14.209353319244416,8,34,60.0,5.0,0.0,0.0
4,5.0,R,620.0,0.7805983302963428,14.209353319244416,8,35,60.0,5.0,0.0,0.0
4,5.0,R,620.0,0.7805983302963428,14.209353319244416,9,0,60.0,5.0,0.0,0.0
4,5.0,R,620.0,0.7805983302963428,14.209353319244416,9,1,60.0,5.0,0.0,0.0
4,5.0,R,620.0,0.7805983302963428,14.209353319244416,9,2,60.0,5.0,0.00392156862745098,0.01994638965273254
4,5.0,R,620.0,0.7805983302963428,14.209353319244416,9,3,60.0,5.0,0.17254901960784313,0.13635495410892096
4,5.0,R,620.0,0.7805983302963428,14.209353319244416,9,4,60.0,5.0,0.14901960784313725,0.12615408206482107
4,5.0,R,620.0,0.7805983302963428,14.209353319244416,9,5,60.0,5.0,0.17647058823529413,0.13799940258341492
4,5.0,R,620.0,0.7805983302963428,14.209353319244416,9,6,60.0,5.0,0.12941176470588237,0.11713408480877087
4,5.0,R,620.0,0.7805983302963428,14.209353319244416,9,7,60.0,5.0,0.5333333333333333,0.26061820480353987
4,5.0,R,620.0,0.7805983302963428,14.209353319244416,9,8,60.0,5.0,0.792156862745098,0.34931811846681793
4,5.0,R,620.0,0.7805983302963428,14.209353319244416,9,9,60.0,5.0,0.6235294117647059,0.28973204586090356
4,5.0,R,620.0,0.7805983302963428,14.209353319244416,9,10,60.0,5.0,0.28627450980392155,0.17970582947972352
4,5.0,R,620.0,0.7805983302963428,14.209353319244416,9,11,60.0,5.0,0.0392156862745098,0.06345418699423495
4,5.0,R,620.0,0.7805983302963428,14.209353319244416,9,12,60.0,5.0,0.0,0.0
4,5.0,R,620.0,0.7805983302963428,14.209353319244416,9,13,60.0,5.0,0.0,0.0
4,5.0,R,620.0,0.7805983302963428,14.209353319244416,9,14,60.0,5.0,0.0,0.0
4,5.0,R,620.0,0.7805983302963428,14.209353319244416,9,15,60.0,5.0,0.0,0.0
4,5.0,R,620.0,0.7805983302963428,14.209353319244416,9,16,60.0,5.0,0.0,0.0
4,5.0,R,620.0,0.7805983302963428,14.209353319244416,9,17,60.0,5.0,0.054901960784313725,0.0752836212383225
4,5.0,R,620.0,0.7805983302963428,14.209353319244416,9,18,60.0,5.0,0.06274509803921569,0.08059162758159863
4,5.0,R,620.0,0.7805983302963428,14.209353319244416,9,19,60.0,5.0,0.0,0.0
4,5.0,R,620.0,0.7805983302963428,14.209353319244416,9,20,60.0,5.0,0.0,0.0
4,5.0,R,620.0,0.7805983302963428,14.209353319244416,9,21,60.0,5.0,0.03529411764705882,0.060157486757451334
4,5.0,R,620.0,0.7805983302963428,14.209353319244416,9,22,60.0,5.0,0.023529411764705882,0.049020040417914766
4,5.0,R,620.0,0.7805983302963428,14.209353319244416,9,23,60.0,5.0,0.0,0.0
4,5.0,R,620.0,0.7805983302963428,14.209353319244416,9,24,60.0,5.0,0.01568627450980392,0.03997164583041206
4,5.0,R,620.0,0.7805983302963428,14.209353319244416,9,25,60.0,5.0,0.0,0.0
4,5.0,R,620.0,0.7805983302963428,14.209353319244416,9,26,60.0,5.0,0.0,0.0
4,5.0,R,620.0,0.7805983302963428,14.209353319244416,9,27,60.0,5.0,0.0,0.0
4,5.0,R,620.0,0.7805983302963428,14.209353319244416,9,28,60.0,5.0,0.0,0.0
4,5.0,R,620.0,0.7805983302963428,14.209353319244416,9,29,60.0,5.0,0.047058823529411764,0.06960448727306395
4,5.0,R,620.0,0.7805983302963428,14.209353319244416,9,30,60.0,5.0,0.0,0.0
4,5.0,R,620.0,0.7805983302963428,14.209353319244416,9,31,60.0,5.0,0.0,0.0
4,5.0,R,620.0,0.7805983302963428,14.209353319244416,9,32,60.0,5.0,0.0,0.0
4,5.0,R,620.0,0.7805983302963428,14.209353319244416,9,33,60.0,5.0,0.0,0.0
4,5.0,R,620.0,0.7805983302963428,14.209353319244416,9,34,60.0,5.0,0.0,0.0
4,5.0,R,620.0,0.7805983302963428,14.209353319244416,9,35,60.0,5.0,0.0,0.0
4,5.0,R,620.0,0.7805983302963428,14.209353319244416,10,0,60.0,5.0,0.0,0.0
4,5.0,R,620.0,0.7805983302963428,14.209353319244416,10,1,60.0,5.0,0.00392156862745098,0.01994638965273254
4,5.0,R,620.0,0.7805983302963428,14.209353319244416,10,2,60.0,5.0,0.0,0.0
4,5.0,R,620.0,0.7805983302963428,14.209353319244416,10,3,60.0,5.0,0.13725490196078433,0.12080655096397991
4,5.0,R,620.0,0.7805983302963428,14.209353319244416,10,4,60.0,5.0,0.23137254901960785,0.1597306585446781
4,5.0,R,620.0,0.7805983302963428,14.209353319244416,10,5,60.0,5.0,0.1607843137254902,0.13133003823498593
4,5.0,R,620.0,0.7805983302963428,14.209353319244416,10,6,60.0,5.0,0.2,0.1475836176504333
4,5.0,R,620.0,0.7805983302963428,14.209353319244416,10,7,60.0,5.0,0.12941176470588237,0.11713408480877087
4,5.0,R,620.0,0.7805983302963428,14.209353319244416,10,8,60.0,5.0,0.3764705882352941,0.2102679541390965
4,5.0,R,620.0,0.7805983302963428,14.209353319244416,10,9,60.0,5.0,0.5411764705882353,0.26312173822002455
4,5.0,R,620.0,0.7805983302963428,14.209353319244416,10,10,60.0,5.0,0.23137254901960785,0.1597306585446781
4,5.0,R,620.0,0.7805983302963428,14.209353319244416,10,11,60.0,5.0,0.2,0.1475836176504333
4,5.0,R,620.0,0.7805983302963428,14.209353319244416,10,12,60.0,5.0,0.2980392156862745,0.18382343133011075
4,5.0,R,620.0,0.7805983302963428,14.209353319244416,10,13,60.0,5.0,0.2784313725490196,0.17693271574931582
4,5.0,R,620.0,0.7805983302963428,14.209353319244416,10,14,60.0,5.0,0.21568627450980393,0.15373730807570263
4,5.0,R,620.0,0.7805983302963428,14.209353319244416,10,15,60.0,5.0,0.21568627450980393,0.15373730807570263
4,5.0,R,620.0,0.7805983302963428,14.209353319244416,10,16,60.0,5.0,0.22745098039215686,0.15824621238176176
4,5.0,R,620.0,0.7805983302963428,14.209353319244416,10,17,60.0,5.0,0.45098039215686275,0.2343714695941511
4,5.0,R,620.0,0.7805983302963428,14.209353319244416,10,18,60.0,5.0,0.3176470588235294,0.19058476853837517
4,5.0,R,620.0,0.7805983302963428,14.209353319244416,10,19,60.0,5.0,0.1843137254901961,0.14124594593397474
4,5.0,R,620.0,0.7805983302963428,14.209353319244416,10,20,60.0,5.0,0.19215686274509805,0.14443943567870407
4,5.0,R,620.0,0.7805983302963428,14.209353319244416,10,21,60.0,5.0,0.36470588235294116,0.20639090758999576
4,5.0,R,620.0,0.7805983302963428,14.209353319244416,10,22,60.0,5.0,0.1411764705882353,0.12260956282279944
4,5.0,R,620.0,0.7805983302963428,14.209353319244416,10,23,60.0,5.0,0.45098039215686275,0.2343714695941511
4,5.0,R,620.0,0.7805983302963428,14.209353319244416,10,24,60.0,5.0,0.4392156862745098,0.23060377451347597
4,5.0,R,620.0,0.7805983302963428,14.209353319244416,10,25,60.0,5.0,0.2980392156862745,0.18382343133011075
4,5.0,R,620.0,0.7805983302963428,14.209353319244416,10,26,60.0,5.0,0.17254901960784313,0.13635495410892096
4,5.0,R,620.0,0.7805983302963428,14.209353319244416,10,27,60.0,5.0,0.2235294117647059,0.1567527086383188
4,5.0,R,620.0,0.7805983302963428,14.209353319244416,10,28,60.0,5.0,0.23137254901960785,0.1597306585446781
4,5.0,R,620.0,0.7805983302963428,14.209353319244416,10,29,60.0,5.0,0.34901960784313724,0.20117941526475813
4,5.0,R,620.0,0.7805983302963428,14.209353319244416,10,30,60.0,5.0,0.21568627450980393,0.15373730807570263
4,5.0,R,620.0,0.7805983302963428,14.209353319244416,10,31,60.0,5.0,0.2627450980392157,0.17131267163863242
4,5.0,R,620.0,0.7805983302963428,14.209353319244416,10,32,60.0,5.0,0.08627450980392157,0.09489506791887806
4,5.0,R,620.0,0.7805983302963428,14.209353319244416,10,33,60.0,5.0,0.0,0.0
4,5.0,R,620.0,0.7805983302963428,14.209353319244416,10,34,60.0,5.0,0.00392156862745098,0.01994638965273254
4,5.0,R,620.0,0.7805983302963428,14.209353319244416,10,35,60.0,5.0,0.0,0.0
4,5.0,R,620.0,0.7805983302963428,14.209353319244416,11,0,60.0,5.0,0.0,0.0
4,5.0,R,620.0,0.7805983302963428,14.209353319244416,11,1,60.0,5.0,0.0,0.0
4,5.0,R,620.0,0.7805983302963428,14.209353319244416,11,2,60.0,5.0,0.00392156862745098,0.01994638965273254
4,5.0,R,620.0,0.7805983302963428,14.209353319244416,11,3,60.0,5.0,0.00392156862745098,0.01994638965273254
4,5.0,R,620.0,0.7805983302963428,14.209353319244416,11,4,60.0,5.0,0.07450980392156863,0.08800426979263411
4,5.0,R,620.0,0.7805983302963428,14.209353319244416,11,5,60.0,5.0,0.10196078431372549,0.10345212448837855
4,5.0,R,620.0,0.7805983302963428,14.209353319244416,11,6,60.0,5.0,0.10588235294117647,0.105497495924501
4,5.0,R,620.0,0.7805983302963428,14.209353319244416,11,7,60.0,5.0,0.1450980392156863,0.12439176642144965
4,5.0,R,620.0,0.7805983302963428,14.209353319244416,11,8,60.0,5.0,0.38823529411764707,0.21412106292362781
4,5.0,R,620.0,0.7805983302963428,14.209353319244416,11,9,60.0,5.0,0.6705882352941176,0.30541268673902255
4,5.0,R,620.0,0.7805983302963428,14.209353319244416,11,10,60.0,5.0,0.44313725490196076,0.23186078127719867
4,5.0,R,620.0,0.7805983302963428,14.209353319244416,11,11,60.0,5.0,0.0,0.0
4,5.0,R,620.0,0.7805983302963428,14.209353319244416,11,12,60.0,5.0,0.5372549019607843,0.26186960369612183
4,5.0,R,620.0,0.7805983302963428,14.209353319244416,11,13,60.0,5.0,0.611764705882353,0.28587893707637224
4,5.0,R,620.0,0.7805983302963428,14.209353319244416,11,14,60.0,5.0,0.5529411764705883,0.2668833473847134
4,5.0,R,620.0,0.7805983302963428,14.209353319244416,11,15,60.0,5.0,0.5803921568627451,0.2757011764274999
4,5.0,R,620.0,0.7805983302963428,14.209353319244416,11,16,60.0,5.0,0.5686274509803921,0.27191397286132807
4,5.0,R,620.0,0.7805983302963428,14.209353319244416,11,17,60.0,5.0,0.5058823529411764,0.2518724542907634
4,5.0,R,620.0,0.7805983302963428,14.209353319244416,11,18,60.0,5.0,0.5215686274509804,0.25686763838273197
4,5.0,R,620.0,0.7805983302963428,14.209353319244416,11,19,60.0,5.0,0.5764705882352941,0.27443725197219737
4,5.0,R,620.0,0.7805983302963428,14.209353319244416,11,20,60.0,5.0,0.5450980392156862,0.2643746873214314
4,5.0,R,620.0,0.7805983302963428,14.209353319244416,11,21,60.0,5.0,0.40784313725490196,0.2204968785082125
4,5.0,R,620.0,0.7805983302963428,14.209353319244416,11,22,60.0,5.0,0.2196078431372549,0.15524984546857312
4,5.0,R,620.0,0.7805983302963428,14.209353319244416,11,23,60.0,5.0,0.5647058823529412,0.2706544493931912
4,5.0,R,620.0,0.7805983302963428,14.209353319244416,11,24,60.0,5.0,0.4627450980392157,0.23813039630387822
4,5.0,R,620.0,0.7805983302963428,14.209353319244416,11,25,60.0,5.0,0.5215686274509804,0.25686763838273197
4,5.0,R,620.0,0.7805983302963428,14.209353319244416,11,26,60.0,5.0,0.5529411764705883,0.2668833473847134
4,5.0,R,620.0,0.7805983302963428,14.209353319244416,11,27,60.0,5.0,0.5137254901960784,0.25436950811775705
4,5.0,R,620.0,0.7805983302963428,14.209353319244416,11,28,60.0,5.0,0.48627450980392156,0.24563049188224292
4,5.0,R,620.0,0.7805983302963428,14.209353319244416,11,29,60.0,5.0,0.5803921568627451,0.2757011764274999
4,5.0,R,620.0,0.7805983302963428,14.209353319244416,11,30,60.0,5.0,0.4392156862745098,0.23060377451347597
4,5.0,R,620.0,0.7805983302963428,14.209353319244416,11,31,60.0,5.0,0.4588235294117647,0.23687826177997542
4,5.0,R,620.0,0.7805983302963428,14.209353319244416,11,32,60.0,5.0,0.30196078431372547,0.1851854165236684
4,5.0,R,620.0,0.7805983302963428,14.209353319244416,11,33,60.0,5.0,0.0,0.0
4,5.0,R,620.0,0.7805983302963428,14.209353319244416,11,34,60.0,5.0,0.00784313725490196,0.028226977679718004
4,5.0,R,620.0,0.7805983302963428,14.209353319244416,11,35,60.0,5.0,0.0,0.0
4,5.0,R,620.0,0.7805983302963428,14.209353319244416,12,0,60.0,5.0,0.0,0.0
4,5.0,R,620.0,0.7805983302963428,14.209353319244416,12,1,60.0,5.0,0.0,0.0
4,5.0,R,620.0,0.7805983302963428,14.209353319244416,12,2,60.0,5.0,0.0,0.0
4,5.0,R,620.0,0.7805983302963428,14.209353319244416,12,3,60.0,5.0,0.00392156862745098,0.01994638965273254
4,5.0,R,620.0,0.7805983302963428,14.209353319244416,12,4,60.0,5.0,0.0,0.0
4,5.0,R,620.0,0.7805983302963428,14.209353319244416,12,5,60.0,5.0,0.0392156862745098,0.06345418699423495
4,5.0,R,620.0,0.7805983302963428,14.209353319244416,12,6,60.0,5.0,0.13725490196078433,0.12080655096397991
4,5.0,R,620.0,0.7805983302963428,14.209353319244416,12,7,60.0,5.0,0.1568627450980392,0.12962243684422406
4,5.0,R,620.0,0.7805983302963428,14.209353319244416,12,8,60.0,5.0,0.35294117647058826,0.2024871245093228
4,5.0,R,620.0,0.7805983302963428,14.209353319244416,12,9,60.0,5.0,0.6549019607843137,0.3001317063760382
4,5.0,R,620.0,0.7805983302963428,14.209353319244416,12,10,60.0,5.0,0.08235294117647059,0.09264867732636439
4,5.0,R,620.0,0.7805983302963428,14.209353319244416,12,11,60.0,5.0,0.0196078431372549,0.04471926097515774
4,5.0,R,620.0,0.7805983302963428,14.209353319244416,12,12,60.0,5.0,0.27058823529411763,0.17413550547828363
4,5.0,R,620.0,0.7805983302963428,14.209353319244416,12,13,60.0,5.0,0.41568627450980394,0.22303326182108058
4,5.0,R,620.0,0.7805983302963428,14.209353319244416,12,14,60.0,5.0,0.42745098039215684,0.22682512093786292
4,5.0,R,620.0,0.7805983302963428,14.209353319244416,12,15,60.0,5.0,0.3803921568627451,0.21155484953700343
4,5.0,R,620.0,0.7805983302963428,14.209353319244416,12,16,60.0,5.0,0.34509803921568627,0.19986829362396183
4,5.0,R,620.0,0.7805983302963428,14.209353319244416,12,17,60.0,5.0,0.24313725490196078,0.1641324917521111
4,5.0,R,620.0,0.7805983302963428,14.209353319244416,12,18,60.0,5.0,0.2549019607843137,0.1684625831810239
4,5.0,R,620.0,0.7805983302963428,14.209353319244416,12,19,60.0,5.0,0.2823529411764706,0.17832219301287253
4,5.0,R,620.0,0.7805983302963428,14.209353319244416,12,20,60.0,5.0,0.27058823529411763,0.17413550547828363
4,5.0,R,620.0,0.7805983302963428,14.209353319244416,12,21,60.0,5.0,0.2549019607843137,0.1684625831810239
4,5.0,R,620.0,0.7805983302963428,14.209353319244416,12,22,60.0,5.0,0.13725490196078433,0.12080655096397991
4,5.0,R,620.0,0.7805983302963428,14.209353319244416,12,23,60.0,5.0,0.15294117647058825,0.12789737021175648
4,5.0,R,620.0,0.7805983302963428,14.209353319244416,12,24,60.0,5.0,0.13725490196078433,0.12080655096397991
4,5.0,R,620.0,0.7805983302963428,14.209353319244416,12,25,60.0,5.0,0.26666666666666666,0.1727273908759613
4,5.0,R,620.0,0.7805983302963428,14.209353319244416,12,26,60.0,5.0,0.3568627450980392,0.20379153547696685
4,5.0,R,620.0,0.7805983302963428,14.209353319244416,12,27,60.0,5.0,0.25098039215686274,0.16702677744422859
4,5.0,R,620.0,0.7805983302963428,14.209353319244416,12,28,60.0,5.0,0.3254901960784314,0.19325732867442041
4,5.0,R,620.0,0.7805983302963428,14.209353319244416,12,29,60.0,5.0,0.27058823529411763,0.17413550547828363
4,5.0,R,620.0,0.7805983302963428,14.209353319244416,12,30,60.0,5.0,0.2784313725490196,0.17693271574931582
4,5.0,R,620.0,0.7805983302963428,14.209353319244416,12,31,60.0,5.0,0.3215686274509804,0.19192319169509703
4,5.0,R,620.0,0.7805983302963428,14.209353319244416,12,32,60.0,5.0,0.23529411764705882,0.1612063368033418
4,5.0,R,620.0,0.7805983302963428,14.209353319244416,12,33,60.0,5.0,0.0,0.0
4,5.0,R,620.0,0.7805983302963428,14.209353319244416,12,34,60.0,5.0,0.00784313725490196,0.028226977679718004
4,5.0,R,620.0,0.7805983302963428,14.209353319244416,12,35,60.0,5.0,0.0,0.0
4,5.0,R,620.0,0.7805983302963428,14.209353319244416,13,0,60.0,5.0,0.0,0.0
4,5.0,R,620.0,0.7805983302963428,14.209353319244416,13,1,60.0,5.0,0.0,0.0
4,5.0,R,620.0,0.7805983302963428,14.209353319244416,13,2,60.0,5.0,0.0,0.0
4,5.0,R,620.0,0.7805983302963428,14.209353319244416,13,3,60.0,5.0,0.0,0.0
4,5.0,R,620.0,0.7805983302963428,14.209353319244416,13,4,60.0,5.0,0.00392156862745098,0.01994638965273254
4,5.0,R,620.0,0.7805983302963428,14.209353319244416,13,5,60.0,5.0,0.01568627450980392,0.03997164583041206
4,5.0,R,620.0,0.7805983302963428,14.209353319244416,13,6,60.0,5.0,0.0196078431372549,0.04471926097515774
4,5.0,R,620.0,0.7805983302963428,14.209353319244416,13,7,60.0,5.0,0.0392156862745098,0.06345418699423495
4,5.0,R,620.0,0.7805983302963428,14.209353319244416,13,8,60.0,5.0,0.21176470588235294,0.1522147678661474
4,5.0,R,620.0,0.7805983302963428,14.209353319244416,13,9,60.0,5.0,0.2,0.1475836176504333
4,5.0,R,620.0,0.7805983302963428,14.209353319244416,13,10,60.0,5.0,0.0,0.0
4,5.0,R,620.0,0.7805983302963428,14.209353319244416,13,11,60.0,5.0,0.00392156862745098,0.01994638965273254
4,5.0,R,620.0,0.7805983302963428,14.209353319244416,13,12,60.0,5.0,0.0,0.0
4,5.0,R,620.0,0.7805983302963428,14.209353319244416,13,13,60.0,5.0,0.0,0.0
4,5.0,R,620.0,0.7805983302963428,14.209353319244416,13,14,60.0,5.0,0.027450980392156862,0.05298297410946823
4,5.0,R,620.0,0.7805983302963428,14.209353319244416,13,15,60.0,5.0,0.0392156862745098,0.06345418699423495
4,5.0,R,620.0,0.7805983302963428,14.209353319244416,13,16,60.0,5.0,0.0,0.0
4,5.0,R,620.0,0.7805983302963428,14.209353319244416,13,17,60.0,5.0,0.0,0.0
4,5.0,R,620.0,0.7805983302963428,14.209353319244416,13,18,60.0,5.0,0.0,0.0
4,5.0,R,620.0,0.7805983302963428,14.209353319244416,13,19,60.0,5.0,0.0,0.0
4,5.0,R,620.0,0.7805983302963428,14.209353319244416,13,20,60.0,5.0,0.0,0.0
4,5.0,R,620.0,0.7805983302963428,14.209353319244416,13,21,60.0,5.0,0.0,0.0
4,5.0,R,620.0,0.7805983302963428,14.209353319244416,13,22,60.0,5.0,0.0,0.0
4,5.0,R,620.0,0.7805983302963428,14.209353319244416,13,23,60.0,5.0,0.0,0.0
4,5.0,R,620.0,0.7805983302963428,14.209353319244416,13,24,60.0,5.0,0.0,0.0
4,5.0,R,620.0,0.7805983302963428,14.209353319244416,13,25,60.0,5.0,0.0,0.0
4,5.0,R,620.0,0.7805983302963428,14.209353319244416,13,26,60.0,5.0,0.06274509803921569,0.08059162758159863
4,5.0,R,620.0,0.7805983302963428,14.209353319244416,13,27,60.0,5.0,0.0196078431372549,0.04471926097515774
4,5.0,R,620.0,0.7805983302963428,14.209353319244416,13,28,60.0,5.0,0.0,0.0
4,5.0,R,620.0,0.7805983302963428,14.209353319244416,13,29,60.0,5.0,0.0,0.0
4,5.0,R,620.0,0.7805983302963428,14.209353319244416,13,30,60.0,5.0,0.0,0.0
4,5.0,R,620.0,0.7805983302963428,14.209353319244416,13,31,60.0,5.0,0.0,0.0
4,5.0,R,620.0,0.7805983302963428,14.209353319244416,13,32,60.0,5.0,0.0,0.0
4,5.0,R,620.0,0.7805983302963428,14.209353319244416,13,33,60.0,5.0,0.0,0.0
4,5.0,R,620.0,0.7805983302963428,14.209353319244416,13,34,60.0,5.0,0.0,0.0
4,5.0,R,620.0,0.7805983302963428,14.209353319244416,13,35,60.0,5.0,0.0,0.0
4,5.0,R,620.0,0.7805983302963428,14.209353319244416,14,0,60.0,5.0,0.0,0.0
4,5.0,R,620.0,0.7805983302963428,14.209353319244416,14,1,60.0,5.0,0.0,0.0
4,5.0,R,620.0,0.7805983302963428,14.209353319244416,14,2,60.0,5.0,0.0,0.0
4,5.0,R,620.0,0.7805983302963428,14.209353319244416,14,3,60.0,5.0,0.0,0.0
4,5.0,R,620.0,0.7805983302963428,14.209353319244416,14,4,60.0,5.0,0.0,0.0
4,5.0,R,620.0,0.7805983302963428,14.209353319244416,14,5,60.0,5.0,0.0,0.0
4,5.0,R,620.0,0.7805983302963428,14.209353319244416,14,6,60.0,5.0,0.0,0.0
4,5.0,R,620.0,0.7805983302963428,14.209353319244416,14,7,60.0,5.0,0.0,0.0
4,5.0,R,620.0,0.7805983302963428,14.209353319244416,14,8,60.0,5.0,0.0,0.0
4,5.0,R,620.0,0.7805983302963428,14.209353319244416,14,9,60.0,5.0,0.0,0.0
4,5.0,R,620.0,0.7805983302963428,14.209353319244416,14,10,60.0,5.0,0.00392156862745098,0.01994638965273254
4,5.0,R,620.0,0.7805983302963428,14.209353319244416,14,11,60.0,5.0,0.0,0.0
4,5.0,R,620.0,0.7805983302963428,14.209353319244416,14,12,60.0,5.0,0.00784313725490196,0.028226977679718004
4,5.0,R,620.0,0.7805983302963428,14.209353319244416,14,13,60.0,5.0,0.0,0.0
4,5.0,R,620.0,0.7805983302963428,14.209353319244416,14,14,60.0,5.0,0.0,0.0
4,5.0,R,620.0,0.7805983302963428,14.209353319244416,14,15,60.0,5.0,0.0,0.0
4,5.0,R,620.0,0.7805983302963428,14.209353319244416,14,16,60.0,5.0,0.0,0.0
4,5.0,R,620.0,0.7805983302963428,14.209353319244416,14,17,60.0,5.0,0.00784313725490196,0.028226977679718004
4,5.0,R,620.0,0.7805983302963428,14.209353319244416,14,18,60.0,5.0,0.00784313725490196,0.028226977679718004
4,5.0,R,620.0,0.7805983302963428,14.209353319244416,14,19,60.0,5.0,0.00784313725490196,0.028226977679718004
4,5.0,R,620.0,0.7805983302963428,14.209353319244416,14,20,60.0,5.0,0.00784313725490196,0.028226977679718004
4,5.0,R,620.0,0.7805983302963428,14.209353319244416,14,21,60.0,5.0,0.00392156862745098,0.01994638965273254
4,5.0,R,620.0,0.7805983302963428,14.209353319244416,14,22,60.0,5.0,0.00392156862745098,0.01994638965273254
4,5.0,R,620.0,0.7805983302963428,14.209353319244416,14,23,60.0,5.0,0.00392156862745098,0.01994638965273254
4,5.0,R,620.0,0.7805983302963428,14.209353319244416,14,24,60.0,5.0,0.00392156862745098,0.01994638965273254
4,5.0,R,620.0,0.7805983302963428,14.209353319244416,14,25,60.0,5.0,0.00784313725490196,0.028226977679718004
4,5.0,R,620.0,0.7805983302963428,14.209353319244416,14,26,60.0,5.0,0.0,0.0
4,5.0,R,620.0,0.7805983302963428,14.209353319244416,14,27,60.0,5.0,0.0,0.0
4,5.0,R,620.0,0.7805983302963428,14.209353319244416,14,28,60.0,5.0,0.00392156862745098,0.01994638965273254
4,5.0,R,620.0,0.7805983302963428,14.209353319244416,14,29,60.0,5.0,0.00784313725490196,0.028226977679718004
4,5.0,R,620.0,0.7805983302963428,14.209353319244416,14,30,60.0,5.0,0.00392156862745098,0.01994638965273254
4,5.0,R,620.0,0.7805983302963428,14.209353319244416,14,31,60.0,5.0,0.00392156862745098,0.01994638965273254
4,5.0,R,620.0,0.7805983302963428,14.209353319244416,14,32,60.0,5.0,0.00392156862745098,0.01994638965273254
4,5.0,R,620.0,0.7805983302963428,14.209353319244416,14,33,60.0,5.0,0.0,0.0
4,5.0,R,620.0,0.7805983302963428,14.209353319244416,14,34,60.0,5.0,0.0,0.0
4,5.0,R,620.0,0.7805983302963428,14.209353319244416,14,35,60.0,5.0,0.0,0.0
4,5.0,R,620.0,0.7805983302963428,14.209353319244416,15,0,60.0,5.0,0.0,0.0
4,5.0,R,620.0,0.7805983302963428,14.209353319244416,15,1,60.0,5.0,0.0,0.0
4,5.0,R,620.0,0.7805983302963428,14.209353319244416,15,2,60.0,5.0,0.0,0.0
4,5.0,R,620.0,0.7805983302963428,14.209353319244416,15,3,60.0,5.0,0.0,0.0
4,5.0,R,620.0,0.7805983302963428,14.209353319244416,15,4,60.0,5.0,0.0,0.0
4,5.0,R,620.0,0.7805983302963428,14.209353319244416,15,5,60.0,5.0,0.0,0.0
4,5.0,R,620.0,0.7805983302963428,14.209353319244416,15,6,60.0,5.0,0.0,0.0
4,5.0,R,620.0,0.7805983302963428,14.209353319244416,15,7,60.0,5.0,0.0,0.0
4,5.0,R,620.0,0.7805983302963428,14.209353319244416,15,8,60.0,5.0,0.00392156862745098,0.01994638965273254
4,5.0,R,620.0,0.7805983302963428,14.209353319244416,15,9,60.0,5.0,0.00784313725490196,0.028226977679718004
4,5.0,R,620.0,0.7805983302963428,14.209353319244416,15,10,60.0,5.0,0.0,0.0
4,5.0,R,620.0,0.7805983302963428,14.209353319244416,15,11,60.0,5.0,0.0,0.0
4,5.0,R,620.0,0.7805983302963428,14.209353319244416,15,12,60.0,5.0,0.0,0.0
4,5.0,R,620.0,0.7805983302963428,14.209353319244416,15,13,60.0,5.0,0.0,0.0
4,5.0,R,620.0,0.7805983302963428,14.209353319244416,15,14,60.0,5.0,0.00392156862745098,0.01994638965273254
4,5.0,R,620.0,0.7805983302963428,14.209353319244416,15,15,60.0,5.0,0.00392156862745098,0.01994638965273254
4,5.0,R,620.0,0.7805983302963428,14.209353319244416,15,16,60.0,5.0,0.0,0.0
4,5.0,R,620.0,0.7805983302963428,14.209353319244416,15,17,60.0,5.0,0.0,0.0
4,5.0,R,620.0,0.7805983302963428,14.209353319244416,15,18,60.0,5.0,0.0,0.0
4,5.0,R,620.0,0.7805983302963428,14.209353319244416,15,19,60.0,5.0,0.0,0.0
4,5.0,R,620.0,0.7805983302963428,14.209353319244416,15,20,60.0,5.0,0.0,0.0
4,5.0,R,620.0,0.7805983302963428,14.209353319244416,15,21,60.0,5.0,0.0,0.0
4,5.0,R,620.0,0.7805983302963428,14.209353319244416,15,22,60.0,5.0,0.0,0.0
4,5.0,R,620.0,0.7805983302963428,14.209353319244416,15,23,60.0,5.0,0.0,0.0
4,5.0,R,620.0,0.7805983302963428,14.209353319244416,15,24,60.0,5.0,0.0,0.0
4,5.0,R,620.0,0.7805983302963428,14.209353319244416,15,25,60.0,5.0,0.0,0.0
4,5.0,R,620.0,0.7805983302963428,14.209353319244416,15,26,60.0,5.0,0.00392156862745098,0.01994638965273254
4,5.0,R,620.0,0.7805983302963428,14.209353319244416,15,27,60.0,5.0,0.0,0.0
4,5.0,R,620.0,0.7805983302963428,14.209353319244416,15,28,60.0,5.0,0.0,0.0
4,5.0,R,620.0,0.7805983302963428,14.209353319244416,15,29,60.0,5.0,0.0,0.0
4,5.0,R,620.0,0.7805983302963428,14.209353319244416,15,30,60.0,5.0,0.0,0.0
4,5.0,R,620.0,0.7805983302963428,14.209353319244416,15,31,60.0,5.0,0.0,0.0
4,5.0,R,620.0,0.7805983302963428,14.209353319244416,15,32,60.0,5.0,0.0,0.0
4,5.0,R,620.0,0.7805983302963428,14.209353319244416,15,33,60.0,5.0,0.0,0.0
4,5.0,R,620.0,0.7805983302963428,14.209353319244416,15,34,60.0,5.0,0.0,0.0
4,5.0,R,620.0,0.7805983302963428,14.209353319244416,15,35,60.0,5.0,0.0,0.0
4,5.0,R,620.0,0.7805983302963428,14.209353319244416,16,0,60.0,5.0,0.0,0.0
4,5.0,R,620.0,0.7805983302963428,14.209353319244416,16,1,60.0,5.0,0.0,0.0
4,5.0,R,620.0,0.7805983302963428,14.209353319244416,16,2,60.0,5.0,0.0,0.0
4,5.0,R,620.0,0.7805983302963428,14.209353319244416,16,3,60.0,5.0,0.0,0.0
4,5.0,R,620.0,0.7805983302963428,14.209353319244416,16,4,60.0,5.0,0.0,0.0
4,5.0,R,620.0,0.7805983302963428,14.209353319244416,16,5,60.0,5.0,0.0,0.0
4,5.0,R,620.0,0.7805983302963428,14.209353319244416,16,6,60.0,5.0,0.0,0.0
4,5.0,R,620.0,0.7805983302963428,14.209353319244416,16,7,60.0,5.0,0.0,0.0
4,5.0,R,620.0,0.7805983302963428,14.209353319244416,16,8,60.0,5.0,0.0,0.0
4,5.0,R,620.0,0.7805983302963428,14.209353319244416,16,9,60.0,5.0,0.0,0.0
4,5.0,R,620.0,0.7805983302963428,14.209353319244416,16,10,60.0,5.0,0.0,0.0
4,5.0,R,620.0,0.7805983302963428,14.209353319244416,16,11,60.0,5.0,0.0,0.0
4,5.0,R,620.0,0.7805983302963428,14.209353319244416,16,12,60.0,5.0,0.0,0.0
4,5.0,R,620.0,0.7805983302963428,14.209353319244416,16,13,60.0,5.0,0.0,0.0
4,5.0,R,620.0,0.7805983302963428,14.209353319244416,16,14,60.0,5.0,0.0,0.0
4,5.0,R,620.0,0.7805983302963428,14.209353319244416,16,15,60.0,5.0,0.0,0.0
4,5.0,R,620.0,0.7805983302963428,14.209353319244416,16,16,60.0,5.0,0.0,0.0
4,5.0,R,620.0,0.7805983302963428,14.209353319244416,16,17,60.0,5.0,0.0,0.0
4,5.0,R,620.0,0.7805983302963428,14.209353319244416,16,18,60.0,5.0,0.0,0.0
4,5.0,R,620.0,0.7805983302963428,14.209353319244416,16,19,60.0,5.0,0.0,0.0
4,5.0,R,620.0,0.7805983302963428,14.209353319244416,16,20,60.0,5.0,0.0,0.0
4,5.0,R,620.0,0.7805983302963428,14.209353319244416,16,21,60.0,5.0,0.0,0.0
4,5.0,R,620.0,0.7805983302963428,14.209353319244416,16,22,60.0,5.0,0.0,0.0
4,5.0,R,620.0,0.7805983302963428,14.209353319244416,16,23,60.0,5.0,0.0,0.0
4,5.0,R,620.0,0.7805983302963428,14.209353319244416,16,24,60.0,5.0,0.0,0.0
4,5.0,R,620.0,0.7805983302963428,14.209353319244416,16,25,60.0,5.0,0.0,0.0
4,5.0,R,620.0,0.7805983302963428,14.209353319244416,16,26,60.0,5.0,0.0,0.0
4,5.0,R,620.0,0.7805983302963428,14.209353319244416,16,27,60.0,5.0,0.0,0.0
4,5.0,R,620.0,0.7805983302963428,14.209353319244416,16,28,60.0,5.0,0.0,0.0
4,5.0,R,620.0,0.7805983302963428,14.209353319244416,16,29,60.0,5.0,0.0,0.0
4,5.0,R,620.0,0.7805983302963428,14.209353319244416,16,30,60.0,5.0,0.0,0.0
4,5.0,R,620.0,0.7805983302963428,14.209353319244416,16,31,60.0,5.0,0.0,0.0
4,5.0,R,620.0,0.7805983302963428,14.209353319244416,16,32,60.0,5.0,0.0,0.0
4,5.0,R,620.0,0.7805983302963428,14.209353319244416,16,33,60.0,5.0,0.0,0.0
4,5.0,R,620.0,0.7805983302963428,14.209353319244416,16,34,60.0,5.0,0.0,0.0
4,5.0,R,620.0,0.7805983302963428,14.209353319244416,16,35,60.0,5.0,0.0,0.0
4,5.0,R,620.0,0.7805983302963428,14.209353319244416,17,0,60.0,5.0,0.0,0.0
4,5.0,R,620.0,0.7805983302963428,14.209353319244416,17,1,60.0,5.0,0.0,0.0
4,5.0,R,620.0,0.7805983302963428,14.209353319244416,17,2,60.0,5.0,0.0,0.0
4,5.0,R,620.0,0.7805983302963428,14.209353319244416,17,3,60.0,5.0,0.0,0.0
4,5.0,R,620.0,0.7805983302963428,14.209353319244416,17,4,60.0,5.0,0.0,0.0
4,5.0,R,620.0,0.7805983302963428,14.209353319244416,17,5,60.0,5.0,0.0,0.0
4,5.0,R,620.0,0.7805983302963428,14.209353319244416,17,6,60.0,5.0,0.0,0.0
4,5.0,R,620.0,0.7805983302963428,14.209353319244416,17,7,60.0,5.0,0.0,0.0
4,5.0,R,620.0,0.7805983302963428,14.209353319244416,17,8,60.0,5.0,0.0,0.0
4,5.0,R,620.0,0.7805983302963428,14.209353319244416,17,9,60.0,5.0,0.0,0.0
4,5.0,R,620.0,0.7805983302963428,14.209353319244416,17,10,60.0,5.0,0.0,0.0
4,5.0,R,620.0,0.7805983302963428,14.209353319244416,17,11,60.0,5.0,0.0,0.0
4,5.0,R,620.0,0.7805983302963428,14.209353319244416,17,12,60.0,5.0,0.0,0.0
4,5.0,R,620.0,0.7805983302963428,14.209353319244416,17,13,60.0,5.0,0.0,0.0
4,5.0,R,620.0,0.7805983302963428,14.209353319244416,17,14,60.0,5.0,0.0,0.0
4,5.0,R,620.0,0.7805983302963428,14.209353319244416,17,15,60.0,5.0,0.0,0.0
4,5.0,R,620.0,0.7805983302963428,14.209353319244416,17,16,60.0,5.0,0.0,0.0
4,5.0,R,620.0,0.7805983302963428,14.209353319244416,17,17,60.0,5.0,0.0,0.0
4,5.0,R,620.0,0.7805983302963428,14.209353319244416,17,18,60.0,5.0,0.0,0.0
4,5.0,R,620.0,0.7805983302963428,14.209353319244416,17,19,60.0,5.0,0.0,0.0
4,5.0,R,620.0,0.7805983302963428,14.209353319244416,17,20,60.0,5.0,0.0,0.0
4,5.0,R,620.0,0.7805983302963428,14.209353319244416,17,21,60.0,5.0,0.0,0.0
4,5.0,R,620.0,0.7805983302963428,14.209353319244416,17,22,60.0,5.0,0.0,0.0
4,5.0,R,620.0,0.7805983302963428,14.209353319244416,17,23,60.0,5.0,0.0,0.0
4,5.0,R,620.0,0.7805983302963428,14.209353319244416,17,24,60.0,5.0,0.0,0.0
4,5.0,R,620.0,0.7805983302963428,14.209353319244416,17,25,60.0,5.0,0.0,0.0
4,5.0,R,620.0,0.7805983302963428,14.209353319244416,17,26,60.0,5.0,0.0,0.0
4,5.0,R,620.0,0.7805983302963428,14.209353319244416,17,27,60.0,5.0,0.0,0.0
4,5.0,R,620.0,0.7805983302963428,14.209353319244416,17,28,60.0,5.0,0.0,0.0
4,5.0,R,620.0,0.7805983302963428,14.209353319244416,17,29,60.0,5.0,0.0,0.0
4,5.0,R,620.0,0.7805983302963428,14.209353319244416,17,30,60.0,5.0,0.0,0.0
4,5.0,R,620.0,0.7805983302963428,14.209353319244416,17,31,60.0,5.0,0.0,0.0
4,5.0,R,620.0,0.7805983302963428,14.209353319244416,17,32,60.0,5.0,0.0,0.0
4,5.0,R,620.0,0.7805983302963428,14.209353319244416,17,33,60.0,5.0,0.0,0.0
4,5.0,R,620.0,0.7805983302963428,14.209353319244416,17,34,60.0,5.0,0.0,0.0
4,5.0,R,620.0,0.7805983302963428,14.209353319244416,17,35,60.0,5.0,0.0,0.0
4,5.0,R,620.0,0.7805983302963428,14.209353319244416,18,0,60.0,5.0,0.0,0.0
4,5.0,R,620.0,0.7805983302963428,14.209353319244416,18,1,60.0,5.0,0.0,0.0
4,5.0,R,620.0,0.7805983302963428,14.209353319244416,18,2,60.0,5.0,0.0,0.0
4,5.0,R,620.0,0.7805983302963428,14.209353319244416,18,3,60.0,5.0,0.0,0.0
4,5.0,R,620.0,0.7805983302963428,14.209353319244416,18,4,60.0,5.0,0.0,0.0
4,5.0,R,620.0,0.7805983302963428,14.209353319244416,18,5,60.0,5.0,0.0,0.0
4,5.0,R,620.0,0.7805983302963428,14.209353319244416,18,6,60.0,5.0,0.0,0.0
4,5.0,R,620.0,0.7805983302963428,14.209353319244416,18,7,60.0,5.0,0.0,0.0
4,5.0,R,620.0,0.7805983302963428,14.209353319244416,18,8,60.0,5.0,0.0,0.0
4,5.0,R,620.0,0.7805983302963428,14.209353319244416,18,9,60.0,5.0,0.0,0.0
4,5.0,R,620.0,0.7805983302963428,14.209353319244416,18,10,60.0,5.0,0.0,0.0
4,5.0,R,620.0,0.7805983302963428,14.209353319244416,18,11,60.0,5.0,0.0,0.0
4,5.0,R,620.0,0.7805983302963428,14.209353319244416,18,12,60.0,5.0,0.0,0.0
4,5.0,R,620.0,0.7805983302963428,14.209353319244416,18,13,60.0,5.0,0.0,0.0
4,5.0,R,620.0,0.7805983302963428,14.209353319244416,18,14,60.0,5.0,0.0,0.0
4,5.0,R,620.0,0.7805983302963428,14.209353319244416,18,15,60.0,5.0,0.0,0.0
4,5.0,R,620.0,0.7805983302963428,14.209353319244416,18,16,60.0,5.0,0.0,0.0
4,5.0,R,620.0,0.7805983302963428,14.209353319244416,18,17,60.0,5.0,0.0,0.0
4,5.0,R,620.0,0.7805983302963428,14.209353319244416,18,18,60.0,5.0,0.0,0.0
4,5.0,R,620.0,0.7805983302963428,14.209353319244416,18,19,60.0,5.0,0.0,0.0
4,5.0,R,620.0,0.7805983302963428,14.209353319244416,18,20,60.0,5.0,0.0,0.0
4,5.0,R,620.0,0.7805983302963428,14.209353319244416,18,21,60.0,5.0,0.0,0.0
4,5.0,R,620.0,0.7805983302963428,14.209353319244416,18,22,60.0,5.0,0.0,0.0
4,5.0,R,620.0,0.7805983302963428,14.209353319244416,18,23,60.0,5.0,0.0,0.0
4,5.0,R,620.0,0.7805983302963428,14.209353319244416,18,24,60.0,5.0,0.0,0.0
4,5.0,R,620.0,0.7805983302963428,14.209353319244416,18,25,60.0,5.0,0.0,0.0
4,5.0,R,620.0,0.7805983302963428,14.209353319244416,18,26,60.0,5.0,0.0,0.0
4,5.0,R,620.0,0.7805983302963428,14.209353319244416,18,27,60.0,5.0,0.0,0.0
4,5.0,R,620.0,0.7805983302963428,14.209353319244416,18,28,60.0,5.0,0.0,0.0
4,5.0,R,620.0,0.7805983302963428,14.209353319244416,18,29,60.0,5.0,0.0,0.0
4,5.0,R,620.0,0.7805983302963428,14.209353319244416,18,30,60.0,5.0,0.0,0.0
4,5.0,R,620.0,0.7805983302963428,14.209353319244416,18,31,60.0,5.0,0.0,0.0
4,5.0,R,620.0,0.7805983302963428,14.209353319244416,18,32,60.0,5.0,0.0,0.0
4,5.0,R,620.0,0.7805983302963428,14.209353319244416,18,33,60.0,5.0,0.0,0.0
4,5.0,R,620.0,0.7805983302963428,14.209353319244416,18,34,60.0,5.0,0.0,0.0
4,5.0,R,620.0,0.7805983302963428,14.209353319244416,18,35,60.0,5.0,0.0,0.0
4,5.0,R,620.0,0.7805983302963428,14.209353319244416,19,0,60.0,5.0,0.0,0.0
4,5.0,R,620.0,0.7805983302963428,14.209353319244416,19,1,60.0,5.0,0.0,0.0
4,5.0,R,620.0,0.7805983302963428,14.209353319244416,19,2,60.0,5.0,0.0,0.0
4,5.0,R,620.0,0.7805983302963428,14.209353319244416,19,3,60.0,5.0,0.0,0.0
4,5.0,R,620.0,0.7805983302963428,14.209353319244416,19,4,60.0,5.0,0.0,0.0
4,5.0,R,620.0,0.7805983302963428,14.209353319244416,19,5,60.0,5.0,0.0,0.0
4,5.0,R,620.0,0.7805983302963428,14.209353319244416,19,6,60.0,5.0,0.0,0.0
4,5.0,R,620.0,0.7805983302963428,14.209353319244416,19,7,60.0,5.0,0.0,0.0
4,5.0,R,620.0,0.7805983302963428,14.209353319244416,19,8,60.0,5.0,0.0,0.0
4,5.0,R,620.0,0.7805983302963428,14.209353319244416,19,9,60.0,5.0,0.0,0.0
4,5.0,R,620.0,0.7805983302963428,14.209353319244416,19,10,60.0,5.0,0.0,0.0
4,5.0,R,620.0,0.7805983302963428,14.209353319244416,19,11,60.0,5.0,0.0,0.0
4,5.0,R,620.0,0.7805983302963428,14.209353319244416,19,12,60.0,5.0,0.0,0.0
4,5.0,R,620.0,0.7805983302963428,14.209353319244416,19,13,60.0,5.0,0.0,0.0
4,5.0,R,620.0,0.7805983302963428,14.209353319244416,19,14,60.0,5.0,0.0,0.0
4,5.0,R,620.0,0.7805983302963428,14.209353319244416,19,15,60.0,5.0,0.0,0.0
4,5.0,R,620.0,0.7805983302963428,14.209353319244416,19,16,60.0,5.0,0.0,0.0
4,5.0,R,620.0,0.7805983302963428,14.209353319244416,19,17,60.0,5.0,0.0,0.0
4,5.0,R,620.0,0.7805983302963428,14.209353319244416,19,18,60.0,5.0,0.0,0.0
4,5.0,R,620.0,0.7805983302963428,14.209353319244416,19,19,60.0,5.0,0.0,0.0
4,5.0,R,620.0,0.7805983302963428,14.209353319244416,19,20,60.0,5.0,0.0,0.0
4,5.0,R,620.0,0.7805983302963428,14.209353319244416,19,21,60.0,5.0,0.0,0.0
4,5.0,R,620.0,0.7805983302963428,14.209353319244416,19,22,60.0,5.0,0.0,0.0
4,5.0,R,620.0,0.7805983302963428,14.209353319244416,19,23,60.0,5.0,0.0,0.0
4,5.0,R,620.0,0.7805983302963428,14.209353319244416,19,24,60.0,5.0,0.0,0.0
4,5.0,R,620.0,0.7805983302963428,14.209353319244416,19,25,60.0,5.0,0.0,0.0
4,5.0,R,620.0,0.7805983302963428,14.209353319244416,19,26,60.0,5.0,0.0,0.0
4,5.0,R,620.0,0.7805983302963428,14.209353319244416,19,27,60.0,5.0,0.0,0.0
4,5.0,R,620.0,0.7805983302963428,14.209353319244416,19,28,60.0,5.0,0.0,0.0
4,5.0,R,620.0,0.7805983302963428,14.209353319244416,19,29,60.0,5.0,0.0,0.0
4,5.0,R,620.0,0.7805983302963428,14.209353319244416,19,30,60.0,5.0,0.0,0.0
4,5.0,R,620.0,0.7805983302963428,14.209353319244416,19,31,60.0,5.0,0.0,0.0
4,5.0,R,620.0,0.7805983302963428,14.209353319244416,19,32,60.0,5.0,0.0,0.0
4,5.0,R,620.0,0.7805983302963428,14.209353319244416,19,33,60.0,5.0,0.0,0.0
4,5.0,R,620.0,0.7805983302963428,14.209353319244416,19,34,60.0,5.0,0.0,0.0
4,5.0,R,620.0,0.7805983302963428,14.209353319244416,19,35,60.0,5.0,0.0,0.0
4,5.0,G,540.0,0.6798759650968148,12.375888374825783,0,0,60.0,5.0,0.0,0.0
4,5.0,G,540.0,0.6798759650968148,12.375888374825783,0,1,60.0,5.0,0.0,0.0
4,5.0,G,540.0,0.6798759650968148,12.375888374825783,0,2,60.0,5.0,0.0,0.0
4,5.0,G,540.0,0.6798759650968148,12.375888374825783,0,3,60.0,5.0,0.0,0.0
4,5.0,G,540.0,0.6798759650968148,12.375888374825783,0,4,60.0,5.0,0.0,0.0
4,5.0,G,540.0,0.6798759650968148,12.375888374825783,0,5,60.0,5.0,0.0,0.0
4,5.0,G,540.0,0.6798759650968148,12.375888374825783,0,6,60.0,5.0,0.0,0.0
4,5.0,G,540.0,0.6798759650968148,12.375888374825783,0,7,60.0,5.0,0.0,0.0
4,5.0,G,540.0,0.6798759650968148,12.375888374825783,0,8,60.0,5.0,0.0,0.0
4,5.0,G,540.0,0.6798759650968148,12.375888374825783,0,9,60.0,5.0,0.0,0.0
4,5.0,G,540.0,0.6798759650968148,12.375888374825783,0,10,60.0,5.0,0.0,0.0
4,5.0,G,540.0,0.6798759650968148,12.375888374825783,0,11,60.0,5.0,0.0,0.0
4,5.0,G,540.0,0.6798759650968148,12.375888374825783,0,12,60.0,5.0,0.0,0.0
4,5.0,G,540.0,0.6798759650968148,12.375888374825783,0,13,60.0,5.0,0.0,0.0
4,5.0,G,540.0,0.6798759650968148,12.375888374825783,0,14,60.0,5.0,0.0,0.0
4,5.0,G,540.0,0.6798759650968148,12.375888374825783,0,15,60.0,5.0,0.0,0.0
4,5.0,G,540.0,0.6798759650968148,12.375888374825783,0,16,60.0,5.0,0.0,0.0
4,5.0,G,540.0,0.6798759650968148,12.375888374825783,0,17,60.0,5.0,0.0,0.0
4,5.0,G,540.0,0.6798759650968148,12.375888374825783,0,18,60.0,5.0,0.0,0.0
4,5.0,G,540.0,0.6798759650968148,12.375888374825783,0,19,60.0,5.0,0.0,0.0
4,5.0,G,540.0,0.6798759650968148,12.375888374825783,0,20,60.0,5.0,0.0,0.0
4,5.0,G,540.0,0.6798759650968148,12.375888374825783,0,21,60.0,5.0,0.0,0.0
4,5.0,G,540.0,0.6798759650968148,12.375888374825783,0,22,60.0,5.0,0.0,0.0
4,5.0,G,540.0,0.6798759650968148,12.375888374825783,0,23,60.0,5.0,0.0,0.0
4,5.0,G,540.0,0.6798759650968148,12.375888374825783,0,24,60.0,5.0,0.0,0.0
4,5.0,G,540.0,0.6798759650968148,12.375888374825783,0,25,60.0,5.0,0.0,0.0
4,5.0,G,540.0,0.6798759650968148,12.375888374825783,0,26,60.0,5.0,0.0,0.0
4,5.0,G,540.0,0.6798759650968148,12.375888374825783,0,27,60.0,5.0,0.0,0.0
4,5.0,G,540.0,0.6798759650968148,12.375888374825783,0,28,60.0,5.0,0.0,0.0
4,5.0,G,540.0,0.6798759650968148,12.375888374825783,0,29,60.0,5.0,0.0,0.0
4,5.0,G,540.0,0.6798759650968148,12.375888374825783,0,30,60.0,5.0,0.0,0.0
4,5.0,G,540.0,0.6798759650968148,12.375888374825783,0,31,60.0,5.0,0.0,0.0
4,5.0,G,540.0,0.6798759650968148,12.375888374825783,0,32,60.0,5.0,0.0,0.0
4,5.0,G,540.0,0.6798759650968148,12.375888374825783,0,33,60.0,5.0,0.0,0.0
4,5.0,G,540.0,0.6798759650968148,12.375888374825783,0,34,60.0,5.0,0.0,0.0
4,5.0,G,540.0,0.6798759650968148,12.375888374825783,0,35,60.0,5.0,0.0,0.0
4,5.0,G,540.0,0.6798759650968148,12.375888374825783,1,0,60.0,5.0,0.0,0.0
4,5.0,G,540.0,0.6798759650968148,12.375888374825783,1,1,60.0,5.0,0.0,0.0
4,5.0,G,540.0,0.6798759650968148,12.375888374825783,1,2,60.0,5.0,0.0,0.0
4,5.0,G,540.0,0.6798759650968148,12.375888374825783,1,3,60.0,5.0,0.0,0.0
4,5.0,G,540.0,0.6798759650968148,12.375888374825783,1,4,60.0,5.0,0.0,0.0
4,5.0,G,540.0,0.6798759650968148,12.375888374825783,1,5,60.0,5.0,0.0,0.0
4,5.0,G,540.0,0.6798759650968148,12.375888374825783,1,6,60.0,5.0,0.0,0.0
4,5.0,G,540.0,0.6798759650968148,12.375888374825783,1,7,60.0,5.0,0.0,0.0
4,5.0,G,540.0,0.6798759650968148,12.375888374825783,1,8,60.0,5.0,0.0,0.0
4,5.0,G,540.0,0.6798759650968148,12.375888374825783,1,9,60.0,5.0,0.0,0.0
4,5.0,G,540.0,0.6798759650968148,12.375888374825783,1,10,60.0,5.0,0.0,0.0
4,5.0,G,540.0,0.6798759650968148,12.375888374825783,1,11,60.0,5.0,0.0,0.0
4,5.0,G,540.0,0.6798759650968148,12.375888374825783,1,12,60.0,5.0,0.0,0.0
4,5.0,G,540.0,0.6798759650968148,12.375888374825783,1,13,60.0,5.0,0.0,0.0
4,5.0,G,540.0,0.6798759650968148,12.375888374825783,1,14,60.0,5.0,0.0,0.0
4,5.0,G,540.0,0.6798759650968148,12.375888374825783,1,15,60.0,5.0,0.0,0.0
4,5.0,G,540.0,0.6798759650968148,12.375888374825783,1,16,60.0,5.0,0.0,0.0
4,5.0,G,540.0,0.6798759650968148,12.375888374825783,1,17,60.0,5.0,0.0,0.0
4,5.0,G,540.0,0.6798759650968148,12.375888374825783,1,18,60.0,5.0,0.0,0.0
4,5.0,G,540.0,0.6798759650968148,12.375888374825783,1,19,60.0,5.0,0.0,0.0
4,5.0,G,540.0,0.6798759650968148,12.375888374825783,1,20,60.0,5.0,0.0,0.0
4,5.0,G,540.0,0.6798759650968148,12.375888374825783,1,21,60.0,5.0,0.0,0.0
4,5.0,G,540.0,0.6798759650968148,12.375888374825783,1,22,60.0,5.0,0.0,0.0
4,5.0,G,540.0,0.6798759650968148,12.375888374825783,1,23,60.0,5.0,0.0,0.0
4,5.0,G,540.0,0.6798759650968148,12.375888374825783,1,24,60.0,5.0,0.0,0.0
4,5.0,G,540.0,0.6798759650968148,12.375888374825783,1,25,60.0,5.0,0.0,0.0
4,5.0,G,540.0,0.6798759650968148,12.375888374825783,1,26,60.0,5.0,0.0,0.0
4,5.0,G,540.0,0.6798759650968148,12.375888374825783,1,27,60.0,5.0,0.0,0.0
4,5.0,G,540.0,0.6798759650968148,12.375888374825783,1,28,60.0,5.0,0.0,0.0
4,5.0,G,540.0,0.6798759650968148,12.375888374825783,1,29,60.0,5.0,0.0,0.0
4,5.0,G,540.0,0.6798759650968148,12.375888374825783,1,30,60.0,5.0,0.0,0.0
4,5.0,G,540.0,0.6798759650968148,12.375888374825783,1,31,60.0,5.0,0.0,0.0
4,5.0,G,540.0,0.6798759650968148,12.375888374825783,1,32,60.0,5.0,0.0,0.0
4,5.0,G,540.0,0.6798759650968148,12.375888374825783,1,33,60.0,5.0,0.0,0.0
4,5.0,G,540.0,0.6798759650968148,12.375888374825783,1,34,60.0,5.0,0.0,0.0
4,5.0,G,540.0,0.6798759650968148,12.375888374825783,1,35,60.0,5.0,0.0,0.0
4,5.0,G,540.0,0.6798759650968148,12.375888374825783,2,0,60.0,5.0,0.0,0.0
4,5.0,G,540.0,0.6798759650968148,12.375888374825783,2,1,60.0,5.0,0.0,0.0
4,5.0,G,540.0,0.6798759650968148,12.375888374825783,2,2,60.0,5.0,0.0,0.0
4,5.0,G,540.0,0.6798759650968148,12.375888374825783,2,3,60.0,5.0,0.0,0.0
4,5.0,G,540.0,0.6798759650968148,12.375888374825783,2,4,60.0,5.0,0.0,0.0
4,5.0,G,540.0,0.6798759650968148,12.375888374825783,2,5,60.0,5.0,0.0,0.0
4,5.0,G,540.0,0.6798759650968148,12.375888374825783,2,6,60.0,5.0,0.0,0.0
4,5.0,G,540.0,0.6798759650968148,12.375888374825783,2,7,60.0,5.0,0.0,0.0
4,5.0,G,540.0,0.6798759650968148,12.375888374825783,2,8,60.0,5.0,0.0,0.0
4,5.0,G,540.0,0.6798759650968148,12.375888374825783,2,9,60.0,5.0,0.0,0.0
4,5.0,G,540.0,0.6798759650968148,12.375888374825783,2,10,60.0,5.0,0.0,0.0
4,5.0,G,540.0,0.6798759650968148,12.375888374825783,2,11,60.0,5.0,0.0,0.0
4,5.0,G,540.0,0.6798759650968148,12.375888374825783,2,12,60.0,5.0,0.0,0.0
4,5.0,G,540.0,0.6798759650968148,12.375888374825783,2,13,60.0,5.0,0.0,0.0
4,5.0,G,540.0,0.6798759650968148,12.375888374825783,2,14,60.0,5.0,0.0,0.0
4,5.0,G,540.0,0.6798759650968148,12.375888374825783,2,15,60.0,5.0,0.0,0.0
4,5.0,G,540.0,0.6798759650968148,12.375888374825783,2,16,60.0,5.0,0.0,0.0
4,5.0,G,540.0,0.6798759650968148,12.375888374825783,2,17,60.0,5.0,0.0,0.0
4,5.0,G,540.0,0.6798759650968148,12.375888374825783,2,18,60.0,5.0,0.0,0.0
4,5.0,G,540.0,0.6798759650968148,12.375888374825783,2,19,60.0,5.0,0.0,0.0
4,5.0,G,540.0,0.6798759650968148,12.375888374825783,2,20,60.0,5.0,0.0,0.0
4,5.0,G,540.0,0.6798759650968148,12.375888374825783,2,21,60.0,5.0,0.0,0.0
4,5.0,G,540.0,0.6798759650968148,12.375888374825783,2,22,60.0,5.0,0.0,0.0
4,5.0,G,540.0,0.6798759650968148,12.375888374825783,2,23,60.0,5.0,0.0,0.0
4,5.0,G,540.0,0.6798759650968148,12.375888374825783,2,24,60.0,5.0,0.0,0.0
4,5.0,G,540.0,0.6798759650968148,12.375888374825783,2,25,60.0,5.0,0.0,0.0
4,5.0,G,540.0,0.6798759650968148,12.375888374825783,2,26,60.0,5.0,0.0,0.0
4,5.0,G,540.0,0.6798759650968148,12.375888374825783,2,27,60.0,5.0,0.0,0.0
4,5.0,G,540.0,0.6798759650968148,12.375888374825783,2,28,60.0,5.0,0.0,0.0
4,5.0,G,540.0,0.6798759650968148,12.375888374825783,2,29,60.0,5.0,0.0,0.0
4,5.0,G,540.0,0.6798759650968148,12.375888374825783,2,30,60.0,5.0,0.0,0.0
4,5.0,G,540.0,0.6798759650968148,12.375888374825783,2,31,60.0,5.0,0.0,0.0
4,5.0,G,540.0,0.6798759650968148,12.375888374825783,2,32,60.0,5.0,0.0,0.0
4,5.0,G,540.0,0.6798759650968148,12.375888374825783,2,33,60.0,5.0,0.0,0.0
4,5.0,G,540.0,0.6798759650968148,12.375888374825783,2,34,60.0,5.0,0.0,0.0
4,5.0,G,540.0,0.6798759650968148,12.375888374825783,2,35,60.0,5.0,0.0,0.0
4,5.0,G,540.0,0.6798759650968148,12.375888374825783,3,0,60.0,5.0,0.0,0.0
4,5.0,G,540.0,0.6798759650968148,12.375888374825783,3,1,60.0,5.0,0.0,0.0
4,5.0,G,540.0,0.6798759650968148,12.375888374825783,3,2,60.0,5.0,0.0,0.0
4,5.0,G,540.0,0.6798759650968148,12.375888374825783,3,3,60.0,5.0,0.0,0.0
4,5.0,G,540.0,0.6798759650968148,12.375888374825783,3,4,60.0,5.0,0.0,0.0
4,5.0,G,540.0,0.6798759650968148,12.375888374825783,3,5,60.0,5.0,0.0,0.0
4,5.0,G,540.0,0.6798759650968148,12.375888374825783,3,6,60.0,5.0,0.0,0.0
4,5.0,G,540.0,0.6798759650968148,12.375888374825783,3,7,60.0,5.0,0.0,0.0
4,5.0,G,540.0,0.6798759650968148,12.375888374825783,3,8,60.0,5.0,0.0,0.0
4,5.0,G,540.0,0.6798759650968148,12.375888374825783,3,9,60.0,5.0,0.0,0.0
4,5.0,G,540.0,0.6798759650968148,12.375888374825783,3,10,60.0,5.0,0.0,0.0
4,5.0,G,540.0,0.6798759650968148,12.375888374825783,3,11,60.0,5.0,0.0,0.0
4,5.0,G,540.0,0.6798759650968148,12.375888374825783,3,12,60.0,5.0,0.0,0.0
4,5.0,G,540.0,0.6798759650968148,12.375888374825783,3,13,60.0,5.0,0.0,0.0
4,5.0,G,540.0,0.6798759650968148,12.375888374825783,3,14,60.0,5.0,0.0,0.0
4,5.0,G,540.0,0.6798759650968148,12.375888374825783,3,15,60.0,5.0,0.0,0.0
4,5.0,G,540.0,0.6798759650968148,12.375888374825783,3,16,60.0,5.0,0.0,0.0
4,5.0,G,540.0,0.6798759650968148,12.375888374825783,3,17,60.0,5.0,0.0,0.0
4,5.0,G,540.0,0.6798759650968148,12.375888374825783,3,18,60.0,5.0,0.0,0.0
4,5.0,G,540.0,0.6798759650968148,12.375888374825783,3,19,60.0,5.0,0.0,0.0
4,5.0,G,540.0,0.6798759650968148,12.375888374825783,3,20,60.0,5.0,0.0,0.0
4,5.0,G,540.0,0.6798759650968148,12.375888374825783,3,21,60.0,5.0,0.0,0.0
4,5.0,G,540.0,0.6798759650968148,12.375888374825783,3,22,60.0,5.0,0.0,0.0
4,5.0,G,540.0,0.6798759650968148,12.375888374825783,3,23,60.0,5.0,0.0,0.0
4,5.0,G,540.0,0.6798759650968148,12.375888374825783,3,24,60.0,5.0,0.0,0.0
4,5.0,G,540.0,0.6798759650968148,12.375888374825783,3,25,60.0,5.0,0.0,0.0
4,5.0,G,540.0,0.6798759650968148,12.375888374825783,3,26,60.0,5.0,0.0,0.0
4,5.0,G,540.0,0.6798759650968148,12.375888374825783,3,27,60.0,5.0,0.0,0.0
4,5.0,G,540.0,0.6798759650968148,12.375888374825783,3,28,60.0,5.0,0.0,0.0
4,5.0,G,540.0,0.6798759650968148,12.375888374825783,3,29,60.0,5.0,0.0,0.0
4,5.0,G,540.0,0.6798759650968148,12.375888374825783,3,30,60.0,5.0,0.0,0.0
4,5.0,G,540.0,0.6798759650968148,12.375888374825783,3,31,60.0,5.0,0.0,0.0
4,5.0,G,540.0,0.6798759650968148,12.375888374825783,3,32,60.0,5.0,0.0,0.0
4,5.0,G,540.0,0.6798759650968148,12.375888374825783,3,33,60.0,5.0,0.0,0.0
4,5.0,G,540.0,0.6798759650968148,12.375888374825783,3,34,60.0,5.0,0.0,0.0
4,5.0,G,540.0,0.6798759650968148,12.375888374825783,3,35,60.0,5.0,0.0,0.0
4,5.0,G,540.0,0.6798759650968148,12.375888374825783,4,0,60.0,5.0,0.0,0.0
4,5.0,G,540.0,0.6798759650968148,12.375888374825783,4,1,60.0,5.0,0.0,0.0
4,5.0,G,540.0,0.6798759650968148,12.375888374825783,4,2,60.0,5.0,0.0,0.0
4,5.0,G,540.0,0.6798759650968148,12.375888374825783,4,3,60.0,5.0,0.0,0.0
4,5.0,G,540.0,0.6798759650968148,12.375888374825783,4,4,60.0,5.0,0.0,0.0
4,5.0,G,540.0,0.6798759650968148,12.375888374825783,4,5,60.0,5.0,0.00392156862745098,0.01994638965273254
4,5.0,G,540.0,0.6798759650968148,12.375888374825783,4,6,60.0,5.0,0.011764705882352941,0.0345936127618576
4,5.0,G,540.0,0.6798759650968148,12.375888374825783,4,7,60.0,5.0,0.011764705882352941,0.0345936127618576
4,5.0,G,540.0,0.6798759650968148,12.375888374825783,4,8,60.0,5.0,0.00392156862745098,0.01994638965273254
4,5.0,G,540.0,0.6798759650968148,12.375888374825783,4,9,60.0,5.0,0.0,0.0
4,5.0,G,540.0,0.6798759650968148,12.375888374825783,4,10,60.0,5.0,0.0,0.0
4,5.0,G,540.0,0.6798759650968148,12.375888374825783,4,11,60.0,5.0,0.0,0.0
4,5.0,G,540.0,0.6798759650968148,12.375888374825783,4,12,60.0,5.0,0.00784313725490196,0.028226977679718004
4,5.0,G,540.0,0.6798759650968148,12.375888374825783,4,13,60.0,5.0,0.00392156862745098,0.01994638965273254
4,5.0,G,540.0,0.6798759650968148,12.375888374825783,4,14,60.0,5.0,0.00392156862745098,0.01994638965273254
4,5.0,G,540.0,0.6798759650968148,12.375888374825783,4,15,60.0,5.0,0.00392156862745098,0.01994638965273254
4,5.0,G,540.0,0.6798759650968148,12.375888374825783,4,16,60.0,5.0,0.00784313725490196,0.028226977679718004
4,5.0,G,540.0,0.6798759650968148,12.375888374825783,4,17,60.0,5.0,0.00392156862745098,0.01994638965273254
4,5.0,G,540.0,0.6798759650968148,12.375888374825783,4,18,60.0,5.0,0.00784313725490196,0.028226977679718004
4,5.0,G,540.0,0.6798759650968148,12.375888374825783,4,19,60.0,5.0,0.00392156862745098,0.01994638965273254
4,5.0,G,540.0,0.6798759650968148,12.375888374825783,4,20,60.0,5.0,0.00392156862745098,0.01994638965273254
4,5.0,G,540.0,0.6798759650968148,12.375888374825783,4,21,60.0,5.0,0.00784313725490196,0.028226977679718004
4,5.0,G,540.0,0.6798759650968148,12.375888374825783,4,22,60.0,5.0,0.00392156862745098,0.01994638965273254
4,5.0,G,540.0,0.6798759650968148,12.375888374825783,4,23,60.0,5.0,0.0,0.0
4,5.0,G,540.0,0.6798759650968148,12.375888374825783,4,24,60.0,5.0,0.00392156862745098,0.01994638965273254
4,5.0,G,540.0,0.6798759650968148,12.375888374825783,4,25,60.0,5.0,0.00392156862745098,0.01994638965273254
4,5.0,G,540.0,0.6798759650968148,12.375888374825783,4,26,60.0,5.0,0.0,0.0
4,5.0,G,540.0,0.6798759650968148,12.375888374825783,4,27,60.0,5.0,0.0,0.0
4,5.0,G,540.0,0.6798759650968148,12.375888374825783,4,28,60.0,5.0,0.0,0.0
4,5.0,G,540.0,0.6798759650968148,12.375888374825783,4,29,60.0,5.0,0.0,0.0
4,5.0,G,540.0,0.6798759650968148,12.375888374825783,4,30,60.0,5.0,0.0,0.0
4,5.0,G,540.0,0.6798759650968148,12.375888374825783,4,31,60.0,5.0,0.0,0.0
4,5.0,G,540.0,0.6798759650968148,12.375888374825783,4,32,60.0,5.0,0.0,0.0
4,5.0,G,540.0,0.6798759650968148,12.375888374825783,4,33,60.0,5.0,0.0,0.0
4,5.0,G,540.0,0.6798759650968148,12.375888374825783,4,34,60.0,5.0,0.0,0.0
4,5.0,G,540.0,0.6798759650968148,12.375888374825783,4,35,60.0,5.0,0.0,0.0
4,5.0,G,540.0,0.6798759650968148,12.375888374825783,5,0,60.0,5.0,0.0,0.0
4,5.0,G,540.0,0.6798759650968148,12.375888374825783,5,1,60.0,5.0,0.0,0.0
4,5.0,G,540.0,0.6798759650968148,12.375888374825783,5,2,60.0,5.0,0.0,0.0
4,5.0,G,540.0,0.6798759650968148,12.375888374825783,5,3,60.0,5.0,0.0,0.0
4,5.0,G,540.0,0.6798759650968148,12.375888374825783,5,4,60.0,5.0,0.00392156862745098,0.01994638965273254
4,5.0,G,540.0,0.6798759650968148,12.375888374825783,5,5,60.0,5.0,0.0,0.0
4,5.0,G,540.0,0.6798759650968148,12.375888374825783,5,6,60.0,5.0,0.050980392156862744,0.07249578895933438
4,5.0,G,540.0,0.6798759650968148,12.375888374825783,5,7,60.0,5.0,0.0196078431372549,0.04471926097515774
4,5.0,G,540.0,0.6798759650968148,12.375888374825783,5,8,60.0,5.0,0.0,0.0
4,5.0,G,540.0,0.6798759650968148,12.375888374825783,5,9,60.0,5.0,0.00784313725490196,0.028226977679718004
4,5.0,G,540.0,0.6798759650968148,12.375888374825783,5,10,60.0,5.0,0.0,0.0
4,5.0,G,540.0,0.6798759650968148,12.375888374825783,5,11,60.0,5.0,0.0,0.0
4,5.0,G,540.0,0.6798759650968148,12.375888374825783,5,12,60.0,5.0,0.0,0.0
4,5.0,G,540.0,0.6798759650968148,12.375888374825783,5,13,60.0,5.0,0.0,0.0
4,5.0,G,540.0,0.6798759650968148,12.375888374825783,5,14,60.0,5.0,0.0,0.0
4,5.0,G,540.0,0.6798759650968148,12.375888374825783,5,15,60.0,5.0,0.0,0.0
4,5.0,G,540.0,0.6798759650968148,12.375888374825783,5,16,60.0,5.0,0.0,0.0
4,5.0,G,540.0,0.6798759650968148,12.375888374825783,5,17,60.0,5.0,0.0,0.0
4,5.0,G,540.0,0.6798759650968148,12.375888374825783,5,18,60.0,5.0,0.0,0.0
4,5.0,G,540.0,0.6798759650968148,12.375888374825783,5,19,60.0,5.0,0.0,0.0
4,5.0,G,540.0,0.6798759650968148,12.375888374825783,5,20,60.0,5.0,0.0,0.0
4,5.0,G,540.0,0.6798759650968148,12.375888374825783,5,21,60.0,5.0,0.0,0.0
4,5.0,G,540.0,0.6798759650968148,12.375888374825783,5,22,60.0,5.0,0.0,0.0
4,5.0,G,540.0,0.6798759650968148,12.375888374825783,5,23,60.0,5.0,0.0,0.0
4,5.0,G,540.0,0.6798759650968148,12.375888374825783,5,24,60.0,5.0,0.0,0.0
4,5.0,G,540.0,0.6798759650968148,12.375888374825783,5,25,60.0,5.0,0.0,0.0
4,5.0,G,540.0,0.6798759650968148,12.375888374825783,5,26,60.0,5.0,0.0,0.0
4,5.0,G,540.0,0.6798759650968148,12.375888374825783,5,27,60.0,5.0,0.0,0.0
4,5.0,G,540.0,0.6798759650968148,12.375888374825783,5,28,60.0,5.0,0.0,0.0
4,5.0,G,540.0,0.6798759650968148,12.375888374825783,5,29,60.0,5.0,0.0,0.0
4,5.0,G,540.0,0.6798759650968148,12.375888374825783,5,30,60.0,5.0,0.0,0.0
4,5.0,G,540.0,0.6798759650968148,12.375888374825783,5,31,60.0,5.0,0.0,0.0
4,5.0,G,540.0,0.6798759650968148,12.375888374825783,5,32,60.0,5.0,0.0,0.0
4,5.0,G,540.0,0.6798759650968148,12.375888374825783,5,33,60.0,5.0,0.0,0.0
4,5.0,G,540.0,0.6798759650968148,12.375888374825783,5,34,60.0,5.0,0.0,0.0
4,5.0,G,540.0,0.6798759650968148,12.375888374825783,5,35,60.0,5.0,0.0,0.0
4,5.0,G,540.0,0.6798759650968148,12.375888374825783,6,0,60.0,5.0,0.0,0.0
4,5.0,G,540.0,0.6798759650968148,12.375888374825783,6,1,60.0,5.0,0.0,0.0
4,5.0,G,540.0,0.6798759650968148,12.375888374825783,6,2,60.0,5.0,0.0,0.0
4,5.0,G,540.0,0.6798759650968148,12.375888374825783,6,3,60.0,5.0,0.0,0.0
4,5.0,G,540.0,0.6798759650968148,12.375888374825783,6,4,60.0,5.0,0.00392156862745098,0.01994638965273254
4,5.0,G,540.0,0.6798759650968148,12.375888374825783,6,5,60.0,5.0,0.09803921568627451,0.10137157388840211
4,5.0,G,540.0,0.6798759650968148,12.375888374825783,6,6,60.0,5.0,0.15294117647058825,0.12789737021175648
4,5.0,G,540.0,0.6798759650968148,12.375888374825783,6,7,60.0,5.0,0.4117647058823529,0.22176597605076812
4,5.0,G,540.0,0.6798759650968148,12.375888374825783,6,8,60.0,5.0,0.10588235294117647,0.105497495924501
4,5.0,G,540.0,0.6798759650968148,12.375888374825783,6,9,60.0,5.0,0.0,0.0
4,5.0,G,540.0,0.6798759650968148,12.375888374825783,6,10,60.0,5.0,0.00392156862745098,0.01994638965273254
4,5.0,G,540.0,0.6798759650968148,12.375888374825783,6,11,60.0,5.0,0.00784313725490196,0.028226977679718004
4,5.0,G,540.0,0.6798759650968148,12.375888374825783,6,12,60.0,5.0,0.23921568627450981,0.16267352538779695
4,5.0,G,540.0,0.6798759650968148,12.375888374825783,6,13,60.0,5.0,0.08627450980392157,0.09489506791887806
4,5.0,G,540.0,0.6798759650968148,12.375888374825783,6,14,60.0,5.0,0.047058823529411764,0.06960448727306395
4,5.0,G,540.0,0.6798759650968148,12.375888374825783,6,15,60.0,5.0,0.08235294117647059,0.09264867732636439
4,5.0,G,540.0,0.6798759650968148,12.375888374825783,6,16,60.0,5.0,0.2627450980392157,0.17131267163863242
4,5.0,G,540.0,0.6798759650968148,12.375888374825783,6,17,60.0,5.0,0.28627450980392155,0.17970582947972352
4,5.0,G,540.0,0.6798759650968148,12.375888374825783,6,18,60.0,5.0,0.2196078431372549,0.15524984546857312
4,5.0,G,540.0,0.6798759650968148,12.375888374825783,6,19,60.0,5.0,0.054901960784313725,0.0752836212383225
4,5.0,G,540.0,0.6798759650968148,12.375888374825783,6,20,60.0,5.0,0.13333333333333333,0.11898174462796458
4,5.0,G,540.0,0.6798759650968148,12.375888374825783,6,21,60.0,5.0,0.1843137254901961,0.14124594593397474
4,5.0,G,540.0,0.6798759650968148,12.375888374825783,6,22,60.0,5.0,0.06666666666666667,0.08312898574059512
4,5.0,G,540.0,0.6798759650968148,12.375888374825783,6,23,60.0,5.0,0.00784313725490196,0.028226977679718004
4,5.0,G,540.0,0.6798759650968148,12.375888374825783,6,24,60.0,5.0,0.058823529411764705,0.07797913037736934
4,5.0,G,540.0,0.6798759650968148,12.375888374825783,6,25,60.0,5.0,0.19215686274509805,0.14443943567870407
4,5.0,G,540.0,0.6798759650968148,12.375888374825783,6,26,60.0,5.0,0.3568627450980392,0.20379153547696685
4,5.0,G,540.0,0.6798759650968148,12.375888374825783,6,27,60.0,5.0,0.0,0.0
4,5.0,G,540.0,0.6798759650968148,12.375888374825783,6,28,60.0,5.0,0.00784313725490196,0.028226977679718004
4,5.0,G,540.0,0.6798759650968148,12.375888374825783,6,29,60.0,5.0,0.0,0.0
4,5.0,G,540.0,0.6798759650968148,12.375888374825783,6,30,60.0,5.0,0.0,0.0
4,5.0,G,540.0,0.6798759650968148,12.375888374825783,6,31,60.0,5.0,0.0,0.0
4,5.0,G,540.0,0.6798759650968148,12.375888374825783,6,32,60.0,5.0,0.0,0.0
4,5.0,G,540.0,0.6798759650968148,12.375888374825783,6,33,60.0,5.0,0.0,0.0
4,5.0,G,540.0,0.6798759650968148,12.375888374825783,6,34,60.0,5.0,0.0,0.0
4,5.0,G,540.0,0.6798759650968148,12.375888374825783,6,35,60.0,5.0,0.0,0.0
4,5.0,G,540.0,0.6798759650968148,12.375888374825783,7,0,60.0,5.0,0.0,0.0
4,5.0,G,540.0,0.6798759650968148,12.375888374825783,7,1,60.0,5.0,0.0,0.0
4,5.0,G,540.0,0.6798759650968148,12.375888374825783,7,2,60.0,5.0,0.0,0.0
4,5.0,G,540.0,0.6798759650968148,12.375888374825783,7,3,60.0,5.0,0.00392156862745098,0.01994638965273254
4,5.0,G,540.0,0.6798759650968148,12.375888374825783,7,4,60.0,5.0,0.027450980392156862,0.05298297410946823
4,5.0,G,540.0,0.6798759650968148,12.375888374825783,7,5,60.0,5.0,0.4,0.21795289157551256
4,5.0,G,540.0,0.6798759650968148,12.375888374825783,7,6,60.0,5.0,0.45098039215686275,0.2343714695941511
4,5.0,G,540.0,0.6798759650968148,12.375888374825783,7,7,60.0,5.0,0.4980392156862745,0.24937586136851997
4,5.0,G,540.0,0.6798759650968148,12.375888374825783,7,8,60.0,5.0,0.41568627450980394,0.22303326182108058
4,5.0,G,540.0,0.6798759650968148,12.375888374825783,7,9,60.0,5.0,0.09019607843137255,0.09709567612708571
4,5.0,G,540.0,0.6798759650968148,12.375888374825783,7,10,60.0,5.0,0.00784313725490196,0.028226977679718004
4,5.0,G,540.0,0.6798759650968148,12.375888374825783,7,11,60.0,5.0,0.01568627450980392,0.03997164583041206
4,5.0,G,540.0,0.6798759650968148,12.375888374825783,7,12,60.0,5.0,0.592156862745098,0.2795031214917875
4,5.0,G,540.0,0.6798759650968148,12.375888374825783,7,13,60.0,5.0,0.5647058823529412,0.2706544493931912
4,5.0,G,540.0,0.6798759650968148,12.375888374825783,7,14,60.0,5.0,0.5607843137254902,0.26939622548652403
4,5.0,G,540.0,0.6798759650968148,12.375888374825783,7,15,60.0,5.0,0.4823529411764706,0.24438159985259414
4,5.0,G,540.0,0.6798759650968148,12.375888374825783,7,16,60.0,5.0,0.47843137254901963,0.24313236161726806
4,5.0,G,540.0,0.6798759650968148,12.375888374825783,7,17,60.0,5.0,0.5176470588235295,0.2556184001474059
4,5.0,G,540.0,0.6798759650968148,12.375888374825783,7,18,60.0,5.0,0.49411764705882355,0.24812754570923665
4,5.0,G,540.0,0.6798759650968148,12.375888374825783,7,19,60.0,5.0,0.4627450980392157,0.23813039630387822
4,5.0,G,540.0,0.6798759650968148,12.375888374825783,7,20,60.0,5.0,0.5372549019607843,0.26186960369612183
4,5.0,G,540.0,0.6798759650968148,12.375888374825783,7,21,60.0,5.0,0.44313725490196076,0.23186078127719867
4,5.0,G,540.0,0.6798759650968148,12.375888374825783,7,22,60.0,5.0,0.5568627450980392,0.26813921872280133
4,5.0,G,540.0,0.6798759650968148,12.375888374825783,7,23,60.0,5.0,0.19215686274509805,0.14443943567870407
4,5.0,G,540.0,0.6798759650968148,12.375888374825783,7,24,60.0,5.0,0.4549019607843137,0.23562531267856862
4,5.0,G,540.0,0.6798759650968148,12.375888374825783,7,25,60.0,5.0,0.5764705882352941,0.27443725197219737
4,5.0,G,540.0,0.6798759650968148,12.375888374825783,7,26,60.0,5.0,0.32941176470588235,0.19458731326097745
4,5.0,G,540.0,0.6798759650968148,12.375888374825783,7,27,60.0,5.0,0.0,0.0
4,5.0,G,540.0,0.6798759650968148,12.375888374825783,7,28,60.0,5.0,0.011764705882352941,0.0345936127618576
4,5.0,G,540.0,0.6798759650968148,12.375888374825783,7,29,60.0,5.0,0.00392156862745098,0.01994638965273254
4,5.0,G,540.0,0.6798759650968148,12.375888374825783,7,30,60.0,5.0,0.0,0.0
4,5.0,G,540.0,0.6798759650968148,12.375888374825783,7,31,60.0,5.0,0.0,0.0
4,5.0,G,540.0,0.6798759650968148,12.375888374825783,7,32,60.0,5.0,0.0,0.0
4,5.0,G,540.0,0.6798759650968148,12.375888374825783,7,33,60.0,5.0,0.0,0.0
4,5.0,G,540.0,0.6798759650968148,12.375888374825783,7,34,60.0,5.0,0.0,0.0
4,5.0,G,540.0,0.6798759650968148,12.375888374825783,7,35,60.0,5.0,0.0,0.0
4,5.0,G,540.0,0.6798759650968148,12.375888374825783,8,0,60.0,5.0,0.0,0.0
4,5.0,G,540.0,0.6798759650968148,12.375888374825783,8,1,60.0,5.0,0.0,0.0
4,5.0,G,540.0,0.6798759650968148,12.375888374825783,8,2,60.0,5.0,0.00392156862745098,0.01994638965273254
4,5.0,G,540.0,0.6798759650968148,12.375888374825783,8,3,60.0,5.0,0.07058823529411765,0.08559793231834631
4,5.0,G,540.0,0.6798759650968148,12.375888374825783,8,4,60.0,5.0,0.09411764705882353,0.09925358883323245
4,5.0,G,540.0,0.6798759650968148,12.375888374825783,8,5,60.0,5.0,0.5294117647058824,0.2593674630095386
4,5.0,G,540.0,0.6798759650968148,12.375888374825783,8,6,60.0,5.0,0.5647058823529412,0.2706544493931912
4,5.0,G,540.0,0.6798759650968148,12.375888374825783,8,7,60.0,5.0,0.6352941176470588,0.29360909241000427
4,5.0,G,540.0,0.6798759650968148,12.375888374825783,8,8,60.0,5.0,0.803921568627451,0.3539825294714606
4,5.0,G,540.0,0.6798759650968148,12.375888374825783,8,9,60.0,5.0,0.3607843137254902,0.205092759971859
4,5.0,G,540.0,0.6798759650968148,12.375888374825783,8,10,60.0,5.0,0.01568627450980392,0.03997164583041206
4,5.0,G,540.0,0.6798759650968148,12.375888374825783,8,11,60.0,5.0,0.054901960784313725,0.0752836212383225
4,5.0,G,540.0,0.6798759650968148,12.375888374825783,8,12,60.0,5.0,0.39215686274509803,0.21540057603915186
4,5.0,G,540.0,0.6798759650968148,12.375888374825783,8,13,60.0,5.0,0.4117647058823529,0.22176597605076812
4,5.0,G,540.0,0.6798759650968148,12.375888374825783,8,14,60.0,5.0,0.4470588235294118,0.23311665261528658
4,5.0,G,540.0,0.6798759650968148,12.375888374825783,8,15,60.0,5.0,0.45098039215686275,0.2343714695941511
4,5.0,G,540.0,0.6798759650968148,12.375888374825783,8,16,60.0,5.0,0.4117647058823529,0.22176597605076812
4,5.0,G,540.0,0.6798759650968148,12.375888374825783,8,17,60.0,5.0,0.36470588235294116,0.20639090758999576
4,5.0,G,540.0,0.6798759650968148,12.375888374825783,8,18,60.0,5.0,0.33725490196078434,0.19723534442367363
4,5.0,G,540.0,0.6798759650968148,12.375888374825783,8,19,60.0,5.0,0.4745098039215686,0.24188269985040858
4,5.0,G,540.0,0.6798759650968148,12.375888374825783,8,20,60.0,5.0,0.4,0.21795289157551256
4,5.0,G,540.0,0.6798759650968148,12.375888374825783,8,21,60.0,5.0,0.34509803921568627,0.19986829362396183
4,5.0,G,540.0,0.6798759650968148,12.375888374825783,8,22,60.0,5.0,0.45098039215686275,0.2343714695941511
4,5.0,G,540.0,0.6798759650968148,12.375888374825783,8,23,60.0,5.0,0.10980392156862745,0.10750973625166191
4,5.0,G,540.0,0.6798759650968148,12.375888374825783,8,24,60.0,5.0,0.403921568627451,0.21922588034904109
4,5.0,G,540.0,0.6798759650968148,12.375888374825783,8,25,60.0,5.0,0.42745098039215684,0.22682512093786292
4,5.0,G,540.0,0.6798759650968148,12.375888374825783,8,26,60.0,5.0,0.18823529411764706,0.1428490794319283
4,5.0,G,540.0,0.6798759650968148,12.375888374825783,8,27,60.0,5.0,0.00784313725490196,0.028226977679718004
4,5.0,G,540.0,0.6798759650968148,12.375888374825783,8,28,60.0,5.0,0.01568627450980392,0.03997164583041206
4,5.0,G,540.0,0.6798759650968148,12.375888374825783,8,29,60.0,5.0,0.0,0.0
4,5.0,G,540.0,0.6798759650968148,12.375888374825783,8,30,60.0,5.0,0.00784313725490196,0.028226977679718004
4,5.0,G,540.0,0.6798759650968148,12.375888374825783,8,31,60.0,5.0,0.00784313725490196,0.028226977679718004
4,5.0,G,540.0,0.6798759650968148,12.375888374825783,8,32,60.0,5.0,0.00392156862745098,0.01994638965273254
4,5.0,G,540.0,0.6798759650968148,12.375888374825783,8,33,60.0,5.0,0.0,0.0
4,5.0,G,540.0,0.6798759650968148,12.375888374825783,8,34,60.0,5.0,0.0,0.0
4,5.0,G,540.0,0.6798759650968148,12.375888374825783,8,35,60.0,5.0,0.0,0.0
4,5.0,G,540.0,0.6798759650968148,12.375888374825783,9,0,60.0,5.0,0.0,0.0
4,5.0,G,540.0,0.6798759650968148,12.375888374825783,9,1,60.0,5.0,0.0,0.0
4,5.0,G,540.0,0.6798759650968148,12.375888374825783,9,2,60.0,5.0,0.0,0.0
4,5.0,G,540.0,0.6798759650968148,12.375888374825783,9,3,60.0,5.0,0.06666666666666667,0.08312898574059512
4,5.0,G,540.0,0.6798759650968148,12.375888374825783,9,4,60.0,5.0,0.13725490196078433,0.12080655096397991
4,5.0,G,540.0,0.6798759650968148,12.375888374825783,9,5,60.0,5.0,0.2823529411764706,0.17832219301287253
4,5.0,G,540.0,0.6798759650968148,12.375888374825783,9,6,60.0,5.0,0.3254901960784314,0.19325732867442041
4,5.0,G,540.0,0.6798759650968148,12.375888374825783,9,7,60.0,5.0,0.5333333333333333,0.26061820480353987
4,5.0,G,540.0,0.6798759650968148,12.375888374825783,9,8,60.0,5.0,0.6784313725490196,0.308076808304903
4,5.0,G,540.0,0.6798759650968148,12.375888374825783,9,9,60.0,5.0,0.4392156862745098,0.23060377451347597
4,5.0,G,540.0,0.6798759650968148,12.375888374825783,9,10,60.0,5.0,0.07450980392156863,0.08800426979263411
4,5.0,G,540.0,0.6798759650968148,12.375888374825783,9,11,60.0,5.0,0.01568627450980392,0.03997164583041206
4,5.0,G,540.0,0.6798759650968148,12.375888374825783,9,12,60.0,5.0,0.0,0.0
4,5.0,G,540.0,0.6798759650968148,12.375888374825783,9,13,60.0,5.0,0.0,0.0
4,5.0,G,540.0,0.6798759650968148,12.375888374825783,9,14,60.0,5.0,0.0,0.0
4,5.0,G,540.0,0.6798759650968148,12.375888374825783,9,15,60.0,5.0,0.0,0.0
4,5.0,G,540.0,0.6798759650968148,12.375888374825783,9,16,60.0,5.0,0.0,0.0
4,5.0,G,540.0,0.6798759650968148,12.375888374825783,9,17,60.0,5.0,0.054901960784313725,0.0752836212383225
4,5.0,G,540.0,0.6798759650968148,12.375888374825783,9,18,60.0,5.0,0.06274509803921569,0.08059162758159863
4,5.0,G,540.0,0.6798759650968148,12.375888374825783,9,19,60.0,5.0,0.0,0.0
4,5.0,G,540.0,0.6798759650968148,12.375888374825783,9,20,60.0,5.0,0.0,0.0
4,5.0,G,540.0,0.6798759650968148,12.375888374825783,9,21,60.0,5.0,0.03529411764705882,0.060157486757451334
4,5.0,G,540.0,0.6798759650968148,12.375888374825783,9,22,60.0,5.0,0.023529411764705882,0.049020040417914766
4,5.0,G,540.0,0.6798759650968148,12.375888374825783,9,23,60.0,5.0,0.0,0.0
4,5.0,G,540.0,0.6798759650968148,12.375888374825783,9,24,60.0,5.0,0.01568627450980392,0.03997164583041206
4,5.0,G,540.0,0.6798759650968148,12.375888374825783,9,25,60.0,5.0,0.0,0.0
4,5.0,G,540.0,0.6798759650968148,12.375888374825783,9,26,60.0,5.0,0.0,0.0
4,5.0,G,540.0,0.6798759650968148,12.375888374825783,9,27,60.0,5.0,0.0,0.0
4,5.0,G,540.0,0.6798759650968148,12.375888374825783,9,28,60.0,5.0,0.0,0.0
4,5.0,G,540.0,0.6798759650968148,12.375888374825783,9,29,60.0,5.0,0.047058823529411764,0.06960448727306395
4,5.0,G,540.0,0.6798759650968148,12.375888374825783,9,30,60.0,5.0,0.0,0.0
4,5.0,G,540.0,0.6798759650968148,12.375888374825783,9,31,60.0,5.0,0.0,0.0
4,5.0,G,540.0,0.6798759650968148,12.375888374825783,9,32,60.0,5.0,0.0,0.0
4,5.0,G,540.0,0.6798759650968148,12.375888374825783,9,33,60.0,5.0,0.0,0.0
4,5.0,G,540.0,0.6798759650968148,12.375888374825783,9,34,60.0,5.0,0.0,0.0
4,5.0,G,540.0,0.6798759650968148,12.375888374825783,9,35,60.0,5.0,0.0,0.0
4,5.0,G,540.0,0.6798759650968148,12.375888374825783,10,0,60.0,5.0,0.0,0.0
4,5.0,G,540.0,0.6798759650968148,12.375888374825783,10,1,60.0,5.0,0.00392156862745098,0.01994638965273254
4,5.0,G,540.0,0.6798759650968148,12.375888374825783,10,2,60.0,5.0,0.0,0.0
4,5.0,G,540.0,0.6798759650968148,12.375888374825783,10,3,60.0,5.0,0.08627450980392157,0.09489506791887806
4,5.0,G,540.0,0.6798759650968148,12.375888374825783,10,4,60.0,5.0,0.1607843137254902,0.13133003823498593
4,5.0,G,540.0,0.6798759650968148,12.375888374825783,10,5,60.0,5.0,0.2196078431372549,0.15524984546857312
4,5.0,G,540.0,0.6798759650968148,12.375888374825783,10,6,60.0,5.0,0.4745098039215686,0.24188269985040858
4,5.0,G,540.0,0.6798759650968148,12.375888374825783,10,7,60.0,5.0,0.29411764705882354,0.18245628008006537
4,5.0,G,540.0,0.6798759650968148,12.375888374825783,10,8,60.0,5.0,0.19215686274509805,0.14443943567870407
4,5.0,G,540.0,0.6798759650968148,12.375888374825783,10,9,60.0,5.0,0.29411764705882354,0.18245628008006537
4,5.0,G,540.0,0.6798759650968148,12.375888374825783,10,10,60.0,5.0,0.08235294117647059,0.09264867732636439
4,5.0,G,540.0,0.6798759650968148,12.375888374825783,10,11,60.0,5.0,0.050980392156862744,0.07249578895933438
4,5.0,G,540.0,0.6798759650968148,12.375888374825783,10,12,60.0,5.0,0.2980392156862745,0.18382343133011075
4,5.0,G,540.0,0.6798759650968148,12.375888374825783,10,13,60.0,5.0,0.2784313725490196,0.17693271574931582
4,5.0,G,540.0,0.6798759650968148,12.375888374825783,10,14,60.0,5.0,0.21568627450980393,0.15373730807570263
4,5.0,G,540.0,0.6798759650968148,12.375888374825783,10,15,60.0,5.0,0.21568627450980393,0.15373730807570263
4,5.0,G,540.0,0.6798759650968148,12.375888374825783,10,16,60.0,5.0,0.22745098039215686,0.15824621238176176
4,5.0,G,540.0,0.6798759650968148,12.375888374825783,10,17,60.0,5.0,0.45098039215686275,0.2343714695941511
4,5.0,G,540.0,0.6798759650968148,12.375888374825783,10,18,60.0,5.0,0.3176470588235294,0.19058476853837517
4,5.0,G,540.0,0.6798759650968148,12.375888374825783,10,19,60.0,5.0,0.1843137254901961,0.14124594593397474
4,5.0,G,540.0,0.6798759650968148,12.375888374825783,10,20,60.0,5.0,0.19215686274509805,0.14443943567870407
4,5.0,G,540.0,0.6798759650968148,12.375888374825783,10,21,60.0,5.0,0.36470588235294116,0.20639090758999576
4,5.0,G,540.0,0.6798759650968148,12.375888374825783,10,22,60.0,5.0,0.1411764705882353,0.12260956282279944
4,5.0,G,540.0,0.6798759650968148,12.375888374825783,10,23,60.0,5.0,0.45098039215686275,0.2343714695941511
4,5.0,G,540.0,0.6798759650968148,12.375888374825783,10,24,60.0,5.0,0.4392156862745098,0.23060377451347597
4,5.0,G,540.0,0.6798759650968148,12.375888374825783,10,25,60.0,5.0,0.2980392156862745,0.18382343133011075
4,5.0,G,540.0,0.6798759650968148,12.375888374825783,10,26,60.0,5.0,0.17254901960784313,0.13635495410892096
4,5.0,G,540.0,0.6798759650968148,12.375888374825783,10,27,60.0,5.0,0.2235294117647059,0.1567527086383188
4,5.0,G,540.0,0.6798759650968148,12.375888374825783,10,28,60.0,5.0,0.23137254901960785,0.1597306585446781
4,5.0,G,540.0,0.6798759650968148,12.375888374825783,10,29,60.0,5.0,0.34901960784313724,0.20117941526475813
4,5.0,G,540.0,0.6798759650968148,12.375888374825783,10,30,60.0,5.0,0.21568627450980393,0.15373730807570263
4,5.0,G,540.0,0.6798759650968148,12.375888374825783,10,31,60.0,5.0,0.2627450980392157,0.17131267163863242
4,5.0,G,540.0,0.6798759650968148,12.375888374825783,10,32,60.0,5.0,0.08627450980392157,0.09489506791887806
4,5.0,G,540.0,0.6798759650968148,12.375888374825783,10,33,60.0,5.0,0.0,0.0
4,5.0,G,540.0,0.6798759650968148,12.375888374825783,10,34,60.0,5.0,0.00392156862745098,0.01994638965273254
4,5.0,G,540.0,0.6798759650968148,12.375888374825783,10,35,60.0,5.0,0.0,0.0
4,5.0,G,540.0,0.6798759650968148,12.375888374825783,11,0,60.0,5.0,0.0,0.0
4,5.0,G,540.0,0.6798759650968148,12.375888374825783,11,1,60.0,5.0,0.0,0.0
4,5.0,G,540.0,0.6798759650968148,12.375888374825783,11,2,60.0,5.0,0.00392156862745098,0.01994638965273254
4,5.0,G,540.0,0.6798759650968148,12.375888374825783,11,3,60.0,5.0,0.0,0.0
4,5.0,G,540.0,0.6798759650968148,12.375888374825783,11,4,60.0,5.0,0.07450980392156863,0.08800426979263411
4,5.0,G,540.0,0.6798759650968148,12.375888374825783,11,5,60.0,5.0,0.10980392156862745,0.10750973625166191
4,5.0,G,540.0,0.6798759650968148,12.375888374825783,11,6,60.0,5.0,0.16470588235294117,0.1330208851941153
4,5.0,G,540.0,0.6798759650968148,12.375888374825783,11,7,60.0,5.0,0.2627450980392157,0.17131267163863242
4,5.0,G,540.0,0.6798759650968148,12.375888374825783,11,8,60.0,5.0,0.2196078431372549,0.15524984546857312
4,5.0,G,540.0,0.6798759650968148,12.375888374825783,11,9,60.0,5.0,0.1843137254901961,0.14124594593397474
4,5.0,G,540.0,0.6798759650968148,12.375888374825783,11,10,60.0,5.0,0.12941176470588237,0.11713408480877087
4,5.0,G,540.0,0.6798759650968148,12.375888374825783,11,11,60.0,5.0,0.0,0.0
4,5.0,G,540.0,0.6798759650968148,12.375888374825783,11,12,60.0,5.0,0.5411764705882353,0.26312173822002455
4,5.0,G,540.0,0.6798759650968148,12.375888374825783,11,13,60.0,5.0,0.6078431372549019,0.28459942396084814
4,5.0,G,540.0,0.6798759650968148,12.375888374825783,11,14,60.0,5.0,0.5529411764705883,0.2668833473847134
4,5.0,G,540.0,0.6798759650968148,12.375888374825783,11,15,60.0,5.0,0.5803921568627451,0.2757011764274999
4,5.0,G,540.0,0.6798759650968148,12.375888374825783,11,16,60.0,5.0,0.5686274509803921,0.27191397286132807
4,5.0,G,540.0,0.6798759650968148,12.375888374825783,11,17,60.0,5.0,0.5058823529411764,0.2518724542907634
4,5.0,G,540.0,0.6798759650968148,12.375888374825783,11,18,60.0,5.0,0.5215686274509804,0.25686763838273197
4,5.0,G,540.0,0.6798759650968148,12.375888374825783,11,19,60.0,5.0,0.5764705882352941,0.27443725197219737
4,5.0,G,540.0,0.6798759650968148,12.375888374825783,11,20,60.0,5.0,0.5450980392156862,0.2643746873214314
4,5.0,G,540.0,0.6798759650968148,12.375888374825783,11,21,60.0,5.0,0.40784313725490196,0.2204968785082125
4,5.0,G,540.0,0.6798759650968148,12.375888374825783,11,22,60.0,5.0,0.2196078431372549,0.15524984546857312
4,5.0,G,540.0,0.6798759650968148,12.375888374825783,11,23,60.0,5.0,0.5647058823529412,0.2706544493931912
4,5.0,G,540.0,0.6798759650968148,12.375888374825783,11,24,60.0,5.0,0.4627450980392157,0.23813039630387822
4,5.0,G,540.0,0.6798759650968148,12.375888374825783,11,25,60.0,5.0,0.5215686274509804,0.25686763838273197
4,5.0,G,540.0,0.6798759650968148,12.375888374825783,11,26,60.0,5.0,0.5529411764705883,0.2668833473847134
4,5.0,G,540.0,0.6798759650968148,12.375888374825783,11,27,60.0,5.0,0.5137254901960784,0.25436950811775705
4,5.0,G,540.0,0.6798759650968148,12.375888374825783,11,28,60.0,5.0,0.48627450980392156,0.24563049188224292
4,5.0,G,540.0,0.6798759650968148,12.375888374825783,11,29,60.0,5.0,0.5803921568627451,0.2757011764274999
4,5.0,G,540.0,0.6798759650968148,12.375888374825783,11,30,60.0,5.0,0.4392156862745098,0.23060377451347597
4,5.0,G,540.0,0.6798759650968148,12.375888374825783,11,31,60.0,5.0,0.4588235294117647,0.23687826177997542
4,5.0,G,540.0,0.6798759650968148,12.375888374825783,11,32,60.0,5.0,0.30196078431372547,0.1851854165236684
4,5.0,G,540.0,0.6798759650968148,12.375888374825783,11,33,60.0,5.0,0.0,0.0
4,5.0,G,540.0,0.6798759650968148,12.375888374825783,11,34,60.0,5.0,0.00784313725490196,0.028226977679718004
4,5.0,G,540.0,0.6798759650968148,12.375888374825783,11,35,60.0,5.0,0.0,0.0
4,5.0,G,540.0,0.6798759650968148,12.375888374825783,12,0,60.0,5.0,0.0,0.0
4,5.0,G,540.0,0.6798759650968148,12.375888374825783,12,1,60.0,5.0,0.0,0.0
4,5.0,G,540.0,0.6798759650968148,12.375888374825783,12,2,60.0,5.0,0.0,0.0
4,5.0,G,540.0,0.6798759650968148,12.375888374825783,12,3,60.0,5.0,0.00784313725490196,0.028226977679718004
4,5.0,G,540.0,0.6798759650968148,12.375888374825783,12,4,60.0,5.0,0.0,0.0
4,5.0,G,540.0,0.6798759650968148,12.375888374825783,12,5,60.0,5.0,0.12941176470588237,0.11713408480877087
4,5.0,G,540.0,0.6798759650968148,12.375888374825783,12,6,60.0,5.0,0.3333333333333333,0.19591327601530364
4,5.0,G,540.0,0.6798759650968148,12.375888374825783,12,7,60.0,5.0,0.26666666666666666,0.1727273908759613
4,5.0,G,540.0,0.6798759650968148,12.375888374825783,12,8,60.0,5.0,0.18823529411764706,0.1428490794319283
4,5.0,G,540.0,0.6798759650968148,12.375888374825783,12,9,60.0,5.0,0.20784313725490197,0.15068188153318207
4,5.0,G,540.0,0.6798759650968148,12.375888374825783,12,10,60.0,5.0,0.01568627450980392,0.03997164583041206
4,5.0,G,540.0,0.6798759650968148,12.375888374825783,12,11,60.0,5.0,0.03137254901960784,0.05667903330417266
4,5.0,G,540.0,0.6798759650968148,12.375888374825783,12,12,60.0,5.0,0.26666666666666666,0.1727273908759613
4,5.0,G,540.0,0.6798759650968148,12.375888374825783,12,13,60.0,5.0,0.41568627450980394,0.22303326182108058
4,5.0,G,540.0,0.6798759650968148,12.375888374825783,12,14,60.0,5.0,0.42745098039215684,0.22682512093786292
4,5.0,G,540.0,0.6798759650968148,12.375888374825783,12,15,60.0,5.0,0.3803921568627451,0.21155484953700343
4,5.0,G,540.0,0.6798759650968148,12.375888374825783,12,16,60.0,5.0,0.34509803921568627,0.19986829362396183
4,5.0,G,540.0,0.6798759650968148,12.375888374825783,12,17,60.0,5.0,0.24313725490196078,0.1641324917521111
4,5.0,G,540.0,0.6798759650968148,12.375888374825783,12,18,60.0,5.0,0.2549019607843137,0.1684625831810239
4,5.0,G,540.0,0.6798759650968148,12.375888374825783,12,19,60.0,5.0,0.2823529411764706,0.17832219301287253
4,5.0,G,540.0,0.6798759650968148,12.375888374825783,12,20,60.0,5.0,0.27058823529411763,0.17413550547828363
4,5.0,G,540.0,0.6798759650968148,12.375888374825783,12,21,60.0,5.0,0.2549019607843137,0.1684625831810239
4,5.0,G,540.0,0.6798759650968148,12.375888374825783,12,22,60.0,5.0,0.13725490196078433,0.12080655096397991
4,5.0,G,540.0,0.6798759650968148,12.375888374825783,12,23,60.0,5.0,0.15294117647058825,0.12789737021175648
4,5.0,G,540.0,0.6798759650968148,12.375888374825783,12,24,60.0,5.0,0.13725490196078433,0.12080655096397991
4,5.0,G,540.0,0.6798759650968148,12.375888374825783,12,25,60.0,5.0,0.26666666666666666,0.1727273908759613
4,5.0,G,540.0,0.6798759650968148,12.375888374825783,12,26,60.0,5.0,0.3568627450980392,0.20379153547696685
4,5.0,G,540.0,0.6798759650968148,12.375888374825783,12,27,60.0,5.0,0.25098039215686274,0.16702677744422859
4,5.0,G,540.0,0.6798759650968148,12.375888374825783,12,28,60.0,5.0,0.3254901960784314,0.19325732867442041
4,5.0,G,540.0,0.6798759650968148,12.375888374825783,12,29,60.0,5.0,0.27058823529411763,0.17413550547828363
4,5.0,G,540.0,0.6798759650968148,12.375888374825783,12,30,60.0,5.0,0.2784313725490196,0.17693271574931582
4,5.0,G,540.0,0.6798759650968148,12.375888374825783,12,31,60.0,5.0,0.3215686274509804,0.19192319169509703
4,5.0,G,540.0,0.6798759650968148,12.375888374825783,12,32,60.0,5.0,0.23529411764705882,0.1612063368033418
4,5.0,G,540.0,0.6798759650968148,12.375888374825783,12,33,60.0,5.0,0.0,0.0
4,5.0,G,540.0,0.6798759650968148,12.375888374825783,12,34,60.0,5.0,0.00784313725490196,0.028226977679718004
4,5.0,G,540.0,0.6798759650968148,12.375888374825783,12,35,60.0,5.0,0.0,0.0
4,5.0,G,540.0,0.6798759650968148,12.375888374825783,13,0,60.0,5.0,0.0,0.0
4,5.0,G,540.0,0.6798759650968148,12.375888374825783,13,1,60.0,5.0,0.0,0.0
4,5.0,G,540.0,0.6798759650968148,12.375888374825783,13,2,60.0,5.0,0.0,0.0
4,5.0,G,540.0,0.6798759650968148,12.375888374825783,13,3,60.0,5.0,0.0,0.0
4,5.0,G,540.0,0.6798759650968148,12.375888374825783,13,4,60.0,5.0,0.0,0.0
4,5.0,G,540.0,0.6798759650968148,12.375888374825783,13,5,60.0,5.0,0.03529411764705882,0.060157486757451334
4,5.0,G,540.0,0.6798759650968148,12.375888374825783,13,6,60.0,5.0,0.058823529411764705,0.07797913037736934
4,5.0,G,540.0,0.6798759650968148,12.375888374825783,13,7,60.0,5.0,0.027450980392156862,0.05298297410946823
4,5.0,G,540.0,0.6798759650968148,12.375888374825783,13,8,60.0,5.0,0.13333333333333333,0.11898174462796458
4,5.0,G,540.0,0.6798759650968148,12.375888374825783,13,9,60.0,5.0,0.11764705882352941,0.11144213027334762
4,5.0,G,540.0,0.6798759650968148,12.375888374825783,13,10,60.0,5.0,0.0,0.0
4,5.0,G,540.0,0.6798759650968148,12.375888374825783,13,11,60.0,5.0,0.00392156862745098,0.01994638965273254
4,5.0,G,540.0,0.6798759650968148,12.375888374825783,13,12,60.0,5.0,0.0,0.0
4,5.0,G,540.0,0.6798759650968148,12.375888374825783,13,13,60.0,5.0,0.0,0.0
4,5.0,G,540.0,0.6798759650968148,12.375888374825783,13,14,60.0,5.0,0.027450980392156862,0.05298297410946823
4,5.0,G,540.0,0.6798759650968148,12.375888374825783,13,15,60.0,5.0,0.0392156862745098,0.06345418699423495
4,5.0,G,540.0,0.6798759650968148,12.375888374825783,13,16,60.0,5.0,0.0,0.0
4,5.0,G,540.0,0.6798759650968148,12.375888374825783,13,17,60.0,5.0,0.0,0.0
4,5.0,G,540.0,0.6798759650968148,12.375888374825783,13,18,60.0,5.0,0.0,0.0
4,5.0,G,540.0,0.6798759650968148,12.375888374825783,13,19,60.0,5.0,0.0,0.0
4,5.0,G,540.0,0.6798759650968148,12.375888374825783,13,20,60.0,5.0,0.0,0.0
4,5.0,G,540.0,0.6798759650968148,12.375888374825783,13,21,60.0,5.0,0.0,0.0
4,5.0,G,540.0,0.6798759650968148,12.375888374825783,13,22,60.0,5.0,0.0,0.0
4,5.0,G,540.0,0.6798759650968148,12.375888374825783,13,23,60.0,5.0,0.0,0.0
4,5.0,G,540.0,0.6798759650968148,12.375888374825783,13,24,60.0,5.0,0.0,0.0
4,5.0,G,540.0,0.6798759650968148,12.375888374825783,13,25,60.0,5.0,0.0,0.0
4,5.0,G,540.0,0.6798759650968148,12.375888374825783,13,26,60.0,5.0,0.06274509803921569,0.08059162758159863
4,5.0,G,540.0,0.6798759650968148,12.375888374825783,13,27,60.0,5.0,0.0196078431372549,0.04471926097515774
4,5.0,G,540.0,0.6798759650968148,12.375888374825783,13,28,60.0,5.0,0.0,0.0
4,5.0,G,540.0,0.6798759650968148,12.375888374825783,13,29,60.0,5.0,0.0,0.0
4,5.0,G,540.0,0.6798759650968148,12.375888374825783,13,30,60.0,5.0,0.0,0.0
4,5.0,G,540.0,0.6798759650968148,12.375888374825783,13,31,60.0,5.0,0.0,0.0
4,5.0,G,540.0,0.6798759650968148,12.375888374825783,13,32,60.0,5.0,0.0,0.0
4,5.0,G,540.0,0.6798759650968148,12.375888374825783,13,33,60.0,5.0,0.0,0.0
4,5.0,G,540.0,0.6798759650968148,12.375888374825783,13,34,60.0,5.0,0.0,0.0
4,5.0,G,540.0,0.6798759650968148,12.375888374825783,13,35,60.0,5.0,0.0,0.0
4,5.0,G,540.0,0.6798759650968148,12.375888374825783,14,0,60.0,5.0,0.0,0.0
4,5.0,G,540.0,0.6798759650968148,12.375888374825783,14,1,60.0,5.0,0.0,0.0
4,5.0,G,540.0,0.6798759650968148,12.375888374825783,14,2,60.0,5.0,0.0,0.0
4,5.0,G,540.0,0.6798759650968148,12.375888374825783,14,3,60.0,5.0,0.0,0.0
4,5.0,G,540.0,0.6798759650968148,12.375888374825783,14,4,60.0,5.0,0.0,0.0
4,5.0,G,540.0,0.6798759650968148,12.375888374825783,14,5,60.0,5.0,0.0,0.0
4,5.0,G,540.0,0.6798759650968148,12.375888374825783,14,6,60.0,5.0,0.0,0.0
4,5.0,G,540.0,0.6798759650968148,12.375888374825783,14,7,60.0,5.0,0.0,0.0
4,5.0,G,540.0,0.6798759650968148,12.375888374825783,14,8,60.0,5.0,0.0,0.0
4,5.0,G,540.0,0.6798759650968148,12.375888374825783,14,9,60.0,5.0,0.0,0.0
4,5.0,G,540.0,0.6798759650968148,12.375888374825783,14,10,60.0,5.0,0.0,0.0
4,5.0,G,540.0,0.6798759650968148,12.375888374825783,14,11,60.0,5.0,0.0,0.0
4,5.0,G,540.0,0.6798759650968148,12.375888374825783,14,12,60.0,5.0,0.00784313725490196,0.028226977679718004
4,5.0,G,540.0,0.6798759650968148,12.375888374825783,14,13,60.0,5.0,0.0,0.0
4,5.0,G,540.0,0.6798759650968148,12.375888374825783,14,14,60.0,5.0,0.0,0.0
4,5.0,G,540.0,0.6798759650968148,12.375888374825783,14,15,60.0,5.0,0.0,0.0
4,5.0,G,540.0,0.6798759650968148,12.375888374825783,14,16,60.0,5.0,0.0,0.0
4,5.0,G,540.0,0.6798759650968148,12.375888374825783,14,17,60.0,5.0,0.00784313725490196,0.028226977679718004
4,5.0,G,540.0,0.6798759650968148,12.375888374825783,14,18,60.0,5.0,0.00784313725490196,0.028226977679718004
4,5.0,G,540.0,0.6798759650968148,12.375888374825783,14,19,60.0,5.0,0.00784313725490196,0.028226977679718004
4,5.0,G,540.0,0.6798759650968148,12.375888374825783,14,20,60.0,5.0,0.00784313725490196,0.028226977679718004
4,5.0,G,540.0,0.6798759650968148,12.375888374825783,14,21,60.0,5.0,0.00392156862745098,0.01994638965273254
4,5.0,G,540.0,0.6798759650968148,12.375888374825783,14,22,60.0,5.0,0.00392156862745098,0.01994638965273254
4,5.0,G,540.0,0.6798759650968148,12.375888374825783,14,23,60.0,5.0,0.00392156862745098,0.01994638965273254
4,5.0,G,540.0,0.6798759650968148,12.375888374825783,14,24,60.0,5.0,0.00392156862745098,0.01994638965273254
4,5.0,G,540.0,0.6798759650968148,12.375888374825783,14,25,60.0,5.0,0.00784313725490196,0.028226977679718004
4,5.0,G,540.0,0.6798759650968148,12.375888374825783,14,26,60.0,5.0,0.0,0.0
4,5.0,G,540.0,0.6798759650968148,12.375888374825783,14,27,60.0,5.0,0.0,0.0
4,5.0,G,540.0,0.6798759650968148,12.375888374825783,14,28,60.0,5.0,0.00392156862745098,0.01994638965273254
4,5.0,G,540.0,0.6798759650968148,12.375888374825783,14,29,60.0,5.0,0.00784313725490196,0.028226977679718004
4,5.0,G,540.0,0.6798759650968148,12.375888374825783,14,30,60.0,5.0,0.00392156862745098,0.01994638965273254
4,5.0,G,540.0,0.6798759650968148,12.375888374825783,14,31,60.0,5.0,0.00392156862745098,0.01994638965273254
4,5.0,G,540.0,0.6798759650968148,12.375888374825783,14,32,60.0,5.0,0.00392156862745098,0.01994638965273254
4,5.0,G,540.0,0.6798759650968148,12.375888374825783,14,33,60.0,5.0,0.0,0.0
4,5.0,G,540.0,0.6798759650968148,12.375888374825783,14,34,60.0,5.0,0.0,0.0
4,5.0,G,540.0,0.6798759650968148,12.375888374825783,14,35,60.0,5.0,0.0,0.0
4,5.0,G,540.0,0.6798759650968148,12.375888374825783,15,0,60.0,5.0,0.0,0.0
4,5.0,G,540.0,0.6798759650968148,12.375888374825783,15,1,60.0,5.0,0.0,0.0
4,5.0,G,540.0,0.6798759650968148,12.375888374825783,15,2,60.0,5.0,0.0,0.0
4,5.0,G,540.0,0.6798759650968148,12.375888374825783,15,3,60.0,5.0,0.0,0.0
4,5.0,G,540.0,0.6798759650968148,12.375888374825783,15,4,60.0,5.0,0.0,0.0
4,5.0,G,540.0,0.6798759650968148,12.375888374825783,15,5,60.0,5.0,0.0,0.0
4,5.0,G,540.0,0.6798759650968148,12.375888374825783,15,6,60.0,5.0,0.00392156862745098,0.01994638965273254
4,5.0,G,540.0,0.6798759650968148,12.375888374825783,15,7,60.0,5.0,0.0,0.0
4,5.0,G,540.0,0.6798759650968148,12.375888374825783,15,8,60.0,5.0,0.0,0.0
4,5.0,G,540.0,0.6798759650968148,12.375888374825783,15,9,60.0,5.0,0.00392156862745098,0.01994638965273254
4,5.0,G,540.0,0.6798759650968148,12.375888374825783,15,10,60.0,5.0,0.0,0.0
4,5.0,G,540.0,0.6798759650968148,12.375888374825783,15,11,60.0,5.0,0.0,0.0
4,5.0,G,540.0,0.6798759650968148,12.375888374825783,15,12,60.0,5.0,0.0,0.0
4,5.0,G,540.0,0.6798759650968148,12.375888374825783,15,13,60.0,5.0,0.0,0.0
4,5.0,G,540.0,0.6798759650968148,12.375888374825783,15,14,60.0,5.0,0.00392156862745098,0.01994638965273254
4,5.0,G,540.0,0.6798759650968148,12.375888374825783,15,15,60.0,5.0,0.00392156862745098,0.01994638965273254
4,5.0,G,540.0,0.6798759650968148,12.375888374825783,15,16,60.0,5.0,0.0,0.0
4,5.0,G,540.0,0.6798759650968148,12.375888374825783,15,17,60.0,5.0,0.0,0.0
4,5.0,G,540.0,0.6798759650968148,12.375888374825783,15,18,60.0,5.0,0.0,0.0
4,5.0,G,540.0,0.6798759650968148,12.375888374825783,15,19,60.0,5.0,0.0,0.0
4,5.0,G,540.0,0.6798759650968148,12.375888374825783,15,20,60.0,5.0,0.0,0.0
4,5.0,G,540.0,0.6798759650968148,12.375888374825783,15,21,60.0,5.0,0.0,0.0
4,5.0,G,540.0,0.6798759650968148,12.375888374825783,15,22,60.0,5.0,0.0,0.0
4,5.0,G,540.0,0.6798759650968148,12.375888374825783,15,23,60.0,5.0,0.0,0.0
4,5.0,G,540.0,0.6798759650968148,12.375888374825783,15,24,60.0,5.0,0.0,0.0
4,5.0,G,540.0,0.6798759650968148,12.375888374825783,15,25,60.0,5.0,0.0,0.0
4,5.0,G,540.0,0.6798759650968148,12.375888374825783,15,26,60.0,5.0,0.00392156862745098,0.01994638965273254
4,5.0,G,540.0,0.6798759650968148,12.375888374825783,15,27,60.0,5.0,0.0,0.0
4,5.0,G,540.0,0.6798759650968148,12.375888374825783,15,28,60.0,5.0,0.0,0.0
4,5.0,G,540.0,0.6798759650968148,12.375888374825783,15,29,60.0,5.0,0.0,0.0
4,5.0,G,540.0,0.6798759650968148,12.375888374825783,15,30,60.0,5.0,0.0,0.0
4,5.0,G,540.0,0.6798759650968148,12.375888374825783,15,31,60.0,5.0,0.0,0.0
4,5.0,G,540.0,0.6798759650968148,12.375888374825783,15,32,60.0,5.0,0.0,0.0
4,5.0,G,540.0,0.6798759650968148,12.375888374825783,15,33,60.0,5.0,0.0,0.0
4,5.0,G,540.0,0.6798759650968148,12.375888374825783,15,34,60.0,5.0,0.0,0.0
4,5.0,G,540.0,0.6798759650968148,12.375888374825783,15,35,60.0,5.0,0.0,0.0
4,5.0,G,540.0,0.6798759650968148,12.375888374825783,16,0,60.0,5.0,0.0,0.0
4,5.0,G,540.0,0.6798759650968148,12.375888374825783,16,1,60.0,5.0,0.0,0.0
4,5.0,G,540.0,0.6798759650968148,12.375888374825783,16,2,60.0,5.0,0.0,0.0
4,5.0,G,540.0,0.6798759650968148,12.375888374825783,16,3,60.0,5.0,0.0,0.0
4,5.0,G,540.0,0.6798759650968148,12.375888374825783,16,4,60.0,5.0,0.0,0.0
4,5.0,G,540.0,0.6798759650968148,12.375888374825783,16,5,60.0,5.0,0.0,0.0
4,5.0,G,540.0,0.6798759650968148,12.375888374825783,16,6,60.0,5.0,0.0,0.0
4,5.0,G,540.0,0.6798759650968148,12.375888374825783,16,7,60.0,5.0,0.0,0.0
4,5.0,G,540.0,0.6798759650968148,12.375888374825783,16,8,60.0,5.0,0.0,0.0
4,5.0,G,540.0,0.6798759650968148,12.375888374825783,16,9,60.0,5.0,0.0,0.0
4,5.0,G,540.0,0.6798759650968148,12.375888374825783,16,10,60.0,5.0,0.0,0.0
4,5.0,G,540.0,0.6798759650968148,12.375888374825783,16,11,60.0,5.0,0.0,0.0
4,5.0,G,540.0,0.6798759650968148,12.375888374825783,16,12,60.0,5.0,0.0,0.0
4,5.0,G,540.0,0.6798759650968148,12.375888374825783,16,13,60.0,5.0,0.0,0.0
4,5.0,G,540.0,0.6798759650968148,12.375888374825783,16,14,60.0,5.0,0.0,0.0
4,5.0,G,540.0,0.6798759650968148,12.375888374825783,16,15,60.0,5.0,0.0,0.0
4,5.0,G,540.0,0.6798759650968148,12.375888374825783,16,16,60.0,5.0,0.0,0.0
4,5.0,G,540.0,0.6798759650968148,12.375888374825783,16,17,60.0,5.0,0.0,0.0
4,5.0,G,540.0,0.6798759650968148,12.375888374825783,16,18,60.0,5.0,0.0,0.0
4,5.0,G,540.0,0.6798759650968148,12.375888374825783,16,19,60.0,5.0,0.0,0.0
4,5.0,G,540.0,0.6798759650968148,12.375888374825783,16,20,60.0,5.0,0.0,0.0
4,5.0,G,540.0,0.6798759650968148,12.375888374825783,16,21,60.0,5.0,0.0,0.0
4,5.0,G,540.0,0.6798759650968148,12.375888374825783,16,22,60.0,5.0,0.0,0.0
4,5.0,G,540.0,0.6798759650968148,12.375888374825783,16,23,60.0,5.0,0.0,0.0
4,5.0,G,540.0,0.6798759650968148,12.375888374825783,16,24,60.0,5.0,0.0,0.0
4,5.0,G,540.0,0.6798759650968148,12.375888374825783,16,25,60.0,5.0,0.0,0.0
4,5.0,G,540.0,0.6798759650968148,12.375888374825783,16,26,60.0,5.0,0.0,0.0
4,5.0,G,540.0,0.6798759650968148,12.375888374825783,16,27,60.0,5.0,0.0,0.0
4,5.0,G,540.0,0.6798759650968148,12.375888374825783,16,28,60.0,5.0,0.0,0.0
4,5.0,G,540.0,0.6798759650968148,12.375888374825783,16,29,60.0,5.0,0.0,0.0
4,5.0,G,540.0,0.6798759650968148,12.375888374825783,16,30,60.0,5.0,0.0,0.0
4,5.0,G,540.0,0.6798759650968148,12.375888374825783,16,31,60.0,5.0,0.0,0.0
4,5.0,G,540.0,0.6798759650968148,12.375888374825783,16,32,60.0,5.0,0.0,0.0
4,5.0,G,540.0,0.6798759650968148,12.375888374825783,16,33,60.0,5.0,0.0,0.0
4,5.0,G,540.0,0.6798759650968148,12.375888374825783,16,34,60.0,5.0,0.0,0.0
4,5.0,G,540.0,0.6798759650968148,12.375888374825783,16,35,60.0,5.0,0.0,0.0
4,5.0,G,540.0,0.6798759650968148,12.375888374825783,17,0,60.0,5.0,0.0,0.0
4,5.0,G,540.0,0.6798759650968148,12.375888374825783,17,1,60.0,5.0,0.0,0.0
4,5.0,G,540.0,0.6798759650968148,12.375888374825783,17,2,60.0,5.0,0.0,0.0
4,5.0,G,540.0,0.6798759650968148,12.375888374825783,17,3,60.0,5.0,0.0,0.0
4,5.0,G,540.0,0.6798759650968148,12.375888374825783,17,4,60.0,5.0,0.0,0.0
4,5.0,G,540.0,0.6798759650968148,12.375888374825783,17,5,60.0,5.0,0.0,0.0
4,5.0,G,540.0,0.6798759650968148,12.375888374825783,17,6,60.0,5.0,0.0,0.0
4,5.0,G,540.0,0.6798759650968148,12.375888374825783,17,7,60.0,5.0,0.0,0.0
4,5.0,G,540.0,0.6798759650968148,12.375888374825783,17,8,60.0,5.0,0.0,0.0
4,5.0,G,540.0,0.6798759650968148,12.375888374825783,17,9,60.0,5.0,0.0,0.0
4,5.0,G,540.0,0.6798759650968148,12.375888374825783,17,10,60.0,5.0,0.0,0.0
4,5.0,G,540.0,0.6798759650968148,12.375888374825783,17,11,60.0,5.0,0.0,0.0
4,5.0,G,540.0,0.6798759650968148,12.375888374825783,17,12,60.0,5.0,0.0,0.0
4,5.0,G,540.0,0.6798759650968148,12.375888374825783,17,13,60.0,5.0,0.0,0.0
4,5.0,G,540.0,0.6798759650968148,12.375888374825783,17,14,60.0,5.0,0.0,0.0
4,5.0,G,540.0,0.6798759650968148,12.375888374825783,17,15,60.0,5.0,0.0,0.0
4,5.0,G,540.0,0.6798759650968148,12.375888374825783,17,16,60.0,5.0,0.0,0.0
4,5.0,G,540.0,0.6798759650968148,12.375888374825783,17,17,60.0,5.0,0.0,0.0
4,5.0,G,540.0,0.6798759650968148,12.375888374825783,17,18,60.0,5.0,0.0,0.0
4,5.0,G,540.0,0.6798759650968148,12.375888374825783,17,19,60.0,5.0,0.0,0.0
4,5.0,G,540.0,0.6798759650968148,12.375888374825783,17,20,60.0,5.0,0.0,0.0
4,5.0,G,540.0,0.6798759650968148,12.375888374825783,17,21,60.0,5.0,0.0,0.0
4,5.0,G,540.0,0.6798759650968148,12.375888374825783,17,22,60.0,5.0,0.0,0.0
4,5.0,G,540.0,0.6798759650968148,12.375888374825783,17,23,60.0,5.0,0.0,0.0
4,5.0,G,540.0,0.6798759650968148,12.375888374825783,17,24,60.0,5.0,0.0,0.0
4,5.0,G,540.0,0.6798759650968148,12.375888374825783,17,25,60.0,5.0,0.0,0.0
4,5.0,G,540.0,0.6798759650968148,12.375888374825783,17,26,60.0,5.0,0.0,0.0
4,5.0,G,540.0,0.6798759650968148,12.375888374825783,17,27,60.0,5.0,0.0,0.0
4,5.0,G,540.0,0.6798759650968148,12.375888374825783,17,28,60.0,5.0,0.0,0.0
4,5.0,G,540.0,0.6798759650968148,12.375888374825783,17,29,60.0,5.0,0.0,0.0
4,5.0,G,540.0,0.6798759650968148,12.375888374825783,17,30,60.0,5.0,0.0,0.0
4,5.0,G,540.0,0.6798759650968148,12.375888374825783,17,31,60.0,5.0,0.0,0.0
4,5.0,G,540.0,0.6798759650968148,12.375888374825783,17,32,60.0,5.0,0.0,0.0
4,5.0,G,540.0,0.6798759650968148,12.375888374825783,17,33,60.0,5.0,0.0,0.0
4,5.0,G,540.0,0.6798759650968148,12.375888374825783,17,34,60.0,5.0,0.0,0.0
4,5.0,G,540.0,0.6798759650968148,12.375888374825783,17,35,60.0,5.0,0.0,0.0
4,5.0,G,540.0,0.6798759650968148,12.375888374825783,18,0,60.0,5.0,0.0,0.0
4,5.0,G,540.0,0.6798759650968148,12.375888374825783,18,1,60.0,5.0,0.0,0.0
4,5.0,G,540.0,0.6798759650968148,12.375888374825783,18,2,60.0,5.0,0.0,0.0
4,5.0,G,540.0,0.6798759650968148,12.375888374825783,18,3,60.0,5.0,0.0,0.0
4,5.0,G,540.0,0.6798759650968148,12.375888374825783,18,4,60.0,5.0,0.0,0.0
4,5.0,G,540.0,0.6798759650968148,12.375888374825783,18,5,60.0,5.0,0.0,0.0
4,5.0,G,540.0,0.6798759650968148,12.375888374825783,18,6,60.0,5.0,0.0,0.0
4,5.0,G,540.0,0.6798759650968148,12.375888374825783,18,7,60.0,5.0,0.0,0.0
4,5.0,G,540.0,0.6798759650968148,12.375888374825783,18,8,60.0,5.0,0.0,0.0
4,5.0,G,540.0,0.6798759650968148,12.375888374825783,18,9,60.0,5.0,0.0,0.0
4,5.0,G,540.0,0.6798759650968148,12.375888374825783,18,10,60.0,5.0,0.0,0.0
4,5.0,G,540.0,0.6798759650968148,12.375888374825783,18,11,60.0,5.0,0.0,0.0
4,5.0,G,540.0,0.6798759650968148,12.375888374825783,18,12,60.0,5.0,0.0,0.0
4,5.0,G,540.0,0.6798759650968148,12.375888374825783,18,13,60.0,5.0,0.0,0.0
4,5.0,G,540.0,0.6798759650968148,12.375888374825783,18,14,60.0,5.0,0.0,0.0
4,5.0,G,540.0,0.6798759650968148,12.375888374825783,18,15,60.0,5.0,0.0,0.0
4,5.0,G,540.0,0.6798759650968148,12.375888374825783,18,16,60.0,5.0,0.0,0.0
4,5.0,G,540.0,0.6798759650968148,12.375888374825783,18,17,60.0,5.0,0.0,0.0
4,5.0,G,540.0,0.6798759650968148,12.375888374825783,18,18,60.0,5.0,0.0,0.0
4,5.0,G,540.0,0.6798759650968148,12.375888374825783,18,19,60.0,5.0,0.0,0.0
4,5.0,G,540.0,0.6798759650968148,12.375888374825783,18,20,60.0,5.0,0.0,0.0
4,5.0,G,540.0,0.6798759650968148,12.375888374825783,18,21,60.0,5.0,0.0,0.0
4,5.0,G,540.0,0.6798759650968148,12.375888374825783,18,22,60.0,5.0,0.0,0.0
4,5.0,G,540.0,0.6798759650968148,12.375888374825783,18,23,60.0,5.0,0.0,0.0
4,5.0,G,540.0,0.6798759650968148,12.375888374825783,18,24,60.0,5.0,0.0,0.0
4,5.0,G,540.0,0.6798759650968148,12.375888374825783,18,25,60.0,5.0,0.0,0.0
4,5.0,G,540.0,0.6798759650968148,12.375888374825783,18,26,60.0,5.0,0.0,0.0
4,5.0,G,540.0,0.6798759650968148,12.375888374825783,18,27,60.0,5.0,0.0,0.0
4,5.0,G,540.0,0.6798759650968148,12.375888374825783,18,28,60.0,5.0,0.0,0.0
4,5.0,G,540.0,0.6798759650968148,12.375888374825783,18,29,60.0,5.0,0.0,0.0
4,5.0,G,540.0,0.6798759650968148,12.375888374825783,18,30,60.0,5.0,0.0,0.0
4,5.0,G,540.0,0.6798759650968148,12.375888374825783,18,31,60.0,5.0,0.0,0.0
4,5.0,G,540.0,0.6798759650968148,12.375888374825783,18,32,60.0,5.0,0.0,0.0
4,5.0,G,540.0,0.6798759650968148,12.375888374825783,18,33,60.0,5.0,0.0,0.0
4,5.0,G,540.0,0.6798759650968148,12.375888374825783,18,34,60.0,5.0,0.0,0.0
4,5.0,G,540.0,0.6798759650968148,12.375888374825783,18,35,60.0,5.0,0.0,0.0
4,5.0,G,540.0,0.6798759650968148,12.375888374825783,19,0,60.0,5.0,0.0,0.0
4,5.0,G,540.0,0.6798759650968148,12.375888374825783,19,1,60.0,5.0,0.0,0.0
4,5.0,G,540.0,0.6798759650968148,12.375888374825783,19,2,60.0,5.0,0.0,0.0
4,5.0,G,540.0,0.6798759650968148,12.375888374825783,19,3,60.0,5.0,0.0,0.0
4,5.0,G,540.0,0.6798759650968148,12.375888374825783,19,4,60.0,5.0,0.0,0.0
4,5.0,G,540.0,0.6798759650968148,12.375888374825783,19,5,60.0,5.0,0.0,0.0
4,5.0,G,540.0,0.6798759650968148,12.375888374825783,19,6,60.0,5.0,0.0,0.0
4,5.0,G,540.0,0.6798759650968148,12.375888374825783,19,7,60.0,5.0,0.0,0.0
4,5.0,G,540.0,0.6798759650968148,12.375888374825783,19,8,60.0,5.0,0.0,0.0
4,5.0,G,540.0,0.6798759650968148,12.375888374825783,19,9,60.0,5.0,0.0,0.0
4,5.0,G,540.0,0.6798759650968148,12.375888374825783,19,10,60.0,5.0,0.0,0.0
4,5.0,G,540.0,0.6798759650968148,12.375888374825783,19,11,60.0,5.0,0.0,0.0
4,5.0,G,540.0,0.6798759650968148,12.375888374825783,19,12,60.0,5.0,0.0,0.0
4,5.0,G,540.0,0.6798759650968148,12.375888374825783,19,13,60.0,5.0,0.0,0.0
4,5.0,G,540.0,0.6798759650968148,12.375888374825783,19,14,60.0,5.0,0.0,0.0
4,5.0,G,540.0,0.6798759650968148,12.375888374825783,19,15,60.0,5.0,0.0,0.0
4,5.0,G,540.0,0.6798759650968148,12.375888374825783,19,16,60.0,5.0,0.0,0.0
4,5.0,G,540.0,0.6798759650968148,12.375888374825783,19,17,60.0,5.0,0.0,0.0
4,5.0,G,540.0,0.6798759650968148,12.375888374825783,19,18,60.0,5.0,0.0,0.0
4,5.0,G,540.0,0.6798759650968148,12.375888374825783,19,19,60.0,5.0,0.0,0.0
4,5.0,G,540.0,0.6798759650968148,12.375888374825783,19,20,60.0,5.0,0.0,0.0
4,5.0,G,540.0,0.6798759650968148,12.375888374825783,19,21,60.0,5.0,0.0,0.0
4,5.0,G,540.0,0.6798759650968148,12.375888374825783,19,22,60.0,5.0,0.0,0.0
4,5.0,G,540.0,0.6798759650968148,12.375888374825783,19,23,60.0,5.0,0.0,0.0
4,5.0,G,540.0,0.6798759650968148,12.375888374825783,19,24,60.0,5.0,0.0,0.0
4,5.0,G,540.0,0.6798759650968148,12.375888374825783,19,25,60.0,5.0,0.0,0.0
4,5.0,G,540.0,0.6798759650968148,12.375888374825783,19,26,60.0,5.0,0.0,0.0
4,5.0,G,540.0,0.6798759650968148,12.375888374825783,19,27,60.0,5.0,0.0,0.0
4,5.0,G,540.0,0.6798759650968148,12.375888374825783,19,28,60.0,5.0,0.0,0.0
4,5.0,G,540.0,0.6798759650968148,12.375888374825783,19,29,60.0,5.0,0.0,0.0
4,5.0,G,540.0,0.6798759650968148,12.375888374825783,19,30,60.0,5.0,0.0,0.0
4,5.0,G,540.0,0.6798759650968148,12.375888374825783,19,31,60.0,5.0,0.0,0.0
4,5.0,G,540.0,0.6798759650968148,12.375888374825783,19,32,60.0,5.0,0.0,0.0
4,5.0,G,540.0,0.6798759650968148,12.375888374825783,19,33,60.0,5.0,0.0,0.0
4,5.0,G,540.0,0.6798759650968148,12.375888374825783,19,34,60.0,5.0,0.0,0.0
4,5.0,G,540.0,0.6798759650968148,12.375888374825783,19,35,60.0,5.0,0.0,0.0
4,5.0,B,470.0,0.5917438955472276,10.771606548459477,0,0,60.0,5.0,0.0,0.0
4,5.0,B,470.0,0.5917438955472276,10.771606548459477,0,1,60.0,5.0,0.0,0.0
4,5.0,B,470.0,0.5917438955472276,10.771606548459477,0,2,60.0,5.0,0.0,0.0
4,5.0,B,470.0,0.5917438955472276,10.771606548459477,0,3,60.0,5.0,0.0,0.0
4,5.0,B,470.0,0.5917438955472276,10.771606548459477,0,4,60.0,5.0,0.0,0.0
4,5.0,B,470.0,0.5917438955472276,10.771606548459477,0,5,60.0,5.0,0.0,0.0
4,5.0,B,470.0,0.5917438955472276,10.771606548459477,0,6,60.0,5.0,0.0,0.0
4,5.0,B,470.0,0.5917438955472276,10.771606548459477,0,7,60.0,5.0,0.0,0.0
4,5.0,B,470.0,0.5917438955472276,10.771606548459477,0,8,60.0,5.0,0.0,0.0
4,5.0,B,470.0,0.5917438955472276,10.771606548459477,0,9,60.0,5.0,0.0,0.0
4,5.0,B,470.0,0.5917438955472276,10.771606548459477,0,10,60.0,5.0,0.0,0.0
4,5.0,B,470.0,0.5917438955472276,10.771606548459477,0,11,60.0,5.0,0.0,0.0
4,5.0,B,470.0,0.5917438955472276,10.771606548459477,0,12,60.0,5.0,0.0,0.0
4,5.0,B,470.0,0.5917438955472276,10.771606548459477,0,13,60.0,5.0,0.0,0.0
4,5.0,B,470.0,0.5917438955472276,10.771606548459477,0,14,60.0,5.0,0.0,0.0
4,5.0,B,470.0,0.5917438955472276,10.771606548459477,0,15,60.0,5.0,0.0,0.0
4,5.0,B,470.0,0.5917438955472276,10.771606548459477,0,16,60.0,5.0,0.0,0.0
4,5.0,B,470.0,0.5917438955472276,10.771606548459477,0,17,60.0,5.0,0.0,0.0
4,5.0,B,470.0,0.5917438955472276,10.771606548459477,0,18,60.0,5.0,0.0,0.0
4,5.0,B,470.0,0.5917438955472276,10.771606548459477,0,19,60.0,5.0,0.0,0.0
4,5.0,B,470.0,0.5917438955472276,10.771606548459477,0,20,60.0,5.0,0.0,0.0
4,5.0,B,470.0,0.5917438955472276,10.771606548459477,0,21,60.0,5.0,0.0,0.0
4,5.0,B,470.0,0.5917438955472276,10.771606548459477,0,22,60.0,5.0,0.0,0.0
4,5.0,B,470.0,0.5917438955472276,10.771606548459477,0,23,60.0,5.0,0.0,0.0
4,5.0,B,470.0,0.5917438955472276,10.771606548459477,0,24,60.0,5.0,0.0,0.0
4,5.0,B,470.0,0.5917438955472276,10.771606548459477,0,25,60.0,5.0,0.0,0.0
4,5.0,B,470.0,0.5917438955472276,10.771606548459477,0,26,60.0,5.0,0.0,0.0
4,5.0,B,470.0,0.5917438955472276,10.771606548459477,0,27,60.0,5.0,0.0,0.0
4,5.0,B,470.0,0.5917438955472276,10.771606548459477,0,28,60.0,5.0,0.0,0.0
4,5.0,B,470.0,0.5917438955472276,10.771606548459477,0,29,60.0,5.0,0.0,0.0
4,5.0,B,470.0,0.5917438955472276,10.771606548459477,0,30,60.0,5.0,0.0,0.0
4,5.0,B,470.0,0.5917438955472276,10.771606548459477,0,31,60.0,5.0,0.0,0.0
4,5.0,B,470.0,0.5917438955472276,10.771606548459477,0,32,60.0,5.0,0.0,0.0
4,5.0,B,470.0,0.5917438955472276,10.771606548459477,0,33,60.0,5.0,0.0,0.0
4,5.0,B,470.0,0.5917438955472276,10.771606548459477,0,34,60.0,5.0,0.0,0.0
4,5.0,B,470.0,0.5917438955472276,10.771606548459477,0,35,60.0,5.0,0.0,0.0
4,5.0,B,470.0,0.5917438955472276,10.771606548459477,1,0,60.0,5.0,0.0,0.0
4,5.0,B,470.0,0.5917438955472276,10.771606548459477,1,1,60.0,5.0,0.0,0.0
4,5.0,B,470.0,0.5917438955472276,10.771606548459477,1,2,60.0,5.0,0.0,0.0
4,5.0,B,470.0,0.5917438955472276,10.771606548459477,1,3,60.0,5.0,0.0,0.0
4,5.0,B,470.0,0.5917438955472276,10.771606548459477,1,4,60.0,5.0,0.0,0.0
4,5.0,B,470.0,0.5917438955472276,10.771606548459477,1,5,60.0,5.0,0.0,0.0
4,5.0,B,470.0,0.5917438955472276,10.771606548459477,1,6,60.0,5.0,0.0,0.0
4,5.0,B,470.0,0.5917438955472276,10.771606548459477,1,7,60.0,5.0,0.0,0.0
4,5.0,B,470.0,0.5917438955472276,10.771606548459477,1,8,60.0,5.0,0.0,0.0
4,5.0,B,470.0,0.5917438955472276,10.771606548459477,1,9,60.0,5.0,0.0,0.0
4,5.0,B,470.0,0.5917438955472276,10.771606548459477,1,10,60.0,5.0,0.0,0.0
4,5.0,B,470.0,0.5917438955472276,10.771606548459477,1,11,60.0,5.0,0.0,0.0
4,5.0,B,470.0,0.5917438955472276,10.771606548459477,1,12,60.0,5.0,0.0,0.0
4,5.0,B,470.0,0.5917438955472276,10.771606548459477,1,13,60.0,5.0,0.0,0.0
4,5.0,B,470.0,0.5917438955472276,10.771606548459477,1,14,60.0,5.0,0.0,0.0
4,5.0,B,470.0,0.5917438955472276,10.771606548459477,1,15,60.0,5.0,0.0,0.0
4,5.0,B,470.0,0.5917438955472276,10.771606548459477,1,16,60.0,5.0,0.0,0.0
4,5.0,B,470.0,0.5917438955472276,10.771606548459477,1,17,60.0,5.0,0.0,0.0
4,5.0,B,470.0,0.5917438955472276,10.771606548459477,1,18,60.0,5.0,0.0,0.0
4,5.0,B,470.0,0.5917438955472276,10.771606548459477,1,19,60.0,5.0,0.0,0.0
4,5.0,B,470.0,0.5917438955472276,10.771606548459477,1,20,60.0,5.0,0.0,0.0
4,5.0,B,470.0,0.5917438955472276,10.771606548459477,1,21,60.0,5.0,0.0,0.0
4,5.0,B,470.0,0.5917438955472276,10.771606548459477,1,22,60.0,5.0,0.0,0.0
4,5.0,B,470.0,0.5917438955472276,10.771606548459477,1,23,60.0,5.0,0.0,0.0
4,5.0,B,470.0,0.5917438955472276,10.771606548459477,1,24,60.0,5.0,0.0,0.0
4,5.0,B,470.0,0.5917438955472276,10.771606548459477,1,25,60.0,5.0,0.0,0.0
4,5.0,B,470.0,0.5917438955472276,10.771606548459477,1,26,60.0,5.0,0.0,0.0
4,5.0,B,470.0,0.5917438955472276,10.771606548459477,1,27,60.0,5.0,0.0,0.0
4,5.0,B,470.0,0.5917438955472276,10.771606548459477,1,28,60.0,5.0,0.0,0.0
4,5.0,B,470.0,0.5917438955472276,10.771606548459477,1,29,60.0,5.0,0.0,0.0
4,5.0,B,470.0,0.5917438955472276,10.771606548459477,1,30,60.0,5.0,0.0,0.0
4,5.0,B,470.0,0.5917438955472276,10.771606548459477,1,31,60.0,5.0,0.0,0.0
4,5.0,B,470.0,0.5917438955472276,10.771606548459477,1,32,60.0,5.0,0.0,0.0
4,5.0,B,470.0,0.5917438955472276,10.771606548459477,1,33,60.0,5.0,0.0,0.0
4,5.0,B,470.0,0.5917438955472276,10.771606548459477,1,34,60.0,5.0,0.0,0.0
4,5.0,B,470.0,0.5917438955472276,10.771606548459477,1,35,60.0,5.0,0.0,0.0
4,5.0,B,470.0,0.5917438955472276,10.771606548459477,2,0,60.0,5.0,0.0,0.0
4,5.0,B,470.0,0.5917438955472276,10.771606548459477,2,1,60.0,5.0,0.0,0.0
4,5.0,B,470.0,0.5917438955472276,10.771606548459477,2,2,60.0,5.0,0.0,0.0
4,5.0,B,470.0,0.5917438955472276,10.771606548459477,2,3,60.0,5.0,0.0,0.0
4,5.0,B,470.0,0.5917438955472276,10.771606548459477,2,4,60.0,5.0,0.0,0.0
4,5.0,B,470.0,0.5917438955472276,10.771606548459477,2,5,60.0,5.0,0.0,0.0
4,5.0,B,470.0,0.5917438955472276,10.771606548459477,2,6,60.0,5.0,0.0,0.0
4,5.0,B,470.0,0.5917438955472276,10.771606548459477,2,7,60.0,5.0,0.0,0.0
4,5.0,B,470.0,0.5917438955472276,10.771606548459477,2,8,60.0,5.0,0.0,0.0
4,5.0,B,470.0,0.5917438955472276,10.771606548459477,2,9,60.0,5.0,0.0,0.0
4,5.0,B,470.0,0.5917438955472276,10.771606548459477,2,10,60.0,5.0,0.0,0.0
4,5.0,B,470.0,0.5917438955472276,10.771606548459477,2,11,60.0,5.0,0.0,0.0
4,5.0,B,470.0,0.5917438955472276,10.771606548459477,2,12,60.0,5.0,0.0,0.0
4,5.0,B,470.0,0.5917438955472276,10.771606548459477,2,13,60.0,5.0,0.0,0.0
4,5.0,B,470.0,0.5917438955472276,10.771606548459477,2,14,60.0,5.0,0.0,0.0
4,5.0,B,470.0,0.5917438955472276,10.771606548459477,2,15,60.0,5.0,0.0,0.0
4,5.0,B,470.0,0.5917438955472276,10.771606548459477,2,16,60.0,5.0,0.0,0.0
4,5.0,B,470.0,0.5917438955472276,10.771606548459477,2,17,60.0,5.0,0.0,0.0
4,5.0,B,470.0,0.5917438955472276,10.771606548459477,2,18,60.0,5.0,0.0,0.0
4,5.0,B,470.0,0.5917438955472276,10.771606548459477,2,19,60.0,5.0,0.0,0.0
4,5.0,B,470.0,0.5917438955472276,10.771606548459477,2,20,60.0,5.0,0.0,0.0
4,5.0,B,470.0,0.5917438955472276,10.771606548459477,2,21,60.0,5.0,0.0,0.0
4,5.0,B,470.0,0.5917438955472276,10.771606548459477,2,22,60.0,5.0,0.0,0.0
4,5.0,B,470.0,0.5917438955472276,10.771606548459477,2,23,60.0,5.0,0.0,0.0
4,5.0,B,470.0,0.5917438955472276,10.771606548459477,2,24,60.0,5.0,0.0,0.0
4,5.0,B,470.0,0.5917438955472276,10.771606548459477,2,25,60.0,5.0,0.0,0.0
4,5.0,B,470.0,0.5917438955472276,10.771606548459477,2,26,60.0,5.0,0.0,0.0
4,5.0,B,470.0,0.5917438955472276,10.771606548459477,2,27,60.0,5.0,0.0,0.0
4,5.0,B,470.0,0.5917438955472276,10.771606548459477,2,28,60.0,5.0,0.0,0.0
4,5.0,B,470.0,0.5917438955472276,10.771606548459477,2,29,60.0,5.0,0.0,0.0
4,5.0,B,470.0,0.5917438955472276,10.771606548459477,2,30,60.0,5.0,0.0,0.0
4,5.0,B,470.0,0.5917438955472276,10.771606548459477,2,31,60.0,5.0,0.0,0.0
4,5.0,B,470.0,0.5917438955472276,10.771606548459477,2,32,60.0,5.0,0.0,0.0
4,5.0,B,470.0,0.5917438955472276,10.771606548459477,2,33,60.0,5.0,0.0,0.0
4,5.0,B,470.0,0.5917438955472276,10.771606548459477,2,34,60.0,5.0,0.0,0.0
4,5.0,B,470.0,0.5917438955472276,10.771606548459477,2,35,60.0,5.0,0.0,0.0
4,5.0,B,470.0,0.5917438955472276,10.771606548459477,3,0,60.0,5.0,0.0,0.0
4,5.0,B,470.0,0.5917438955472276,10.771606548459477,3,1,60.0,5.0,0.0,0.0
4,5.0,B,470.0,0.5917438955472276,10.771606548459477,3,2,60.0,5.0,0.0,0.0
4,5.0,B,470.0,0.5917438955472276,10.771606548459477,3,3,60.0,5.0,0.0,0.0
4,5.0,B,470.0,0.5917438955472276,10.771606548459477,3,4,60.0,5.0,0.0,0.0
4,5.0,B,470.0,0.5917438955472276,10.771606548459477,3,5,60.0,5.0,0.0,0.0
4,5.0,B,470.0,0.5917438955472276,10.771606548459477,3,6,60.0,5.0,0.0,0.0
4,5.0,B,470.0,0.5917438955472276,10.771606548459477,3,7,60.0,5.0,0.0,0.0
4,5.0,B,470.0,0.5917438955472276,10.771606548459477,3,8,60.0,5.0,0.0,0.0
4,5.0,B,470.0,0.5917438955472276,10.771606548459477,3,9,60.0,5.0,0.0,0.0
4,5.0,B,470.0,0.5917438955472276,10.771606548459477,3,10,60.0,5.0,0.0,0.0
4,5.0,B,470.0,0.5917438955472276,10.771606548459477,3,11,60.0,5.0,0.0,0.0
4,5.0,B,470.0,0.5917438955472276,10.771606548459477,3,12,60.0,5.0,0.0,0.0
4,5.0,B,470.0,0.5917438955472276,10.771606548459477,3,13,60.0,5.0,0.0,0.0
4,5.0,B,470.0,0.5917438955472276,10.771606548459477,3,14,60.0,5.0,0.0,0.0
4,5.0,B,470.0,0.5917438955472276,10.771606548459477,3,15,60.0,5.0,0.0,0.0
4,5.0,B,470.0,0.5917438955472276,10.771606548459477,3,16,60.0,5.0,0.0,0.0
4,5.0,B,470.0,0.5917438955472276,10.771606548459477,3,17,60.0,5.0,0.0,0.0
4,5.0,B,470.0,0.5917438955472276,10.771606548459477,3,18,60.0,5.0,0.0,0.0
4,5.0,B,470.0,0.5917438955472276,10.771606548459477,3,19,60.0,5.0,0.0,0.0
4,5.0,B,470.0,0.5917438955472276,10.771606548459477,3,20,60.0,5.0,0.0,0.0
4,5.0,B,470.0,0.5917438955472276,10.771606548459477,3,21,60.0,5.0,0.0,0.0
4,5.0,B,470.0,0.5917438955472276,10.771606548459477,3,22,60.0,5.0,0.0,0.0
4,5.0,B,470.0,0.5917438955472276,10.771606548459477,3,23,60.0,5.0,0.0,0.0
4,5.0,B,470.0,0.5917438955472276,10.771606548459477,3,24,60.0,5.0,0.0,0.0
4,5.0,B,470.0,0.5917438955472276,10.771606548459477,3,25,60.0,5.0,0.0,0.0
4,5.0,B,470.0,0.5917438955472276,10.771606548459477,3,26,60.0,5.0,0.0,0.0
4,5.0,B,470.0,0.5917438955472276,10.771606548459477,3,27,60.0,5.0,0.0,0.0
4,5.0,B,470.0,0.5917438955472276,10.771606548459477,3,28,60.0,5.0,0.0,0.0
4,5.0,B,470.0,0.5917438955472276,10.771606548459477,3,29,60.0,5.0,0.0,0.0
4,5.0,B,470.0,0.5917438955472276,10.771606548459477,3,30,60.0,5.0,0.0,0.0
4,5.0,B,470.0,0.5917438955472276,10.771606548459477,3,31,60.0,5.0,0.0,0.0
4,5.0,B,470.0,0.5917438955472276,10.771606548459477,3,32,60.0,5.0,0.0,0.0
4,5.0,B,470.0,0.5917438955472276,10.771606548459477,3,33,60.0,5.0,0.0,0.0
4,5.0,B,470.0,0.5917438955472276,10.771606548459477,3,34,60.0,5.0,0.0,0.0
4,5.0,B,470.0,0.5917438955472276,10.771606548459477,3,35,60.0,5.0,0.0,0.0
4,5.0,B,470.0,0.5917438955472276,10.771606548459477,4,0,60.0,5.0,0.0,0.0
4,5.0,B,470.0,0.5917438955472276,10.771606548459477,4,1,60.0,5.0,0.0,0.0
4,5.0,B,470.0,0.5917438955472276,10.771606548459477,4,2,60.0,5.0,0.0,0.0
4,5.0,B,470.0,0.5917438955472276,10.771606548459477,4,3,60.0,5.0,0.0,0.0
4,5.0,B,470.0,0.5917438955472276,10.771606548459477,4,4,60.0,5.0,0.0,0.0
4,5.0,B,470.0,0.5917438955472276,10.771606548459477,4,5,60.0,5.0,0.00784313725490196,0.028226977679718004
4,5.0,B,470.0,0.5917438955472276,10.771606548459477,4,6,60.0,5.0,0.00784313725490196,0.028226977679718004
4,5.0,B,470.0,0.5917438955472276,10.771606548459477,4,7,60.0,5.0,0.00784313725490196,0.028226977679718004
4,5.0,B,470.0,0.5917438955472276,10.771606548459477,4,8,60.0,5.0,0.0,0.0
4,5.0,B,470.0,0.5917438955472276,10.771606548459477,4,9,60.0,5.0,0.0,0.0
4,5.0,B,470.0,0.5917438955472276,10.771606548459477,4,10,60.0,5.0,0.0,0.0
4,5.0,B,470.0,0.5917438955472276,10.771606548459477,4,11,60.0,5.0,0.0,0.0
4,5.0,B,470.0,0.5917438955472276,10.771606548459477,4,12,60.0,5.0,0.00784313725490196,0.028226977679718004
4,5.0,B,470.0,0.5917438955472276,10.771606548459477,4,13,60.0,5.0,0.00392156862745098,0.01994638965273254
4,5.0,B,470.0,0.5917438955472276,10.771606548459477,4,14,60.0,5.0,0.00392156862745098,0.01994638965273254
4,5.0,B,470.0,0.5917438955472276,10.771606548459477,4,15,60.0,5.0,0.00392156862745098,0.01994638965273254
4,5.0,B,470.0,0.5917438955472276,10.771606548459477,4,16,60.0,5.0,0.00784313725490196,0.028226977679718004
4,5.0,B,470.0,0.5917438955472276,10.771606548459477,4,17,60.0,5.0,0.00392156862745098,0.01994638965273254
4,5.0,B,470.0,0.5917438955472276,10.771606548459477,4,18,60.0,5.0,0.00784313725490196,0.028226977679718004
4,5.0,B,470.0,0.5917438955472276,10.771606548459477,4,19,60.0,5.0,0.00392156862745098,0.01994638965273254
4,5.0,B,470.0,0.5917438955472276,10.771606548459477,4,20,60.0,5.0,0.00392156862745098,0.01994638965273254
4,5.0,B,470.0,0.5917438955472276,10.771606548459477,4,21,60.0,5.0,0.00784313725490196,0.028226977679718004
4,5.0,B,470.0,0.5917438955472276,10.771606548459477,4,22,60.0,5.0,0.00392156862745098,0.01994638965273254
4,5.0,B,470.0,0.5917438955472276,10.771606548459477,4,23,60.0,5.0,0.0,0.0
4,5.0,B,470.0,0.5917438955472276,10.771606548459477,4,24,60.0,5.0,0.00392156862745098,0.01994638965273254
4,5.0,B,470.0,0.5917438955472276,10.771606548459477,4,25,60.0,5.0,0.00392156862745098,0.01994638965273254
4,5.0,B,470.0,0.5917438955472276,10.771606548459477,4,26,60.0,5.0,0.0,0.0
4,5.0,B,470.0,0.5917438955472276,10.771606548459477,4,27,60.0,5.0,0.0,0.0
4,5.0,B,470.0,0.5917438955472276,10.771606548459477,4,28,60.0,5.0,0.0,0.0
4,5.0,B,470.0,0.5917438955472276,10.771606548459477,4,29,60.0,5.0,0.0,0.0
4,5.0,B,470.0,0.5917438955472276,10.771606548459477,4,30,60.0,5.0,0.0,0.0
4,5.0,B,470.0,0.5917438955472276,10.771606548459477,4,31,60.0,5.0,0.0,0.0
4,5.0,B,470.0,0.5917438955472276,10.771606548459477,4,32,60.0,5.0,0.0,0.0
4,5.0,B,470.0,0.5917438955472276,10.771606548459477,4,33,60.0,5.0,0.0,0.0
4,5.0,B,470.0,0.5917438955472276,10.771606548459477,4,34,60.0,5.0,0.0,0.0
4,5.0,B,470.0,0.5917438955472276,10.771606548459477,4,35,60.0,5.0,0.0,0.0
4,5.0,B,470.0,0.5917438955472276,10.771606548459477,5,0,60.0,5.0,0.0,0.0
4,5.0,B,470.0,0.5917438955472276,10.771606548459477,5,1,60.0,5.0,0.0,0.0
4,5.0,B,470.0,0.5917438955472276,10.771606548459477,5,2,60.0,5.0,0.0,0.0
4,5.0,B,470.0,0.5917438955472276,10.771606548459477,5,3,60.0,5.0,0.0,0.0
4,5.0,B,470.0,0.5917438955472276,10.771606548459477,5,4,60.0,5.0,0.00392156862745098,0.01994638965273254
4,5.0,B,470.0,0.5917438955472276,10.771606548459477,5,5,60.0,5.0,0.0,0.0
4,5.0,B,470.0,0.5917438955472276,10.771606548459477,5,6,60.0,5.0,0.03137254901960784,0.05667903330417266
4,5.0,B,470.0,0.5917438955472276,10.771606548459477,5,7,60.0,5.0,0.01568627450980392,0.03997164583041206
4,5.0,B,470.0,0.5917438955472276,10.771606548459477,5,8,60.0,5.0,0.0,0.0
4,5.0,B,470.0,0.5917438955472276,10.771606548459477,5,9,60.0,5.0,0.00392156862745098,0.01994638965273254
4,5.0,B,470.0,0.5917438955472276,10.771606548459477,5,10,60.0,5.0,0.0,0.0
4,5.0,B,470.0,0.5917438955472276,10.771606548459477,5,11,60.0,5.0,0.0,0.0
4,5.0,B,470.0,0.5917438955472276,10.771606548459477,5,12,60.0,5.0,0.0,0.0
4,5.0,B,470.0,0.5917438955472276,10.771606548459477,5,13,60.0,5.0,0.0,0.0
4,5.0,B,470.0,0.5917438955472276,10.771606548459477,5,14,60.0,5.0,0.0,0.0
4,5.0,B,470.0,0.5917438955472276,10.771606548459477,5,15,60.0,5.0,0.0,0.0
4,5.0,B,470.0,0.5917438955472276,10.771606548459477,5,16,60.0,5.0,0.0,0.0
4,5.0,B,470.0,0.5917438955472276,10.771606548459477,5,17,60.0,5.0,0.0,0.0
4,5.0,B,470.0,0.5917438955472276,10.771606548459477,5,18,60.0,5.0,0.0,0.0
4,5.0,B,470.0,0.5917438955472276,10.771606548459477,5,19,60.0,5.0,0.0,0.0
4,5.0,B,470.0,0.5917438955472276,10.771606548459477,5,20,60.0,5.0,0.0,0.0
4,5.0,B,470.0,0.5917438955472276,10.771606548459477,5,21,60.0,5.0,0.0,0.0
4,5.0,B,470.0,0.5917438955472276,10.771606548459477,5,22,60.0,5.0,0.0,0.0
4,5.0,B,470.0,0.5917438955472276,10.771606548459477,5,23,60.0,5.0,0.0,0.0
4,5.0,B,470.0,0.5917438955472276,10.771606548459477,5,24,60.0,5.0,0.0,0.0
4,5.0,B,470.0,0.5917438955472276,10.771606548459477,5,25,60.0,5.0,0.0,0.0
4,5.0,B,470.0,0.5917438955472276,10.771606548459477,5,26,60.0,5.0,0.0,0.0
4,5.0,B,470.0,0.5917438955472276,10.771606548459477,5,27,60.0,5.0,0.0,0.0
4,5.0,B,470.0,0.5917438955472276,10.771606548459477,5,28,60.0,5.0,0.0,0.0
4,5.0,B,470.0,0.5917438955472276,10.771606548459477,5,29,60.0,5.0,0.0,0.0
4,5.0,B,470.0,0.5917438955472276,10.771606548459477,5,30,60.0,5.0,0.0,0.0
4,5.0,B,470.0,0.5917438955472276,10.771606548459477,5,31,60.0,5.0,0.0,0.0
4,5.0,B,470.0,0.5917438955472276,10.771606548459477,5,32,60.0,5.0,0.0,0.0
4,5.0,B,470.0,0.5917438955472276,10.771606548459477,5,33,60.0,5.0,0.0,0.0
4,5.0,B,470.0,0.5917438955472276,10.771606548459477,5,34,60.0,5.0,0.0,0.0
4,5.0,B,470.0,0.5917438955472276,10.771606548459477,5,35,60.0,5.0,0.0,0.0
4,5.0,B,470.0,0.5917438955472276,10.771606548459477,6,0,60.0,5.0,0.0,0.0
4,5.0,B,470.0,0.5917438955472276,10.771606548459477,6,1,60.0,5.0,0.0,0.0
4,5.0,B,470.0,0.5917438955472276,10.771606548459477,6,2,60.0,5.0,0.0,0.0
4,5.0,B,470.0,0.5917438955472276,10.771606548459477,6,3,60.0,5.0,0.0,0.0
4,5.0,B,470.0,0.5917438955472276,10.771606548459477,6,4,60.0,5.0,0.0,0.0
4,5.0,B,470.0,0.5917438955472276,10.771606548459477,6,5,60.0,5.0,0.19215686274509805,0.14443943567870407
4,5.0,B,470.0,0.5917438955472276,10.771606548459477,6,6,60.0,5.0,0.08627450980392157,0.09489506791887806
4,5.0,B,470.0,0.5917438955472276,10.771606548459477,6,7,60.0,5.0,0.20392156862745098,0.14913829006235088
4,5.0,B,470.0,0.5917438955472276,10.771606548459477,6,8,60.0,5.0,0.06274509803921569,0.08059162758159863
4,5.0,B,470.0,0.5917438955472276,10.771606548459477,6,9,60.0,5.0,0.0,0.0
4,5.0,B,470.0,0.5917438955472276,10.771606548459477,6,10,60.0,5.0,0.0,0.0
4,5.0,B,470.0,0.5917438955472276,10.771606548459477,6,11,60.0,5.0,0.00784313725490196,0.028226977679718004
4,5.0,B,470.0,0.5917438955472276,10.771606548459477,6,12,60.0,5.0,0.23921568627450981,0.16267352538779695
4,5.0,B,470.0,0.5917438955472276,10.771606548459477,6,13,60.0,5.0,0.08627450980392157,0.09489506791887806
4,5.0,B,470.0,0.5917438955472276,10.771606548459477,6,14,60.0,5.0,0.047058823529411764,0.06960448727306395
4,5.0,B,470.0,0.5917438955472276,10.771606548459477,6,15,60.0,5.0,0.08235294117647059,0.09264867732636439
4,5.0,B,470.0,0.5917438955472276,10.771606548459477,6,16,60.0,5.0,0.2627450980392157,0.17131267163863242
4,5.0,B,470.0,0.5917438955472276,10.771606548459477,6,17,60.0,5.0,0.28627450980392155,0.17970582947972352
4,5.0,B,470.0,0.5917438955472276,10.771606548459477,6,18,60.0,5.0,0.2196078431372549,0.15524984546857312
4,5.0,B,470.0,0.5917438955472276,10.771606548459477,6,19,60.0,5.0,0.054901960784313725,0.0752836212383225
4,5.0,B,470.0,0.5917438955472276,10.771606548459477,6,20,60.0,5.0,0.13333333333333333,0.11898174462796458
4,5.0,B,470.0,0.5917438955472276,10.771606548459477,6,21,60.0,5.0,0.1843137254901961,0.14124594593397474
4,5.0,B,470.0,0.5917438955472276,10.771606548459477,6,22,60.0,5.0,0.06666666666666667,0.08312898574059512
4,5.0,B,470.0,0.5917438955472276,10.771606548459477,6,23,60.0,5.0,0.00784313725490196,0.028226977679718004
4,5.0,B,470.0,0.5917438955472276,10.771606548459477,6,24,60.0,5.0,0.058823529411764705,0.07797913037736934
4,5.0,B,470.0,0.5917438955472276,10.771606548459477,6,25,60.0,5.0,0.19215686274509805,0.14443943567870407
4,5.0,B,470.0,0.5917438955472276,10.771606548459477,6,26,60.0,5.0,0.3568627450980392,0.20379153547696685
4,5.0,B,470.0,0.5917438955472276,10.771606548459477,6,27,60.0,5.0,0.0,0.0
4,5.0,B,470.0,0.5917438955472276,10.771606548459477,6,28,60.0,5.0,0.00784313725490196,0.028226977679718004
4,5.0,B,470.0,0.5917438955472276,10.771606548459477,6,29,60.0,5.0,0.0,0.0
4,5.0,B,470.0,0.5917438955472276,10.771606548459477,6,30,60.0,5.0,0.0,0.0
4,5.0,B,470.0,0.5917438955472276,10.771606548459477,6,31,60.0,5.0,0.0,0.0
4,5.0,B,470.0,0.5917438955472276,10.771606548459477,6,32,60.0,5.0,0.0,0.0
4,5.0,B,470.0,0.5917438955472276,10.771606548459477,6,33,60.0,5.0,0.0,0.0
4,5.0,B,470.0,0.5917438955472276,10.771606548459477,6,34,60.0,5.0,0.0,0.0
4,5.0,B,470.0,0.5917438955472276,10.771606548459477,6,35,60.0,5.0,0.0,0.0
4,5.0,B,470.0,0.5917438955472276,10.771606548459477,7,0,60.0,5.0,0.0,0.0
4,5.0,B,470.0,0.5917438955472276,10.771606548459477,7,1,60.0,5.0,0.0,0.0
4,5.0,B,470.0,0.5917438955472276,10.771606548459477,7,2,60.0,5.0,0.0,0.0
4,5.0,B,470.0,0.5917438955472276,10.771606548459477,7,3,60.0,5.0,0.0,0.0
4,5.0,B,470.0,0.5917438955472276,10.771606548459477,7,4,60.0,5.0,0.03529411764705882,0.060157486757451334
4,5.0,B,470.0,0.5917438955472276,10.771606548459477,7,5,60.0,5.0,0.596078431372549,0.2807741196509589
4,5.0,B,470.0,0.5917438955472276,10.771606548459477,7,6,60.0,5.0,0.5098039215686274,0.2531208851602789
4,5.0,B,470.0,0.5917438955472276,10.771606548459477,7,7,60.0,5.0,0.2784313725490196,0.17693271574931582
4,5.0,B,470.0,0.5917438955472276,10.771606548459477,7,8,60.0,5.0,0.2,0.1475836176504333
4,5.0,B,470.0,0.5917438955472276,10.771606548459477,7,9,60.0,5.0,0.06274509803921569,0.08059162758159863
4,5.0,B,470.0,0.5917438955472276,10.771606548459477,7,10,60.0,5.0,0.00784313725490196,0.028226977679718004
4,5.0,B,470.0,0.5917438955472276,10.771606548459477,7,11,60.0,5.0,0.011764705882352941,0.0345936127618576
4,5.0,B,470.0,0.5917438955472276,10.771606548459477,7,12,60.0,5.0,0.592156862745098,0.2795031214917875
4,5.0,B,470.0,0.5917438955472276,10.771606548459477,7,13,60.0,5.0,0.5647058823529412,0.2706544493931912
4,5.0,B,470.0,0.5917438955472276,10.771606548459477,7,14,60.0,5.0,0.5607843137254902,0.26939622548652403
4,5.0,B,470.0,0.5917438955472276,10.771606548459477,7,15,60.0,5.0,0.4823529411764706,0.24438159985259414
4,5.0,B,470.0,0.5917438955472276,10.771606548459477,7,16,60.0,5.0,0.47843137254901963,0.24313236161726806
4,5.0,B,470.0,0.5917438955472276,10.771606548459477,7,17,60.0,5.0,0.5176470588235295,0.2556184001474059
4,5.0,B,470.0,0.5917438955472276,10.771606548459477,7,18,60.0,5.0,0.49411764705882355,0.24812754570923665
4,5.0,B,470.0,0.5917438955472276,10.771606548459477,7,19,60.0,5.0,0.4627450980392157,0.23813039630387822
4,5.0,B,470.0,0.5917438955472276,10.771606548459477,7,20,60.0,5.0,0.5372549019607843,0.26186960369612183
4,5.0,B,470.0,0.5917438955472276,10.771606548459477,7,21,60.0,5.0,0.44313725490196076,0.23186078127719867
4,5.0,B,470.0,0.5917438955472276,10.771606548459477,7,22,60.0,5.0,0.5568627450980392,0.26813921872280133
4,5.0,B,470.0,0.5917438955472276,10.771606548459477,7,23,60.0,5.0,0.19215686274509805,0.14443943567870407
4,5.0,B,470.0,0.5917438955472276,10.771606548459477,7,24,60.0,5.0,0.4549019607843137,0.23562531267856862
4,5.0,B,470.0,0.5917438955472276,10.771606548459477,7,25,60.0,5.0,0.5764705882352941,0.27443725197219737
4,5.0,B,470.0,0.5917438955472276,10.771606548459477,7,26,60.0,5.0,0.32941176470588235,0.19458731326097745
4,5.0,B,470.0,0.5917438955472276,10.771606548459477,7,27,60.0,5.0,0.0,0.0
4,5.0,B,470.0,0.5917438955472276,10.771606548459477,7,28,60.0,5.0,0.011764705882352941,0.0345936127618576
4,5.0,B,470.0,0.5917438955472276,10.771606548459477,7,29,60.0,5.0,0.00392156862745098,0.01994638965273254
4,5.0,B,470.0,0.5917438955472276,10.771606548459477,7,30,60.0,5.0,0.0,0.0
4,5.0,B,470.0,0.5917438955472276,10.771606548459477,7,31,60.0,5.0,0.0,0.0
4,5.0,B,470.0,0.5917438955472276,10.771606548459477,7,32,60.0,5.0,0.0,0.0
4,5.0,B,470.0,0.5917438955472276,10.771606548459477,7,33,60.0,5.0,0.0,0.0
4,5.0,B,470.0,0.5917438955472276,10.771606548459477,7,34,60.0,5.0,0.0,0.0
4,5.0,B,470.0,0.5917438955472276,10.771606548459477,7,35,60.0,5.0,0.0,0.0
4,5.0,B,470.0,0.5917438955472276,10.771606548459477,8,0,60.0,5.0,0.0,0.0
4,5.0,B,470.0,0.5917438955472276,10.771606548459477,8,1,60.0,5.0,0.0,0.0
4,5.0,B,470.0,0.5917438955472276,10.771606548459477,8,2,60.0,5.0,0.00392156862745098,0.01994638965273254
4,5.0,B,470.0,0.5917438955472276,10.771606548459477,8,3,60.0,5.0,0.08235294117647059,0.09264867732636439
4,5.0,B,470.0,0.5917438955472276,10.771606548459477,8,4,60.0,5.0,0.1607843137254902,0.13133003823498593
4,5.0,B,470.0,0.5917438955472276,10.771606548459477,8,5,60.0,5.0,0.7294117647058823,0.3258644945217164
4,5.0,B,470.0,0.5917438955472276,10.771606548459477,8,6,60.0,5.0,0.8313725490196079,0.36530435313766485
4,5.0,B,470.0,0.5917438955472276,10.771606548459477,8,7,60.0,5.0,0.5607843137254902,0.26939622548652403
4,5.0,B,470.0,0.5917438955472276,10.771606548459477,8,8,60.0,5.0,0.48627450980392156,0.24563049188224292
4,5.0,B,470.0,0.5917438955472276,10.771606548459477,8,9,60.0,5.0,0.2235294117647059,0.1567527086383188
4,5.0,B,470.0,0.5917438955472276,10.771606548459477,8,10,60.0,5.0,0.01568627450980392,0.03997164583041206
4,5.0,B,470.0,0.5917438955472276,10.771606548459477,8,11,60.0,5.0,0.047058823529411764,0.06960448727306395
4,5.0,B,470.0,0.5917438955472276,10.771606548459477,8,12,60.0,5.0,0.39215686274509803,0.21540057603915186
4,5.0,B,470.0,0.5917438955472276,10.771606548459477,8,13,60.0,5.0,0.4117647058823529,0.22176597605076812
4,5.0,B,470.0,0.5917438955472276,10.771606548459477,8,14,60.0,5.0,0.4470588235294118,0.23311665261528658
4,5.0,B,470.0,0.5917438955472276,10.771606548459477,8,15,60.0,5.0,0.45098039215686275,0.2343714695941511
4,5.0,B,470.0,0.5917438955472276,10.771606548459477,8,16,60.0,5.0,0.4117647058823529,0.22176597605076812
4,5.0,B,470.0,0.5917438955472276,10.771606548459477,8,17,60.0,5.0,0.36470588235294116,0.20639090758999576
4,5.0,B,470.0,0.5917438955472276,10.771606548459477,8,18,60.0,5.0,0.33725490196078434,0.19723534442367363
4,5.0,B,470.0,0.5917438955472276,10.771606548459477,8,19,60.0,5.0,0.4745098039215686,0.24188269985040858
4,5.0,B,470.0,0.5917438955472276,10.771606548459477,8,20,60.0,5.0,0.4,0.21795289157551256
4,5.0,B,470.0,0.5917438955472276,10.771606548459477,8,21,60.0,5.0,0.34509803921568627,0.19986829362396183
4,5.0,B,470.0,0.5917438955472276,10.771606548459477,8,22,60.0,5.0,0.45098039215686275,0.2343714695941511
4,5.0,B,470.0,0.5917438955472276,10.771606548459477,8,23,60.0,5.0,0.10980392156862745,0.10750973625166191
4,5.0,B,470.0,0.5917438955472276,10.771606548459477,8,24,60.0,5.0,0.403921568627451,0.21922588034904109
4,5.0,B,470.0,0.5917438955472276,10.771606548459477,8,25,60.0,5.0,0.42745098039215684,0.22682512093786292
4,5.0,B,470.0,0.5917438955472276,10.771606548459477,8,26,60.0,5.0,0.18823529411764706,0.1428490794319283
4,5.0,B,470.0,0.5917438955472276,10.771606548459477,8,27,60.0,5.0,0.00784313725490196,0.028226977679718004
4,5.0,B,470.0,0.5917438955472276,10.771606548459477,8,28,60.0,5.0,0.01568627450980392,0.03997164583041206
4,5.0,B,470.0,0.5917438955472276,10.771606548459477,8,29,60.0,5.0,0.0,0.0
4,5.0,B,470.0,0.5917438955472276,10.771606548459477,8,30,60.0,5.0,0.00784313725490196,0.028226977679718004
4,5.0,B,470.0,0.5917438955472276,10.771606548459477,8,31,60.0,5.0,0.00784313725490196,0.028226977679718004
4,5.0,B,470.0,0.5917438955472276,10.771606548459477,8,32,60.0,5.0,0.00392156862745098,0.01994638965273254
4,5.0,B,470.0,0.5917438955472276,10.771606548459477,8,33,60.0,5.0,0.0,0.0
4,5.0,B,470.0,0.5917438955472276,10.771606548459477,8,34,60.0,5.0,0.0,0.0
4,5.0,B,470.0,0.5917438955472276,10.771606548459477,8,35,60.0,5.0,0.0,0.0
4,5.0,B,470.0,0.5917438955472276,10.771606548459477,9,0,60.0,5.0,0.0,0.0
4,5.0,B,470.0,0.5917438955472276,10.771606548459477,9,1,60.0,5.0,0.0,0.0
4,5.0,B,470.0,0.5917438955472276,10.771606548459477,9,2,60.0,5.0,0.00392156862745098,0.01994638965273254
4,5.0,B,470.0,0.5917438955472276,10.771606548459477,9,3,60.0,5.0,0.11372549019607843,0.10949071206008622
4,5.0,B,470.0,0.5917438955472276,10.771606548459477,9,4,60.0,5.0,0.1803921568627451,0.13962955546331615
4,5.0,B,470.0,0.5917438955472276,10.771606548459477,9,5,60.0,5.0,0.2980392156862745,0.18382343133011075
4,5.0,B,470.0,0.5917438955472276,10.771606548459477,9,6,60.0,5.0,0.2627450980392157,0.17131267163863242
4,5.0,B,470.0,0.5917438955472276,10.771606548459477,9,7,60.0,5.0,0.35294117647058826,0.2024871245093228
4,5.0,B,470.0,0.5917438955472276,10.771606548459477,9,8,60.0,5.0,0.42745098039215684,0.22682512093786292
4,5.0,B,470.0,0.5917438955472276,10.771606548459477,9,9,60.0,5.0,0.27450980392156865,0.17553721581099607
4,5.0,B,470.0,0.5917438955472276,10.771606548459477,9,10,60.0,5.0,0.07058823529411765,0.08559793231834631
4,5.0,B,470.0,0.5917438955472276,10.771606548459477,9,11,60.0,5.0,0.011764705882352941,0.0345936127618576
4,5.0,B,470.0,0.5917438955472276,10.771606548459477,9,12,60.0,5.0,0.0,0.0
4,5.0,B,470.0,0.5917438955472276,10.771606548459477,9,13,60.0,5.0,0.0,0.0
4,5.0,B,470.0,0.5917438955472276,10.771606548459477,9,14,60.0,5.0,0.0,0.0
4,5.0,B,470.0,0.5917438955472276,10.771606548459477,9,15,60.0,5.0,0.0,0.0
4,5.0,B,470.0,0.5917438955472276,10.771606548459477,9,16,60.0,5.0,0.0,0.0
4,5.0,B,470.0,0.5917438955472276,10.771606548459477,9,17,60.0,5.0,0.054901960784313725,0.0752836212383225
4,5.0,B,470.0,0.5917438955472276,10.771606548459477,9,18,60.0,5.0,0.06274509803921569,0.08059162758159863
4,5.0,B,470.0,0.5917438955472276,10.771606548459477,9,19,60.0,5.0,0.0,0.0
4,5.0,B,470.0,0.5917438955472276,10.771606548459477,9,20,60.0,5.0,0.0,0.0
4,5.0,B,470.0,0.5917438955472276,10.771606548459477,9,21,60.0,5.0,0.03529411764705882,0.060157486757451334
4,5.0,B,470.0,0.5917438955472276,10.771606548459477,9,22,60.0,5.0,0.023529411764705882,0.049020040417914766
4,5.0,B,470.0,0.5917438955472276,10.771606548459477,9,23,60.0,5.0,0.0,0.0
4,5.0,B,470.0,0.5917438955472276,10.771606548459477,9,24,60.0,5.0,0.01568627450980392,0.03997164583041206
4,5.0,B,470.0,0.5917438955472276,10.771606548459477,9,25,60.0,5.0,0.0,0.0
4,5.0,B,470.0,0.5917438955472276,10.771606548459477,9,26,60.0,5.0,0.0,0.0
4,5.0,B,470.0,0.5917438955472276,10.771606548459477,9,27,60.0,5.0,0.0,0.0
4,5.0,B,470.0,0.5917438955472276,10.771606548459477,9,28,60.0,5.0,0.0,0.0
4,5.0,B,470.0,0.5917438955472276,10.771606548459477,9,29,60.0,5.0,0.047058823529411764,0.06960448727306395
4,5.0,B,470.0,0.5917438955472276,10.771606548459477,9,30,60.0,5.0,0.0,0.0
4,5.0,B,470.0,0.5917438955472276,10.771606548459477,9,31,60.0,5.0,0.0,0.0
4,5.0,B,470.0,0.5917438955472276,10.771606548459477,9,32,60.0,5.0,0.0,0.0
4,5.0,B,470.0,0.5917438955472276,10.771606548459477,9,33,60.0,5.0,0.0,0.0
4,5.0,B,470.0,0.5917438955472276,10.771606548459477,9,34,60.0,5.0,0.0,0.0
4,5.0,B,470.0,0.5917438955472276,10.771606548459477,9,35,60.0,5.0,0.0,0.0
4,5.0,B,470.0,0.5917438955472276,10.771606548459477,10,0,60.0,5.0,0.0,0.0
4,5.0,B,470.0,0.5917438955472276,10.771606548459477,10,1,60.0,5.0,0.00392156862745098,0.01994638965273254
4,5.0,B,470.0,0.5917438955472276,10.771606548459477,10,2,60.0,5.0,0.0,0.0
4,5.0,B,470.0,0.5917438955472276,10.771606548459477,10,3,60.0,5.0,0.15294117647058825,0.12789737021175648
4,5.0,B,470.0,0.5917438955472276,10.771606548459477,10,4,60.0,5.0,0.3176470588235294,0.19058476853837517
4,5.0,B,470.0,0.5917438955472276,10.771606548459477,10,5,60.0,5.0,0.25098039215686274,0.16702677744422859
4,5.0,B,470.0,0.5917438955472276,10.771606548459477,10,6,60.0,5.0,0.2,0.1475836176504333
4,5.0,B,470.0,0.5917438955472276,10.771606548459477,10,7,60.0,5.0,0.13725490196078433,0.12080655096397991
4,5.0,B,470.0,0.5917438955472276,10.771606548459477,10,8,60.0,5.0,0.07450980392156863,0.08800426979263411
4,5.0,B,470.0,0.5917438955472276,10.771606548459477,10,9,60.0,5.0,0.12549019607843137,0.11526243188745809
4,5.0,B,470.0,0.5917438955472276,10.771606548459477,10,10,60.0,5.0,0.07058823529411765,0.08559793231834631
4,5.0,B,470.0,0.5917438955472276,10.771606548459477,10,11,60.0,5.0,0.043137254901960784,0.06659618536329842
4,5.0,B,470.0,0.5917438955472276,10.771606548459477,10,12,60.0,5.0,0.2980392156862745,0.18382343133011075
4,5.0,B,470.0,0.5917438955472276,10.771606548459477,10,13,60.0,5.0,0.2784313725490196,0.17693271574931582
4,5.0,B,470.0,0.5917438955472276,10.771606548459477,10,14,60.0,5.0,0.21568627450980393,0.15373730807570263
4,5.0,B,470.0,0.5917438955472276,10.771606548459477,10,15,60.0,5.0,0.21568627450980393,0.15373730807570263
4,5.0,B,470.0,0.5917438955472276,10.771606548459477,10,16,60.0,5.0,0.22745098039215686,0.15824621238176176
4,5.0,B,470.0,0.5917438955472276,10.771606548459477,10,17,60.0,5.0,0.45098039215686275,0.2343714695941511
4,5.0,B,470.0,0.5917438955472276,10.771606548459477,10,18,60.0,5.0,0.3176470588235294,0.19058476853837517
4,5.0,B,470.0,0.5917438955472276,10.771606548459477,10,19,60.0,5.0,0.1843137254901961,0.14124594593397474
4,5.0,B,470.0,0.5917438955472276,10.771606548459477,10,20,60.0,5.0,0.19215686274509805,0.14443943567870407
4,5.0,B,470.0,0.5917438955472276,10.771606548459477,10,21,60.0,5.0,0.36470588235294116,0.20639090758999576
4,5.0,B,470.0,0.5917438955472276,10.771606548459477,10,22,60.0,5.0,0.1411764705882353,0.12260956282279944
4,5.0,B,470.0,0.5917438955472276,10.771606548459477,10,23,60.0,5.0,0.45098039215686275,0.2343714695941511
4,5.0,B,470.0,0.5917438955472276,10.771606548459477,10,24,60.0,5.0,0.4392156862745098,0.23060377451347597
4,5.0,B,470.0,0.5917438955472276,10.771606548459477,10,25,60.0,5.0,0.2980392156862745,0.18382343133011075
4,5.0,B,470.0,0.5917438955472276,10.771606548459477,10,26,60.0,5.0,0.17254901960784313,0.13635495410892096
4,5.0,B,470.0,0.5917438955472276,10.771606548459477,10,27,60.0,5.0,0.2235294117647059,0.1567527086383188
4,5.0,B,470.0,0.5917438955472276,10.771606548459477,10,28,60.0,5.0,0.23137254901960785,0.1597306585446781
4,5.0,B,470.0,0.5917438955472276,10.771606548459477,10,29,60.0,5.0,0.34901960784313724,0.20117941526475813
4,5.0,B,470.0,0.5917438955472276,10.771606548459477,10,30,60.0,5.0,0.21568627450980393,0.15373730807570263
4,5.0,B,470.0,0.5917438955472276,10.771606548459477,10,31,60.0,5.0,0.2627450980392157,0.17131267163863242
4,5.0,B,470.0,0.5917438955472276,10.771606548459477,10,32,60.0,5.0,0.08627450980392157,0.09489506791887806
4,5.0,B,470.0,0.5917438955472276,10.771606548459477,10,33,60.0,5.0,0.0,0.0
4,5.0,B,470.0,0.5917438955472276,10.771606548459477,10,34,60.0,5.0,0.00392156862745098,0.01994638965273254
4,5.0,B,470.0,0.5917438955472276,10.771606548459477,10,35,60.0,5.0,0.0,0.0
4,5.0,B,470.0,0.5917438955472276,10.771606548459477,11,0,60.0,5.0,0.0,0.0
4,5.0,B,470.0,0.5917438955472276,10.771606548459477,11,1,60.0,5.0,0.0,0.0
4,5.0,B,470.0,0.5917438955472276,10.771606548459477,11,2,60.0,5.0,0.00392156862745098,0.01994638965273254
4,5.0,B,470.0,0.5917438955472276,10.771606548459477,11,3,60.0,5.0,0.0,0.0
4,5.0,B,470.0,0.5917438955472276,10.771606548459477,11,4,60.0,5.0,0.15294117647058825,0.12789737021175648
4,5.0,B,470.0,0.5917438955472276,10.771606548459477,11,5,60.0,5.0,0.2196078431372549,0.15524984546857312
4,5.0,B,470.0,0.5917438955472276,10.771606548459477,11,6,60.0,5.0,0.10980392156862745,0.10750973625166191
4,5.0,B,470.0,0.5917438955472276,10.771606548459477,11,7,60.0,5.0,0.1843137254901961,0.14124594593397474
4,5.0,B,470.0,0.5917438955472276,10.771606548459477,11,8,60.0,5.0,0.17254901960784313,0.13635495410892096
4,5.0,B,470.0,0.5917438955472276,10.771606548459477,11,9,60.0,5.0,0.15294117647058825,0.12789737021175648
4,5.0,B,470.0,0.5917438955472276,10.771606548459477,11,10,60.0,5.0,0.10980392156862745,0.10750973625166191
4,5.0,B,470.0,0.5917438955472276,10.771606548459477,11,11,60.0,5.0,0.0,0.0
4,5.0,B,470.0,0.5917438955472276,10.771606548459477,11,12,60.0,5.0,0.5411764705882353,0.26312173822002455
4,5.0,B,470.0,0.5917438955472276,10.771606548459477,11,13,60.0,5.0,0.6078431372549019,0.28459942396084814
4,5.0,B,470.0,0.5917438955472276,10.771606548459477,11,14,60.0,5.0,0.5529411764705883,0.2668833473847134
4,5.0,B,470.0,0.5917438955472276,10.771606548459477,11,15,60.0,5.0,0.5803921568627451,0.2757011764274999
4,5.0,B,470.0,0.5917438955472276,10.771606548459477,11,16,60.0,5.0,0.5686274509803921,0.27191397286132807
4,5.0,B,470.0,0.5917438955472276,10.771606548459477,11,17,60.0,5.0,0.5058823529411764,0.2518724542907634
4,5.0,B,470.0,0.5917438955472276,10.771606548459477,11,18,60.0,5.0,0.5215686274509804,0.25686763838273197
4,5.0,B,470.0,0.5917438955472276,10.771606548459477,11,19,60.0,5.0,0.5764705882352941,0.27443725197219737
4,5.0,B,470.0,0.5917438955472276,10.771606548459477,11,20,60.0,5.0,0.5450980392156862,0.2643746873214314
4,5.0,B,470.0,0.5917438955472276,10.771606548459477,11,21,60.0,5.0,0.40784313725490196,0.2204968785082125
4,5.0,B,470.0,0.5917438955472276,10.771606548459477,11,22,60.0,5.0,0.2196078431372549,0.15524984546857312
4,5.0,B,470.0,0.5917438955472276,10.771606548459477,11,23,60.0,5.0,0.5647058823529412,0.2706544493931912
4,5.0,B,470.0,0.5917438955472276,10.771606548459477,11,24,60.0,5.0,0.4627450980392157,0.23813039630387822
4,5.0,B,470.0,0.5917438955472276,10.771606548459477,11,25,60.0,5.0,0.5215686274509804,0.25686763838273197
4,5.0,B,470.0,0.5917438955472276,10.771606548459477,11,26,60.0,5.0,0.5529411764705883,0.2668833473847134
4,5.0,B,470.0,0.5917438955472276,10.771606548459477,11,27,60.0,5.0,0.5137254901960784,0.25436950811775705
4,5.0,B,470.0,0.5917438955472276,10.771606548459477,11,28,60.0,5.0,0.48627450980392156,0.24563049188224292
4,5.0,B,470.0,0.5917438955472276,10.771606548459477,11,29,60.0,5.0,0.5803921568627451,0.2757011764274999
4,5.0,B,470.0,0.5917438955472276,10.771606548459477,11,30,60.0,5.0,0.4392156862745098,0.23060377451347597
4,5.0,B,470.0,0.5917438955472276,10.771606548459477,11,31,60.0,5.0,0.4588235294117647,0.23687826177997542
4,5.0,B,470.0,0.5917438955472276,10.771606548459477,11,32,60.0,5.0,0.30196078431372547,0.1851854165236684
4,5.0,B,470.0,0.5917438955472276,10.771606548459477,11,33,60.0,5.0,0.0,0.0
4,5.0,B,470.0,0.5917438955472276,10.771606548459477,11,34,60.0,5.0,0.00784313725490196,0.028226977679718004
4,5.0,B,470.0,0.5917438955472276,10.771606548459477,11,35,60.0,5.0,0.0,0.0
4,5.0,B,470.0,0.5917438955472276,10.771606548459477,12,0,60.0,5.0,0.0,0.0
4,5.0,B,470.0,0.5917438955472276,10.771606548459477,12,1,60.0,5.0,0.0,0.0
4,5.0,B,470.0,0.5917438955472276,10.771606548459477,12,2,60.0,5.0,0.0,0.0
4,5.0,B,470.0,0.5917438955472276,10.771606548459477,12,3,60.0,5.0,0.00392156862745098,0.01994638965273254
4,5.0,B,470.0,0.5917438955472276,10.771606548459477,12,4,60.0,5.0,0.0,0.0
4,5.0,B,470.0,0.5917438955472276,10.771606548459477,12,5,60.0,5.0,0.10196078431372549,0.10345212448837855
4,5.0,B,470.0,0.5917438955472276,10.771606548459477,12,6,60.0,5.0,0.3137254901960784,0.18924192203775808
4,5.0,B,470.0,0.5917438955472276,10.771606548459477,12,7,60.0,5.0,0.09411764705882353,0.09925358883323245
4,5.0,B,470.0,0.5917438955472276,10.771606548459477,12,8,60.0,5.0,0.09019607843137255,0.09709567612708571
4,5.0,B,470.0,0.5917438955472276,10.771606548459477,12,9,60.0,5.0,0.13333333333333333,0.11898174462796458
4,5.0,B,470.0,0.5917438955472276,10.771606548459477,12,10,60.0,5.0,0.00784313725490196,0.028226977679718004
4,5.0,B,470.0,0.5917438955472276,10.771606548459477,12,11,60.0,5.0,0.03137254901960784,0.05667903330417266
4,5.0,B,470.0,0.5917438955472276,10.771606548459477,12,12,60.0,5.0,0.26666666666666666,0.1727273908759613
4,5.0,B,470.0,0.5917438955472276,10.771606548459477,12,13,60.0,5.0,0.41568627450980394,0.22303326182108058
4,5.0,B,470.0,0.5917438955472276,10.771606548459477,12,14,60.0,5.0,0.42745098039215684,0.22682512093786292
4,5.0,B,470.0,0.5917438955472276,10.771606548459477,12,15,60.0,5.0,0.3803921568627451,0.21155484953700343
4,5.0,B,470.0,0.5917438955472276,10.771606548459477,12,16,60.0,5.0,0.34509803921568627,0.19986829362396183
4,5.0,B,470.0,0.5917438955472276,10.771606548459477,12,17,60.0,5.0,0.24313725490196078,0.1641324917521111
4,5.0,B,470.0,0.5917438955472276,10.771606548459477,12,18,60.0,5.0,0.2549019607843137,0.1684625831810239
4,5.0,B,470.0,0.5917438955472276,10.771606548459477,12,19,60.0,5.0,0.2823529411764706,0.17832219301287253
4,5.0,B,470.0,0.5917438955472276,10.771606548459477,12,20,60.0,5.0,0.27058823529411763,0.17413550547828363
4,5.0,B,470.0,0.5917438955472276,10.771606548459477,12,21,60.0,5.0,0.2549019607843137,0.1684625831810239
4,5.0,B,470.0,0.5917438955472276,10.771606548459477,12,22,60.0,5.0,0.13725490196078433,0.12080655096397991
4,5.0,B,470.0,0.5917438955472276,10.771606548459477,12,23,60.0,5.0,0.15294117647058825,0.12789737021175648
4,5.0,B,470.0,0.5917438955472276,10.771606548459477,12,24,60.0,5.0,0.13725490196078433,0.12080655096397991
4,5.0,B,470.0,0.5917438955472276,10.771606548459477,12,25,60.0,5.0,0.26666666666666666,0.1727273908759613
4,5.0,B,470.0,0.5917438955472276,10.771606548459477,12,26,60.0,5.0,0.3568627450980392,0.20379153547696685
4,5.0,B,470.0,0.5917438955472276,10.771606548459477,12,27,60.0,5.0,0.25098039215686274,0.16702677744422859
4,5.0,B,470.0,0.5917438955472276,10.771606548459477,12,28,60.0,5.0,0.3254901960784314,0.19325732867442041
4,5.0,B,470.0,0.5917438955472276,10.771606548459477,12,29,60.0,5.0,0.27058823529411763,0.17413550547828363
4,5.0,B,470.0,0.5917438955472276,10.771606548459477,12,30,60.0,5.0,0.2784313725490196,0.17693271574931582
4,5.0,B,470.0,0.5917438955472276,10.771606548459477,12,31,60.0,5.0,0.3215686274509804,0.19192319169509703
4,5.0,B,470.0,0.5917438955472276,10.771606548459477,12,32,60.0,5.0,0.23529411764705882,0.1612063368033418
4,5.0,B,470.0,0.5917438955472276,10.771606548459477,12,33,60.0,5.0,0.0,0.0
4,5.0,B,470.0,0.5917438955472276,10.771606548459477,12,34,60.0,5.0,0.00784313725490196,0.028226977679718004
4,5.0,B,470.0,0.5917438955472276,10.771606548459477,12,35,60.0,5.0,0.0,0.0
4,5.0,B,470.0,0.5917438955472276,10.771606548459477,13,0,60.0,5.0,0.0,0.0
4,5.0,B,470.0,0.5917438955472276,10.771606548459477,13,1,60.0,5.0,0.0,0.0
4,5.0,B,470.0,0.5917438955472276,10.771606548459477,13,2,60.0,5.0,0.0,0.0
4,5.0,B,470.0,0.5917438955472276,10.771606548459477,13,3,60.0,5.0,0.0,0.0
4,5.0,B,470.0,0.5917438955472276,10.771606548459477,13,4,60.0,5.0,0.00392156862745098,0.01994638965273254
4,5.0,B,470.0,0.5917438955472276,10.771606548459477,13,5,60.0,5.0,0.03137254901960784,0.05667903330417266
4,5.0,B,470.0,0.5917438955472276,10.771606548459477,13,6,60.0,5.0,0.054901960784313725,0.0752836212383225
4,5.0,B,470.0,0.5917438955472276,10.771606548459477,13,7,60.0,5.0,0.0,0.0
4,5.0,B,470.0,0.5917438955472276,10.771606548459477,13,8,60.0,5.0,0.03137254901960784,0.05667903330417266
4,5.0,B,470.0,0.5917438955472276,10.771606548459477,13,9,60.0,5.0,0.03529411764705882,0.060157486757451334
4,5.0,B,470.0,0.5917438955472276,10.771606548459477,13,10,60.0,5.0,0.0,0.0
4,5.0,B,470.0,0.5917438955472276,10.771606548459477,13,11,60.0,5.0,0.0,0.0
4,5.0,B,470.0,0.5917438955472276,10.771606548459477,13,12,60.0,5.0,0.0,0.0
4,5.0,B,470.0,0.5917438955472276,10.771606548459477,13,13,60.0,5.0,0.0,0.0
4,5.0,B,470.0,0.5917438955472276,10.771606548459477,13,14,60.0,5.0,0.027450980392156862,0.05298297410946823
4,5.0,B,470.0,0.5917438955472276,10.771606548459477,13,15,60.0,5.0,0.0392156862745098,0.06345418699423495
4,5.0,B,470.0,0.5917438955472276,10.771606548459477,13,16,60.0,5.0,0.0,0.0
4,5.0,B,470.0,0.5917438955472276,10.771606548459477,13,17,60.0,5.0,0.0,0.0
4,5.0,B,470.0,0.5917438955472276,10.771606548459477,13,18,60.0,5.0,0.0,0.0
4,5.0,B,470.0,0.5917438955472276,10.771606548459477,13,19,60.0,5.0,0.0,0.0
4,5.0,B,470.0,0.5917438955472276,10.771606548459477,13,20,60.0,5.0,0.0,0.0
4,5.0,B,470.0,0.5917438955472276,10.771606548459477,13,21,60.0,5.0,0.0,0.0
4,5.0,B,470.0,0.5917438955472276,10.771606548459477,13,22,60.0,5.0,0.0,0.0
4,5.0,B,470.0,0.5917438955472276,10.771606548459477,13,23,60.0,5.0,0.0,0.0
4,5.0,B,470.0,0.5917438955472276,10.771606548459477,13,24,60.0,5.0,0.0,0.0
4,5.0,B,470.0,0.5917438955472276,10.771606548459477,13,25,60.0,5.0,0.0,0.0
4,5.0,B,470.0,0.5917438955472276,10.771606548459477,13,26,60.0,5.0,0.06274509803921569,0.08059162758159863
4,5.0,B,470.0,0.5917438955472276,10.771606548459477,13,27,60.0,5.0,0.0196078431372549,0.04471926097515774
4,5.0,B,470.0,0.5917438955472276,10.771606548459477,13,28,60.0,5.0,0.0,0.0
4,5.0,B,470.0,0.5917438955472276,10.771606548459477,13,29,60.0,5.0,0.0,0.0
4,5.0,B,470.0,0.5917438955472276,10.771606548459477,13,30,60.0,5.0,0.0,0.0
4,5.0,B,470.0,0.5917438955472276,10.771606548459477,13,31,60.0,5.0,0.0,0.0
4,5.0,B,470.0,0.5917438955472276,10.771606548459477,13,32,60.0,5.0,0.0,0.0
4,5.0,B,470.0,0.5917438955472276,10.771606548459477,13,33,60.0,5.0,0.0,0.0
4,5.0,B,470.0,0.5917438955472276,10.771606548459477,13,34,60.0,5.0,0.0,0.0
4,5.0,B,470.0,0.5917438955472276,10.771606548459477,13,35,60.0,5.0,0.0,0.0
4,5.0,B,470.0,0.5917438955472276,10.771606548459477,14,0,60.0,5.0,0.0,0.0
4,5.0,B,470.0,0.5917438955472276,10.771606548459477,14,1,60.0,5.0,0.0,0.0
4,5.0,B,470.0,0.5917438955472276,10.771606548459477,14,2,60.0,5.0,0.0,0.0
4,5.0,B,470.0,0.5917438955472276,10.771606548459477,14,3,60.0,5.0,0.0,0.0
4,5.0,B,470.0,0.5917438955472276,10.771606548459477,14,4,60.0,5.0,0.0,0.0
4,5.0,B,470.0,0.5917438955472276,10.771606548459477,14,5,60.0,5.0,0.0,0.0
4,5.0,B,470.0,0.5917438955472276,10.771606548459477,14,6,60.0,5.0,0.0,0.0
4,5.0,B,470.0,0.5917438955472276,10.771606548459477,14,7,60.0,5.0,0.0,0.0
4,5.0,B,470.0,0.5917438955472276,10.771606548459477,14,8,60.0,5.0,0.0,0.0
4,5.0,B,470.0,0.5917438955472276,10.771606548459477,14,9,60.0,5.0,0.0,0.0
4,5.0,B,470.0,0.5917438955472276,10.771606548459477,14,10,60.0,5.0,0.0,0.0
4,5.0,B,470.0,0.5917438955472276,10.771606548459477,14,11,60.0,5.0,0.0,0.0
4,5.0,B,470.0,0.5917438955472276,10.771606548459477,14,12,60.0,5.0,0.00784313725490196,0.028226977679718004
4,5.0,B,470.0,0.5917438955472276,10.771606548459477,14,13,60.0,5.0,0.0,0.0
4,5.0,B,470.0,0.5917438955472276,10.771606548459477,14,14,60.0,5.0,0.0,0.0
4,5.0,B,470.0,0.5917438955472276,10.771606548459477,14,15,60.0,5.0,0.0,0.0
4,5.0,B,470.0,0.5917438955472276,10.771606548459477,14,16,60.0,5.0,0.0,0.0
4,5.0,B,470.0,0.5917438955472276,10.771606548459477,14,17,60.0,5.0,0.00784313725490196,0.028226977679718004
4,5.0,B,470.0,0.5917438955472276,10.771606548459477,14,18,60.0,5.0,0.00784313725490196,0.028226977679718004
4,5.0,B,470.0,0.5917438955472276,10.771606548459477,14,19,60.0,5.0,0.00784313725490196,0.028226977679718004
4,5.0,B,470.0,0.5917438955472276,10.771606548459477,14,20,60.0,5.0,0.00784313725490196,0.028226977679718004
4,5.0,B,470.0,0.5917438955472276,10.771606548459477,14,21,60.0,5.0,0.00392156862745098,0.01994638965273254
4,5.0,B,470.0,0.5917438955472276,10.771606548459477,14,22,60.0,5.0,0.00392156862745098,0.01994638965273254
4,5.0,B,470.0,0.5917438955472276,10.771606548459477,14,23,60.0,5.0,0.00392156862745098,0.01994638965273254
4,5.0,B,470.0,0.5917438955472276,10.771606548459477,14,24,60.0,5.0,0.00392156862745098,0.01994638965273254
4,5.0,B,470.0,0.5917438955472276,10.771606548459477,14,25,60.0,5.0,0.00784313725490196,0.028226977679718004
4,5.0,B,470.0,0.5917438955472276,10.771606548459477,14,26,60.0,5.0,0.0,0.0
4,5.0,B,470.0,0.5917438955472276,10.771606548459477,14,27,60.0,5.0,0.0,0.0
4,5.0,B,470.0,0.5917438955472276,10.771606548459477,14,28,60.0,5.0,0.00392156862745098,0.01994638965273254
4,5.0,B,470.0,0.5917438955472276,10.771606548459477,14,29,60.0,5.0,0.00784313725490196,0.028226977679718004
4,5.0,B,470.0,0.5917438955472276,10.771606548459477,14,30,60.0,5.0,0.00392156862745098,0.01994638965273254
4,5.0,B,470.0,0.5917438955472276,10.771606548459477,14,31,60.0,5.0,0.00392156862745098,0.01994638965273254
4,5.0,B,470.0,0.5917438955472276,10.771606548459477,14,32,60.0,5.0,0.00392156862745098,0.01994638965273254
4,5.0,B,470.0,0.5917438955472276,10.771606548459477,14,33,60.0,5.0,0.0,0.0
4,5.0,B,470.0,0.5917438955472276,10.771606548459477,14,34,60.0,5.0,0.0,0.0
4,5.0,B,470.0,0.5917438955472276,10.771606548459477,14,35,60.0,5.0,0.0,0.0
4,5.0,B,470.0,0.5917438955472276,10.771606548459477,15,0,60.0,5.0,0.0,0.0
4,5.0,B,470.0,0.5917438955472276,10.771606548459477,15,1,60.0,5.0,0.0,0.0
4,5.0,B,470.0,0.5917438955472276,10.771606548459477,15,2,60.0,5.0,0.0,0.0
4,5.0,B,470.0,0.5917438955472276,10.771606548459477,15,3,60.0,5.0,0.0,0.0
4,5.0,B,470.0,0.5917438955472276,10.771606548459477,15,4,60.0,5.0,0.0,0.0
4,5.0,B,470.0,0.5917438955472276,10.771606548459477,15,5,60.0,5.0,0.0,0.0
4,5.0,B,470.0,0.5917438955472276,10.771606548459477,15,6,60.0,5.0,0.00392156862745098,0.01994638965273254
4,5.0,B,470.0,0.5917438955472276,10.771606548459477,15,7,60.0,5.0,0.0,0.0
4,5.0,B,470.0,0.5917438955472276,10.771606548459477,15,8,60.0,5.0,0.0,0.0
4,5.0,B,470.0,0.5917438955472276,10.771606548459477,15,9,60.0,5.0,0.0,0.0
4,5.0,B,470.0,0.5917438955472276,10.771606548459477,15,10,60.0,5.0,0.0,0.0
4,5.0,B,470.0,0.5917438955472276,10.771606548459477,15,11,60.0,5.0,0.0,0.0
4,5.0,B,470.0,0.5917438955472276,10.771606548459477,15,12,60.0,5.0,0.0,0.0
4,5.0,B,470.0,0.5917438955472276,10.771606548459477,15,13,60.0,5.0,0.0,0.0
4,5.0,B,470.0,0.5917438955472276,10.771606548459477,15,14,60.0,5.0,0.00392156862745098,0.01994638965273254
4,5.0,B,470.0,0.5917438955472276,10.771606548459477,15,15,60.0,5.0,0.00392156862745098,0.01994638965273254
4,5.0,B,470.0,0.5917438955472276,10.771606548459477,15,16,60.0,5.0,0.0,0.0
4,5.0,B,470.0,0.5917438955472276,10.771606548459477,15,17,60.0,5.0,0.0,0.0
4,5.0,B,470.0,0.5917438955472276,10.771606548459477,15,18,60.0,5.0,0.0,0.0
4,5.0,B,470.0,0.5917438955472276,10.771606548459477,15,19,60.0,5.0,0.0,0.0
4,5.0,B,470.0,0.5917438955472276,10.771606548459477,15,20,60.0,5.0,0.0,0.0
4,5.0,B,470.0,0.5917438955472276,10.771606548459477,15,21,60.0,5.0,0.0,0.0
4,5.0,B,470.0,0.5917438955472276,10.771606548459477,15,22,60.0,5.0,0.0,0.0
4,5.0,B,470.0,0.5917438955472276,10.771606548459477,15,23,60.0,5.0,0.0,0.0
4,5.0,B,470.0,0.5917438955472276,10.771606548459477,15,24,60.0,5.0,0.0,0.0
4,5.0,B,470.0,0.5917438955472276,10.771606548459477,15,25,60.0,5.0,0.0,0.0
4,5.0,B,470.0,0.5917438955472276,10.771606548459477,15,26,60.0,5.0,0.00392156862745098,0.01994638965273254
4,5.0,B,470.0,0.5917438955472276,10.771606548459477,15,27,60.0,5.0,0.0,0.0
4,5.0,B,470.0,0.5917438955472276,10.771606548459477,15,28,60.0,5.0,0.0,0.0
4,5.0,B,470.0,0.5917438955472276,10.771606548459477,15,29,60.0,5.0,0.0,0.0
4,5.0,B,470.0,0.5917438955472276,10.771606548459477,15,30,60.0,5.0,0.0,0.0
4,5.0,B,470.0,0.5917438955472276,10.771606548459477,15,31,60.0,5.0,0.0,0.0
4,5.0,B,470.0,0.5917438955472276,10.771606548459477,15,32,60.0,5.0,0.0,0.0
4,5.0,B,470.0,0.5917438955472276,10.771606548459477,15,33,60.0,5.0,0.0,0.0
4,5.0,B,470.0,0.5917438955472276,10.771606548459477,15,34,60.0,5.0,0.0,0.0
4,5.0,B,470.0,0.5917438955472276,10.771606548459477,15,35,60.0,5.0,0.0,0.0
4,5.0,B,470.0,0.5917438955472276,10.771606548459477,16,0,60.0,5.0,0.0,0.0
4,5.0,B,470.0,0.5917438955472276,10.771606548459477,16,1,60.0,5.0,0.0,0.0
4,5.0,B,470.0,0.5917438955472276,10.771606548459477,16,2,60.0,5.0,0.0,0.0
4,5.0,B,470.0,0.5917438955472276,10.771606548459477,16,3,60.0,5.0,0.0,0.0
4,5.0,B,470.0,0.5917438955472276,10.771606548459477,16,4,60.0,5.0,0.0,0.0
4,5.0,B,470.0,0.5917438955472276,10.771606548459477,16,5,60.0,5.0,0.0,0.0
4,5.0,B,470.0,0.5917438955472276,10.771606548459477,16,6,60.0,5.0,0.0,0.0
4,5.0,B,470.0,0.5917438955472276,10.771606548459477,16,7,60.0,5.0,0.0,0.0
4,5.0,B,470.0,0.5917438955472276,10.771606548459477,16,8,60.0,5.0,0.0,0.0
4,5.0,B,470.0,0.5917438955472276,10.771606548459477,16,9,60.0,5.0,0.0,0.0
4,5.0,B,470.0,0.5917438955472276,10.771606548459477,16,10,60.0,5.0,0.0,0.0
4,5.0,B,470.0,0.5917438955472276,10.771606548459477,16,11,60.0,5.0,0.0,0.0
4,5.0,B,470.0,0.5917438955472276,10.771606548459477,16,12,60.0,5.0,0.0,0.0
4,5.0,B,470.0,0.5917438955472276,10.771606548459477,16,13,60.0,5.0,0.0,0.0
4,5.0,B,470.0,0.5917438955472276,10.771606548459477,16,14,60.0,5.0,0.0,0.0
4,5.0,B,470.0,0.5917438955472276,10.771606548459477,16,15,60.0,5.0,0.0,0.0
4,5.0,B,470.0,0.5917438955472276,10.771606548459477,16,16,60.0,5.0,0.0,0.0
4,5.0,B,470.0,0.5917438955472276,10.771606548459477,16,17,60.0,5.0,0.0,0.0
4,5.0,B,470.0,0.5917438955472276,10.771606548459477,16,18,60.0,5.0,0.0,0.0
4,5.0,B,470.0,0.5917438955472276,10.771606548459477,16,19,60.0,5.0,0.0,0.0
4,5.0,B,470.0,0.5917438955472276,10.771606548459477,16,20,60.0,5.0,0.0,0.0
4,5.0,B,470.0,0.5917438955472276,10.771606548459477,16,21,60.0,5.0,0.0,0.0
4,5.0,B,470.0,0.5917438955472276,10.771606548459477,16,22,60.0,5.0,0.0,0.0
4,5.0,B,470.0,0.5917438955472276,10.771606548459477,16,23,60.0,5.0,0.0,0.0
4,5.0,B,470.0,0.5917438955472276,10.771606548459477,16,24,60.0,5.0,0.0,0.0
4,5.0,B,470.0,0.5917438955472276,10.771606548459477,16,25,60.0,5.0,0.0,0.0
4,5.0,B,470.0,0.5917438955472276,10.771606548459477,16,26,60.0,5.0,0.0,0.0
4,5.0,B,470.0,0.5917438955472276,10.771606548459477,16,27,60.0,5.0,0.0,0.0
4,5.0,B,470.0,0.5917438955472276,10.771606548459477,16,28,60.0,5.0,0.0,0.0
4,5.0,B,470.0,0.5917438955472276,10.771606548459477,16,29,60.0,5.0,0.0,0.0
4,5.0,B,470.0,0.5917438955472276,10.771606548459477,16,30,60.0,5.0,0.0,0.0
4,5.0,B,470.0,0.5917438955472276,10.771606548459477,16,31,60.0,5.0,0.0,0.0
4,5.0,B,470.0,0.5917438955472276,10.771606548459477,16,32,60.0,5.0,0.0,0.0
4,5.0,B,470.0,0.5917438955472276,10.771606548459477,16,33,60.0,5.0,0.0,0.0
4,5.0,B,470.0,0.5917438955472276,10.771606548459477,16,34,60.0,5.0,0.0,0.0
4,5.0,B,470.0,0.5917438955472276,10.771606548459477,16,35,60.0,5.0,0.0,0.0
4,5.0,B,470.0,0.5917438955472276,10.771606548459477,17,0,60.0,5.0,0.0,0.0
4,5.0,B,470.0,0.5917438955472276,10.771606548459477,17,1,60.0,5.0,0.0,0.0
4,5.0,B,470.0,0.5917438955472276,10.771606548459477,17,2,60.0,5.0,0.0,0.0
4,5.0,B,470.0,0.5917438955472276,10.771606548459477,17,3,60.0,5.0,0.0,0.0
4,5.0,B,470.0,0.5917438955472276,10.771606548459477,17,4,60.0,5.0,0.0,0.0
4,5.0,B,470.0,0.5917438955472276,10.771606548459477,17,5,60.0,5.0,0.0,0.0
4,5.0,B,470.0,0.5917438955472276,10.771606548459477,17,6,60.0,5.0,0.0,0.0
4,5.0,B,470.0,0.5917438955472276,10.771606548459477,17,7,60.0,5.0,0.0,0.0
4,5.0,B,470.0,0.5917438955472276,10.771606548459477,17,8,60.0,5.0,0.0,0.0
4,5.0,B,470.0,0.5917438955472276,10.771606548459477,17,9,60.0,5.0,0.0,0.0
4,5.0,B,470.0,0.5917438955472276,10.771606548459477,17,10,60.0,5.0,0.0,0.0
4,5.0,B,470.0,0.5917438955472276,10.771606548459477,17,11,60.0,5.0,0.0,0.0
4,5.0,B,470.0,0.5917438955472276,10.771606548459477,17,12,60.0,5.0,0.0,0.0
4,5.0,B,470.0,0.5917438955472276,10.771606548459477,17,13,60.0,5.0,0.0,0.0
4,5.0,B,470.0,0.5917438955472276,10.771606548459477,17,14,60.0,5.0,0.0,0.0
4,5.0,B,470.0,0.5917438955472276,10.771606548459477,17,15,60.0,5.0,0.0,0.0
4,5.0,B,470.0,0.5917438955472276,10.771606548459477,17,16,60.0,5.0,0.0,0.0
4,5.0,B,470.0,0.5917438955472276,10.771606548459477,17,17,60.0,5.0,0.0,0.0
4,5.0,B,470.0,0.5917438955472276,10.771606548459477,17,18,60.0,5.0,0.0,0.0
4,5.0,B,470.0,0.5917438955472276,10.771606548459477,17,19,60.0,5.0,0.0,0.0
4,5.0,B,470.0,0.5917438955472276,10.771606548459477,17,20,60.0,5.0,0.0,0.0
4,5.0,B,470.0,0.5917438955472276,10.771606548459477,17,21,60.0,5.0,0.0,0.0
4,5.0,B,470.0,0.5917438955472276,10.771606548459477,17,22,60.0,5.0,0.0,0.0
4,5.0,B,470.0,0.5917438955472276,10.771606548459477,17,23,60.0,5.0,0.0,0.0
4,5.0,B,470.0,0.5917438955472276,10.771606548459477,17,24,60.0,5.0,0.0,0.0
4,5.0,B,470.0,0.5917438955472276,10.771606548459477,17,25,60.0,5.0,0.0,0.0
4,5.0,B,470.0,0.5917438955472276,10.771606548459477,17,26,60.0,5.0,0.0,0.0
4,5.0,B,470.0,0.5917438955472276,10.771606548459477,17,27,60.0,5.0,0.0,0.0
4,5.0,B,470.0,0.5917438955472276,10.771606548459477,17,28,60.0,5.0,0.0,0.0
4,5.0,B,470.0,0.5917438955472276,10.771606548459477,17,29,60.0,5.0,0.0,0.0
4,5.0,B,470.0,0.5917438955472276,10.771606548459477,17,30,60.0,5.0,0.0,0.0
4,5.0,B,470.0,0.5917438955472276,10.771606548459477,17,31,60.0,5.0,0.0,0.0
4,5.0,B,470.0,0.5917438955472276,10.771606548459477,17,32,60.0,5.0,0.0,0.0
4,5.0,B,470.0,0.5917438955472276,10.771606548459477,17,33,60.0,5.0,0.0,0.0
4,5.0,B,470.0,0.5917438955472276,10.771606548459477,17,34,60.0,5.0,0.0,0.0
4,5.0,B,470.0,0.5917438955472276,10.771606548459477,17,35,60.0,5.0,0.0,0.0
4,5.0,B,470.0,0.5917438955472276,10.771606548459477,18,0,60.0,5.0,0.0,0.0
4,5.0,B,470.0,0.5917438955472276,10.771606548459477,18,1,60.0,5.0,0.0,0.0
4,5.0,B,470.0,0.5917438955472276,10.771606548459477,18,2,60.0,5.0,0.0,0.0
4,5.0,B,470.0,0.5917438955472276,10.771606548459477,18,3,60.0,5.0,0.0,0.0
4,5.0,B,470.0,0.5917438955472276,10.771606548459477,18,4,60.0,5.0,0.0,0.0
4,5.0,B,470.0,0.5917438955472276,10.771606548459477,18,5,60.0,5.0,0.0,0.0
4,5.0,B,470.0,0.5917438955472276,10.771606548459477,18,6,60.0,5.0,0.0,0.0
4,5.0,B,470.0,0.5917438955472276,10.771606548459477,18,7,60.0,5.0,0.0,0.0
4,5.0,B,470.0,0.5917438955472276,10.771606548459477,18,8,60.0,5.0,0.0,0.0
4,5.0,B,470.0,0.5917438955472276,10.771606548459477,18,9,60.0,5.0,0.0,0.0
4,5.0,B,470.0,0.5917438955472276,10.771606548459477,18,10,60.0,5.0,0.0,0.0
4,5.0,B,470.0,0.5917438955472276,10.771606548459477,18,11,60.0,5.0,0.0,0.0
4,5.0,B,470.0,0.5917438955472276,10.771606548459477,18,12,60.0,5.0,0.0,0.0
4,5.0,B,470.0,0.5917438955472276,10.771606548459477,18,13,60.0,5.0,0.0,0.0
4,5.0,B,470.0,0.5917438955472276,10.771606548459477,18,14,60.0,5.0,0.0,0.0
4,5.0,B,470.0,0.5917438955472276,10.771606548459477,18,15,60.0,5.0,0.0,0.0
4,5.0,B,470.0,0.5917438955472276,10.771606548459477,18,16,60.0,5.0,0.0,0.0
4,5.0,B,470.0,0.5917438955472276,10.771606548459477,18,17,60.0,5.0,0.0,0.0
4,5.0,B,470.0,0.5917438955472276,10.771606548459477,18,18,60.0,5.0,0.0,0.0
4,5.0,B,470.0,0.5917438955472276,10.771606548459477,18,19,60.0,5.0,0.0,0.0
4,5.0,B,470.0,0.5917438955472276,10.771606548459477,18,20,60.0,5.0,0.0,0.0
4,5.0,B,470.0,0.5917438955472276,10.771606548459477,18,21,60.0,5.0,0.0,0.0
4,5.0,B,470.0,0.5917438955472276,10.771606548459477,18,22,60.0,5.0,0.0,0.0
4,5.0,B,470.0,0.5917438955472276,10.771606548459477,18,23,60.0,5.0,0.0,0.0
4,5.0,B,470.0,0.5917438955472276,10.771606548459477,18,24,60.0,5.0,0.0,0.0
4,5.0,B,470.0,0.5917438955472276,10.771606548459477,18,25,60.0,5.0,0.0,0.0
4,5.0,B,470.0,0.5917438955472276,10.771606548459477,18,26,60.0,5.0,0.0,0.0
4,5.0,B,470.0,0.5917438955472276,10.771606548459477,18,27,60.0,5.0,0.0,0.0
4,5.0,B,470.0,0.5917438955472276,10.771606548459477,18,28,60.0,5.0,0.0,0.0
4,5.0,B,470.0,0.5917438955472276,10.771606548459477,18,29,60.0,5.0,0.0,0.0
4,5.0,B,470.0,0.5917438955472276,10.771606548459477,18,30,60.0,5.0,0.0,0.0
4,5.0,B,470.0,0.5917438955472276,10.771606548459477,18,31,60.0,5.0,0.0,0.0
4,5.0,B,470.0,0.5917438955472276,10.771606548459477,18,32,60.0,5.0,0.0,0.0
4,5.0,B,470.0,0.5917438955472276,10.771606548459477,18,33,60.0,5.0,0.0,0.0
4,5.0,B,470.0,0.5917438955472276,10.771606548459477,18,34,60.0,5.0,0.0,0.0
4,5.0,B,470.0,0.5917438955472276,10.771606548459477,18,35,60.0,5.0,0.0,0.0
4,5.0,B,470.0,0.5917438955472276,10.771606548459477,19,0,60.0,5.0,0.0,0.0
4,5.0,B,470.0,0.5917438955472276,10.771606548459477,19,1,60.0,5.0,0.0,0.0
4,5.0,B,470.0,0.5917438955472276,10.771606548459477,19,2,60.0,5.0,0.0,0.0
4,5.0,B,470.0,0.5917438955472276,10.771606548459477,19,3,60.0,5.0,0.0,0.0
4,5.0,B,470.0,0.5917438955472276,10.771606548459477,19,4,60.0,5.0,0.0,0.0
4,5.0,B,470.0,0.5917438955472276,10.771606548459477,19,5,60.0,5.0,0.0,0.0
4,5.0,B,470.0,0.5917438955472276,10.771606548459477,19,6,60.0,5.0,0.0,0.0
4,5.0,B,470.0,0.5917438955472276,10.771606548459477,19,7,60.0,5.0,0.0,0.0
4,5.0,B,470.0,0.5917438955472276,10.771606548459477,19,8,60.0,5.0,0.0,0.0
4,5.0,B,470.0,0.5917438955472276,10.771606548459477,19,9,60.0,5.0,0.0,0.0
4,5.0,B,470.0,0.5917438955472276,10.771606548459477,19,10,60.0,5.0,0.0,0.0
4,5.0,B,470.0,0.5917438955472276,10.771606548459477,19,11,60.0,5.0,0.0,0.0
4,5.0,B,470.0,0.5917438955472276,10.771606548459477,19,12,60.0,5.0,0.0,0.0
4,5.0,B,470.0,0.5917438955472276,10.771606548459477,19,13,60.0,5.0,0.0,0.0
4,5.0,B,470.0,0.5917438955472276,10.771606548459477,19,14,60.0,5.0,0.0,0.0
4,5.0,B,470.0,0.5917438955472276,10.771606548459477,19,15,60.0,5.0,0.0,0.0
4,5.0,B,470.0,0.5917438955472276,10.771606548459477,19,16,60.0,5.0,0.0,0.0
4,5.0,B,470.0,0.5917438955472276,10.771606548459477,19,17,60.0,5.0,0.0,0.0
4,5.0,B,470.0,0.5917438955472276,10.771606548459477,19,18,60.0,5.0,0.0,0.0
4,5.0,B,470.0,0.5917438955472276,10.771606548459477,19,19,60.0,5.0,0.0,0.0
4,5.0,B,470.0,0.5917438955472276,10.771606548459477,19,20,60.0,5.0,0.0,0.0
4,5.0,B,470.0,0.5917438955472276,10.771606548459477,19,21,60.0,5.0,0.0,0.0
4,5.0,B,470.0,0.5917438955472276,10.771606548459477,19,22,60.0,5.0,0.0,0.0
4,5.0,B,470.0,0.5917438955472276,10.771606548459477,19,23,60.0,5.0,0.0,0.0
4,5.0,B,470.0,0.5917438955472276,10.771606548459477,19,24,60.0,5.0,0.0,0.0
4,5.0,B,470.0,0.5917438955472276,10.771606548459477,19,25,60.0,5.0,0.0,0.0
4,5.0,B,470.0,0.5917438955472276,10.771606548459477,19,26,60.0,5.0,0.0,0.0
4,5.0,B,470.0,0.5917438955472276,10.771606548459477,19,27,60.0,5.0,0.0,0.0
4,5.0,B,470.0,0.5917438955472276,10.771606548459477,19,28,60.0,5.0,0.0,0.0
4,5.0,B,470.0,0.5917438955472276,10.771606548459477,19,29,60.0,5.0,0.0,0.0
4,5.0,B,470.0,0.5917438955472276,10.771606548459477,19,30,60.0,5.0,0.0,0.0
4,5.0,B,470.0,0.5917438955472276,10.771606548459477,19,31,60.0,5.0,0.0,0.0
4,5.0,B,470.0,0.5917438955472276,10.771606548459477,19,32,60.0,5.0,0.0,0.0
4,5.0,B,470.0,0.5917438955472276,10.771606548459477,19,33,60.0,5.0,0.0,0.0
4,5.0,B,470.0,0.5917438955472276,10.771606548459477,19,34,60.0,5.0,0.0,0.0
4,5.0,B,470.0,0.5917438955472276,10.771606548459477,19,35,60.0,5.0,0.0,0.0
5,10.0,R,620.0,0.703941537618005,14.209353319244416,0,0,60.0,5.0,0.0,0.0
5,10.0,R,620.0,0.703941537618005,14.209353319244416,0,1,60.0,5.0,0.0,0.0
5,10.0,R,620.0,0.703941537618005,14.209353319244416,0,2,60.0,5.0,0.0,0.0
5,10.0,R,620.0,0.703941537618005,14.209353319244416,0,3,60.0,5.0,0.0,0.0
5,10.0,R,620.0,0.703941537618005,14.209353319244416,0,4,60.0,5.0,0.0,0.0
5,10.0,R,620.0,0.703941537618005,14.209353319244416,0,5,60.0,5.0,0.0,0.0
5,10.0,R,620.0,0.703941537618005,14.209353319244416,0,6,60.0,5.0,0.0,0.0
5,10.0,R,620.0,0.703941537618005,14.209353319244416,0,7,60.0,5.0,0.0,0.0
5,10.0,R,620.0,0.703941537618005,14.209353319244416,0,8,60.0,5.0,0.0,0.0
5,10.0,R,620.0,0.703941537618005,14.209353319244416,0,9,60.0,5.0,0.0,0.0
5,10.0,R,620.0,0.703941537618005,14.209353319244416,0,10,60.0,5.0,0.0,0.0
5,10.0,R,620.0,0.703941537618005,14.209353319244416,0,11,60.0,5.0,0.0,0.0
5,10.0,R,620.0,0.703941537618005,14.209353319244416,0,12,60.0,5.0,0.0,0.0
5,10.0,R,620.0,0.703941537618005,14.209353319244416,0,13,60.0,5.0,0.0,0.0
5,10.0,R,620.0,0.703941537618005,14.209353319244416,0,14,60.0,5.0,0.0,0.0
5,10.0,R,620.0,0.703941537618005,14.209353319244416,0,15,60.0,5.0,0.0,0.0
5,10.0,R,620.0,0.703941537618005,14.209353319244416,0,16,60.0,5.0,0.0,0.0
5,10.0,R,620.0,0.703941537618005,14.209353319244416,0,17,60.0,5.0,0.0,0.0
5,10.0,R,620.0,0.703941537618005,14.209353319244416,0,18,60.0,5.0,0.0,0.0
5,10.0,R,620.0,0.703941537618005,14.209353319244416,0,19,60.0,5.0,0.0,0.0
5,10.0,R,620.0,0.703941537618005,14.209353319244416,0,20,60.0,5.0,0.0,0.0
5,10.0,R,620.0,0.703941537618005,14.209353319244416,0,21,60.0,5.0,0.0,0.0
5,10.0,R,620.0,0.703941537618005,14.209353319244416,0,22,60.0,5.0,0.0,0.0
5,10.0,R,620.0,0.703941537618005,14.209353319244416,0,23,60.0,5.0,0.0,0.0
5,10.0,R,620.0,0.703941537618005,14.209353319244416,0,24,60.0,5.0,0.0,0.0
5,10.0,R,620.0,0.703941537618005,14.209353319244416,0,25,60.0,5.0,0.0,0.0
5,10.0,R,620.0,0.703941537618005,14.209353319244416,0,26,60.0,5.0,0.0,0.0
5,10.0,R,620.0,0.703941537618005,14.209353319244416,0,27,60.0,5.0,0.0,0.0
5,10.0,R,620.0,0.703941537618005,14.209353319244416,0,28,60.0,5.0,0.0,0.0
5,10.0,R,620.0,0.703941537618005,14.209353319244416,0,29,60.0,5.0,0.0,0.0
5,10.0,R,620.0,0.703941537618005,14.209353319244416,0,30,60.0,5.0,0.0,0.0
5,10.0,R,620.0,0.703941537618005,14.209353319244416,0,31,60.0,5.0,0.0,0.0
5,10.0,R,620.0,0.703941537618005,14.209353319244416,0,32,60.0,5.0,0.0,0.0
5,10.0,R,620.0,0.703941537618005,14.209353319244416,0,33,60.0,5.0,0.0,0.0
5,10.0,R,620.0,0.703941537618005,14.209353319244416,0,34,60.0,5.0,0.0,0.0
5,10.0,R,620.0,0.703941537618005,14.209353319244416,0,35,60.0,5.0,0.0,0.0
5,10.0,R,620.0,0.703941537618005,14.209353319244416,1,0,60.0,5.0,0.0,0.0
5,10.0,R,620.0,0.703941537618005,14.209353319244416,1,1,60.0,5.0,0.0,0.0
5,10.0,R,620.0,0.703941537618005,14.209353319244416,1,2,60.0,5.0,0.0,0.0
5,10.0,R,620.0,0.703941537618005,14.209353319244416,1,3,60.0,5.0,0.0,0.0
5,10.0,R,620.0,0.703941537618005,14.209353319244416,1,4,60.0,5.0,0.0,0.0
5,10.0,R,620.0,0.703941537618005,14.209353319244416,1,5,60.0,5.0,0.0,0.0
5,10.0,R,620.0,0.703941537618005,14.209353319244416,1,6,60.0,5.0,0.0,0.0
5,10.0,R,620.0,0.703941537618005,14.209353319244416,1,7,60.0,5.0,0.0,0.0
5,10.0,R,620.0,0.703941537618005,14.209353319244416,1,8,60.0,5.0,0.0,0.0
5,10.0,R,620.0,0.703941537618005,14.209353319244416,1,9,60.0,5.0,0.0,0.0
5,10.0,R,620.0,0.703941537618005,14.209353319244416,1,10,60.0,5.0,0.0,0.0
5,10.0,R,620.0,0.703941537618005,14.209353319244416,1,11,60.0,5.0,0.0,0.0
5,10.0,R,620.0,0.703941537618005,14.209353319244416,1,12,60.0,5.0,0.0,0.0
5,10.0,R,620.0,0.703941537618005,14.209353319244416,1,13,60.0,5.0,0.0,0.0
5,10.0,R,620.0,0.703941537618005,14.209353319244416,1,14,60.0,5.0,0.0,0.0
5,10.0,R,620.0,0.703941537618005,14.209353319244416,1,15,60.0,5.0,0.0,0.0
5,10.0,R,620.0,0.703941537618005,14.209353319244416,1,16,60.0,5.0,0.0,0.0
5,10.0,R,620.0,0.703941537618005,14.209353319244416,1,17,60.0,5.0,0.0,0.0
5,10.0,R,620.0,0.703941537618005,14.209353319244416,1,18,60.0,5.0,0.0,0.0
5,10.0,R,620.0,0.703941537618005,14.209353319244416,1,19,60.0,5.0,0.0,0.0
5,10.0,R,620.0,0.703941537618005,14.209353319244416,1,20,60.0,5.0,0.0,0.0
5,10.0,R,620.0,0.703941537618005,14.209353319244416,1,21,60.0,5.0,0.0,0.0
5,10.0,R,620.0,0.703941537618005,14.209353319244416,1,22,60.0,5.0,0.0,0.0
5,10.0,R,620.0,0.703941537618005,14.209353319244416,1,23,60.0,5.0,0.0,0.0
5,10.0,R,620.0,0.703941537618005,14.209353319244416,1,24,60.0,5.0,0.0,0.0
5,10.0,R,620.0,0.703941537618005,14.209353319244416,1,25,60.0,5.0,0.0,0.0
5,10.0,R,620.0,0.703941537618005,14.209353319244416,1,26,60.0,5.0,0.0,0.0
5,10.0,R,620.0,0.703941537618005,14.209353319244416,1,27,60.0,5.0,0.0,0.0
5,10.0,R,620.0,0.703941537618005,14.209353319244416,1,28,60.0,5.0,0.0,0.0
5,10.0,R,620.0,0.703941537618005,14.209353319244416,1,29,60.0,5.0,0.0,0.0
5,10.0,R,620.0,0.703941537618005,14.209353319244416,1,30,60.0,5.0,0.0,0.0
5,10.0,R,620.0,0.703941537618005,14.209353319244416,1,31,60.0,5.0,0.0,0.0
5,10.0,R,620.0,0.703941537618005,14.209353319244416,1,32,60.0,5.0,0.0,0.0
5,10.0,R,620.0,0.703941537618005,14.209353319244416,1,33,60.0,5.0,0.0,0.0
5,10.0,R,620.0,0.703941537618005,14.209353319244416,1,34,60.0,5.0,0.0,0.0
5,10.0,R,620.0,0.703941537618005,14.209353319244416,1,35,60.0,5.0,0.0,0.0
5,10.0,R,620.0,0.703941537618005,14.209353319244416,2,0,60.0,5.0,0.0,0.0
5,10.0,R,620.0,0.703941537618005,14.209353319244416,2,1,60.0,5.0,0.0,0.0
5,10.0,R,620.0,0.703941537618005,14.209353319244416,2,2,60.0,5.0,0.0,0.0
5,10.0,R,620.0,0.703941537618005,14.209353319244416,2,3,60.0,5.0,0.0,0.0
5,10.0,R,620.0,0.703941537618005,14.209353319244416,2,4,60.0,5.0,0.0,0.0
5,10.0,R,620.0,0.703941537618005,14.209353319244416,2,5,60.0,5.0,0.0,0.0
5,10.0,R,620.0,0.703941537618005,14.209353319244416,2,6,60.0,5.0,0.0,0.0
5,10.0,R,620.0,0.703941537618005,14.209353319244416,2,7,60.0,5.0,0.0,0.0
5,10.0,R,620.0,0.703941537618005,14.209353319244416,2,8,60.0,5.0,0.0,0.0
5,10.0,R,620.0,0.703941537618005,14.209353319244416,2,9,60.0,5.0,0.0,0.0
5,10.0,R,620.0,0.703941537618005,14.209353319244416,2,10,60.0,5.0,0.0,0.0
5,10.0,R,620.0,0.703941537618005,14.209353319244416,2,11,60.0,5.0,0.0,0.0
5,10.0,R,620.0,0.703941537618005,14.209353319244416,2,12,60.0,5.0,0.0,0.0
5,10.0,R,620.0,0.703941537618005,14.209353319244416,2,13,60.0,5.0,0.0,0.0
5,10.0,R,620.0,0.703941537618005,14.209353319244416,2,14,60.0,5.0,0.0,0.0
5,10.0,R,620.0,0.703941537618005,14.209353319244416,2,15,60.0,5.0,0.0,0.0
5,10.0,R,620.0,0.703941537618005,14.209353319244416,2,16,60.0,5.0,0.0,0.0
5,10.0,R,620.0,0.703941537618005,14.209353319244416,2,17,60.0,5.0,0.0,0.0
5,10.0,R,620.0,0.703941537618005,14.209353319244416,2,18,60.0,5.0,0.0,0.0
5,10.0,R,620.0,0.703941537618005,14.209353319244416,2,19,60.0,5.0,0.0,0.0
5,10.0,R,620.0,0.703941537618005,14.209353319244416,2,20,60.0,5.0,0.0,0.0
5,10.0,R,620.0,0.703941537618005,14.209353319244416,2,21,60.0,5.0,0.0,0.0
5,10.0,R,620.0,0.703941537618005,14.209353319244416,2,22,60.0,5.0,0.0,0.0
5,10.0,R,620.0,0.703941537618005,14.209353319244416,2,23,60.0,5.0,0.0,0.0
5,10.0,R,620.0,0.703941537618005,14.209353319244416,2,24,60.0,5.0,0.0,0.0
5,10.0,R,620.0,0.703941537618005,14.209353319244416,2,25,60.0,5.0,0.0,0.0
5,10.0,R,620.0,0.703941537618005,14.209353319244416,2,26,60.0,5.0,0.0,0.0
5,10.0,R,620.0,0.703941537618005,14.209353319244416,2,27,60.0,5.0,0.0,0.0
5,10.0,R,620.0,0.703941537618005,14.209353319244416,2,28,60.0,5.0,0.0,0.0
5,10.0,R,620.0,0.703941537618005,14.209353319244416,2,29,60.0,5.0,0.0,0.0
5,10.0,R,620.0,0.703941537618005,14.209353319244416,2,30,60.0,5.0,0.0,0.0
5,10.0,R,620.0,0.703941537618005,14.209353319244416,2,31,60.0,5.0,0.0,0.0
5,10.0,R,620.0,0.703941537618005,14.209353319244416,2,32,60.0,5.0,0.0,0.0
5,10.0,R,620.0,0.703941537618005,14.209353319244416,2,33,60.0,5.0,0.0,0.0
5,10.0,R,620.0,0.703941537618005,14.209353319244416,2,34,60.0,5.0,0.0,0.0
5,10.0,R,620.0,0.703941537618005,14.209353319244416,2,35,60.0,5.0,0.0,0.0
5,10.0,R,620.0,0.703941537618005,14.209353319244416,3,0,60.0,5.0,0.0,0.0
5,10.0,R,620.0,0.703941537618005,14.209353319244416,3,1,60.0,5.0,0.0,0.0
5,10.0,R,620.0,0.703941537618005,14.209353319244416,3,2,60.0,5.0,0.0,0.0
5,10.0,R,620.0,0.703941537618005,14.209353319244416,3,3,60.0,5.0,0.0,0.0
5,10.0,R,620.0,0.703941537618005,14.209353319244416,3,4,60.0,5.0,0.0,0.0
5,10.0,R,620.0,0.703941537618005,14.209353319244416,3,5,60.0,5.0,0.0,0.0
5,10.0,R,620.0,0.703941537618005,14.209353319244416,3,6,60.0,5.0,0.0,0.0
5,10.0,R,620.0,0.703941537618005,14.209353319244416,3,7,60.0,5.0,0.0,0.0
5,10.0,R,620.0,0.703941537618005,14.209353319244416,3,8,60.0,5.0,0.0,0.0
5,10.0,R,620.0,0.703941537618005,14.209353319244416,3,9,60.0,5.0,0.0,0.0
5,10.0,R,620.0,0.703941537618005,14.209353319244416,3,10,60.0,5.0,0.0,0.0
5,10.0,R,620.0,0.703941537618005,14.209353319244416,3,11,60.0,5.0,0.0,0.0
5,10.0,R,620.0,0.703941537618005,14.209353319244416,3,12,60.0,5.0,0.0,0.0
5,10.0,R,620.0,0.703941537618005,14.209353319244416,3,13,60.0,5.0,0.0,0.0
5,10.0,R,620.0,0.703941537618005,14.209353319244416,3,14,60.0,5.0,0.0,0.0
5,10.0,R,620.0,0.703941537618005,14.209353319244416,3,15,60.0,5.0,0.0,0.0
5,10.0,R,620.0,0.703941537618005,14.209353319244416,3,16,60.0,5.0,0.0,0.0
5,10.0,R,620.0,0.703941537618005,14.209353319244416,3,17,60.0,5.0,0.0,0.0
5,10.0,R,620.0,0.703941537618005,14.209353319244416,3,18,60.0,5.0,0.0,0.0
5,10.0,R,620.0,0.703941537618005,14.209353319244416,3,19,60.0,5.0,0.0,0.0
5,10.0,R,620.0,0.703941537618005,14.209353319244416,3,20,60.0,5.0,0.0,0.0
5,10.0,R,620.0,0.703941537618005,14.209353319244416,3,21,60.0,5.0,0.0,0.0
5,10.0,R,620.0,0.703941537618005,14.209353319244416,3,22,60.0,5.0,0.0,0.0
5,10.0,R,620.0,0.703941537618005,14.209353319244416,3,23,60.0,5.0,0.0,0.0
5,10.0,R,620.0,0.703941537618005,14.209353319244416,3,24,60.0,5.0,0.0,0.0
5,10.0,R,620.0,0.703941537618005,14.209353319244416,3,25,60.0,5.0,0.0,0.0
5,10.0,R,620.0,0.703941537618005,14.209353319244416,3,26,60.0,5.0,0.0,0.0
5,10.0,R,620.0,0.703941537618005,14.209353319244416,3,27,60.0,5.0,0.0,0.0
5,10.0,R,620.0,0.703941537618005,14.209353319244416,3,28,60.0,5.0,0.0,0.0
5,10.0,R,620.0,0.703941537618005,14.209353319244416,3,29,60.0,5.0,0.0,0.0
5,10.0,R,620.0,0.703941537618005,14.209353319244416,3,30,60.0,5.0,0.0,0.0
5,10.0,R,620.0,0.703941537618005,14.209353319244416,3,31,60.0,5.0,0.0,0.0
5,10.0,R,620.0,0.703941537618005,14.209353319244416,3,32,60.0,5.0,0.0,0.0
5,10.0,R,620.0,0.703941537618005,14.209353319244416,3,33,60.0,5.0,0.0,0.0
5,10.0,R,620.0,0.703941537618005,14.209353319244416,3,34,60.0,5.0,0.0,0.0
5,10.0,R,620.0,0.703941537618005,14.209353319244416,3,35,60.0,5.0,0.0,0.0
5,10.0,R,620.0,0.703941537618005,14.209353319244416,4,0,60.0,5.0,0.0,0.0
5,10.0,R,620.0,0.703941537618005,14.209353319244416,4,1,60.0,5.0,0.0,0.0
5,10.0,R,620.0,0.703941537618005,14.209353319244416,4,2,60.0,5.0,0.0,0.0
5,10.0,R,620.0,0.703941537618005,14.209353319244416,4,3,60.0,5.0,0.0,0.0
5,10.0,R,620.0,0.703941537618005,14.209353319244416,4,4,60.0,5.0,0.0,0.0
5,10.0,R,620.0,0.703941537618005,14.209353319244416,4,5,60.0,5.0,0.00392156862745098,0.01994638965273254
5,10.0,R,620.0,0.703941537618005,14.209353319244416,4,6,60.0,5.0,0.00392156862745098,0.01994638965273254
5,10.0,R,620.0,0.703941537618005,14.209353319244416,4,7,60.0,5.0,0.00392156862745098,0.01994638965273254
5,10.0,R,620.0,0.703941537618005,14.209353319244416,4,8,60.0,5.0,0.00392156862745098,0.01994638965273254
5,10.0,R,620.0,0.703941537618005,14.209353319244416,4,9,60.0,5.0,0.0,0.0
5,10.0,R,620.0,0.703941537618005,14.209353319244416,4,10,60.0,5.0,0.0,0.0
5,10.0,R,620.0,0.703941537618005,14.209353319244416,4,11,60.0,5.0,0.0,0.0
5,10.0,R,620.0,0.703941537618005,14.209353319244416,4,12,60.0,5.0,0.00784313725490196,0.028226977679718004
5,10.0,R,620.0,0.703941537618005,14.209353319244416,4,13,60.0,5.0,0.00392156862745098,0.01994638965273254
5,10.0,R,620.0,0.703941537618005,14.209353319244416,4,14,60.0,5.0,0.00392156862745098,0.01994638965273254
5,10.0,R,620.0,0.703941537618005,14.209353319244416,4,15,60.0,5.0,0.00392156862745098,0.01994638965273254
5,10.0,R,620.0,0.703941537618005,14.209353319244416,4,16,60.0,5.0,0.00784313725490196,0.028226977679718004
5,10.0,R,620.0,0.703941537618005,14.209353319244416,4,17,60.0,5.0,0.00392156862745098,0.01994638965273254
5,10.0,R,620.0,0.703941537618005,14.209353319244416,4,18,60.0,5.0,0.00784313725490196,0.028226977679718004
5,10.0,R,620.0,0.703941537618005,14.209353319244416,4,19,60.0,5.0,0.00392156862745098,0.01994638965273254
5,10.0,R,620.0,0.703941537618005,14.209353319244416,4,20,60.0,5.0,0.00784313725490196,0.028226977679718004
5,10.0,R,620.0,0.703941537618005,14.209353319244416,4,21,60.0,5.0,0.00392156862745098,0.01994638965273254
5,10.0,R,620.0,0.703941537618005,14.209353319244416,4,22,60.0,5.0,0.00392156862745098,0.01994638965273254
5,10.0,R,620.0,0.703941537618005,14.209353319244416,4,23,60.0,5.0,0.0,0.0
5,10.0,R,620.0,0.703941537618005,14.209353319244416,4,24,60.0,5.0,0.00392156862745098,0.01994638965273254
5,10.0,R,620.0,0.703941537618005,14.209353319244416,4,25,60.0,5.0,0.00392156862745098,0.01994638965273254
5,10.0,R,620.0,0.703941537618005,14.209353319244416,4,26,60.0,5.0,0.0,0.0
5,10.0,R,620.0,0.703941537618005,14.209353319244416,4,27,60.0,5.0,0.0,0.0
5,10.0,R,620.0,0.703941537618005,14.209353319244416,4,28,60.0,5.0,0.0,0.0
5,10.0,R,620.0,0.703941537618005,14.209353319244416,4,29,60.0,5.0,0.0,0.0
5,10.0,R,620.0,0.703941537618005,14.209353319244416,4,30,60.0,5.0,0.0,0.0
5,10.0,R,620.0,0.703941537618005,14.209353319244416,4,31,60.0,5.0,0.0,0.0
5,10.0,R,620.0,0.703941537618005,14.209353319244416,4,32,60.0,5.0,0.0,0.0
5,10.0,R,620.0,0.703941537618005,14.209353319244416,4,33,60.0,5.0,0.0,0.0
5,10.0,R,620.0,0.703941537618005,14.209353319244416,4,34,60.0,5.0,0.0,0.0
5,10.0,R,620.0,0.703941537618005,14.209353319244416,4,35,60.0,5.0,0.0,0.0
5,10.0,R,620.0,0.703941537618005,14.209353319244416,5,0,60.0,5.0,0.0,0.0
5,10.0,R,620.0,0.703941537618005,14.209353319244416,5,1,60.0,5.0,0.0,0.0
5,10.0,R,620.0,0.703941537618005,14.209353319244416,5,2,60.0,5.0,0.0,0.0
5,10.0,R,620.0,0.703941537618005,14.209353319244416,5,3,60.0,5.0,0.0,0.0
5,10.0,R,620.0,0.703941537618005,14.209353319244416,5,4,60.0,5.0,0.00392156862745098,0.01994638965273254
5,10.0,R,620.0,0.703941537618005,14.209353319244416,5,5,60.0,5.0,0.0,0.0
5,10.0,R,620.0,0.703941537618005,14.209353319244416,5,6,60.0,5.0,0.01568627450980392,0.03997164583041206
5,10.0,R,620.0,0.703941537618005,14.209353319244416,5,7,60.0,5.0,0.01568627450980392,0.03997164583041206
5,10.0,R,620.0,0.703941537618005,14.209353319244416,5,8,60.0,5.0,0.0,0.0
5,10.0,R,620.0,0.703941537618005,14.209353319244416,5,9,60.0,5.0,0.00784313725490196,0.028226977679718004
5,10.0,R,620.0,0.703941537618005,14.209353319244416,5,10,60.0,5.0,0.0,0.0
5,10.0,R,620.0,0.703941537618005,14.209353319244416,5,11,60.0,5.0,0.0,0.0
5,10.0,R,620.0,0.703941537618005,14.209353319244416,5,12,60.0,5.0,0.0,0.0
5,10.0,R,620.0,0.703941537618005,14.209353319244416,5,13,60.0,5.0,0.0,0.0
5,10.0,R,620.0,0.703941537618005,14.209353319244416,5,14,60.0,5.0,0.0,0.0
5,10.0,R,620.0,0.703941537618005,14.209353319244416,5,15,60.0,5.0,0.0,0.0
5,10.0,R,620.0,0.703941537618005,14.209353319244416,5,16,60.0,5.0,0.0,0.0
5,10.0,R,620.0,0.703941537618005,14.209353319244416,5,17,60.0,5.0,0.0,0.0
5,10.0,R,620.0,0.703941537618005,14.209353319244416,5,18,60.0,5.0,0.0,0.0
5,10.0,R,620.0,0.703941537618005,14.209353319244416,5,19,60.0,5.0,0.0,0.0
5,10.0,R,620.0,0.703941537618005,14.209353319244416,5,20,60.0,5.0,0.0,0.0
5,10.0,R,620.0,0.703941537618005,14.209353319244416,5,21,60.0,5.0,0.0,0.0
5,10.0,R,620.0,0.703941537618005,14.209353319244416,5,22,60.0,5.0,0.0,0.0
5,10.0,R,620.0,0.703941537618005,14.209353319244416,5,23,60.0,5.0,0.0,0.0
5,10.0,R,620.0,0.703941537618005,14.209353319244416,5,24,60.0,5.0,0.0,0.0
5,10.0,R,620.0,0.703941537618005,14.209353319244416,5,25,60.0,5.0,0.0,0.0
5,10.0,R,620.0,0.703941537618005,14.209353319244416,5,26,60.0,5.0,0.0,0.0
5,10.0,R,620.0,0.703941537618005,14.209353319244416,5,27,60.0,5.0,0.0,0.0
5,10.0,R,620.0,0.703941537618005,14.209353319244416,5,28,60.0,5.0,0.0,0.0
5,10.0,R,620.0,0.703941537618005,14.209353319244416,5,29,60.0,5.0,0.0,0.0
5,10.0,R,620.0,0.703941537618005,14.209353319244416,5,30,60.0,5.0,0.0,0.0
5,10.0,R,620.0,0.703941537618005,14.209353319244416,5,31,60.0,5.0,0.0,0.0
5,10.0,R,620.0,0.703941537618005,14.209353319244416,5,32,60.0,5.0,0.0,0.0
5,10.0,R,620.0,0.703941537618005,14.209353319244416,5,33,60.0,5.0,0.0,0.0
5,10.0,R,620.0,0.703941537618005,14.209353319244416,5,34,60.0,5.0,0.0,0.0
5,10.0,R,620.0,0.703941537618005,14.209353319244416,5,35,60.0,5.0,0.0,0.0
5,10.0,R,620.0,0.703941537618005,14.209353319244416,6,0,60.0,5.0,0.0,0.0
5,10.0,R,620.0,0.703941537618005,14.209353319244416,6,1,60.0,5.0,0.0,0.0
5,10.0,R,620.0,0.703941537618005,14.209353319244416,6,2,60.0,5.0,0.0,0.0
5,10.0,R,620.0,0.703941537618005,14.209353319244416,6,3,60.0,5.0,0.0,0.0
5,10.0,R,620.0,0.703941537618005,14.209353319244416,6,4,60.0,5.0,0.0,0.0
5,10.0,R,620.0,0.703941537618005,14.209353319244416,6,5,60.0,5.0,0.054901960784313725,0.0752836212383225
5,10.0,R,620.0,0.703941537618005,14.209353319244416,6,6,60.0,5.0,0.06666666666666667,0.08312898574059512
5,10.0,R,620.0,0.703941537618005,14.209353319244416,6,7,60.0,5.0,0.20392156862745098,0.14913829006235088
5,10.0,R,620.0,0.703941537618005,14.209353319244416,6,8,60.0,5.0,0.058823529411764705,0.07797913037736934
5,10.0,R,620.0,0.703941537618005,14.209353319244416,6,9,60.0,5.0,0.0,0.0
5,10.0,R,620.0,0.703941537618005,14.209353319244416,6,10,60.0,5.0,0.0,0.0
5,10.0,R,620.0,0.703941537618005,14.209353319244416,6,11,60.0,5.0,0.011764705882352941,0.0345936127618576
5,10.0,R,620.0,0.703941537618005,14.209353319244416,6,12,60.0,5.0,0.23529411764705882,0.1612063368033418
5,10.0,R,620.0,0.703941537618005,14.209353319244416,6,13,60.0,5.0,0.08627450980392157,0.09489506791887806
5,10.0,R,620.0,0.703941537618005,14.209353319244416,6,14,60.0,5.0,0.047058823529411764,0.06960448727306395
5,10.0,R,620.0,0.703941537618005,14.209353319244416,6,15,60.0,5.0,0.09803921568627451,0.10137157388840211
5,10.0,R,620.0,0.703941537618005,14.209353319244416,6,16,60.0,5.0,0.3058823529411765,0.18654239242284085
5,10.0,R,620.0,0.703941537618005,14.209353319244416,6,17,60.0,5.0,0.3137254901960784,0.18924192203775808
5,10.0,R,620.0,0.703941537618005,14.209353319244416,6,18,60.0,5.0,0.21176470588235294,0.1522147678661474
5,10.0,R,620.0,0.703941537618005,14.209353319244416,6,19,60.0,5.0,0.06666666666666667,0.08312898574059512
5,10.0,R,620.0,0.703941537618005,14.209353319244416,6,20,60.0,5.0,0.19215686274509805,0.14443943567870407
5,10.0,R,620.0,0.703941537618005,14.209353319244416,6,21,60.0,5.0,0.16470588235294117,0.1330208851941153
5,10.0,R,620.0,0.703941537618005,14.209353319244416,6,22,60.0,5.0,0.0784313725490196,0.09035304440877327
5,10.0,R,620.0,0.703941537618005,14.209353319244416,6,23,60.0,5.0,0.00784313725490196,0.028226977679718004
5,10.0,R,620.0,0.703941537618005,14.209353319244416,6,24,60.0,5.0,0.09019607843137255,0.09709567612708571
5,10.0,R,620.0,0.703941537618005,14.209353319244416,6,25,60.0,5.0,0.25098039215686274,0.16702677744422859
5,10.0,R,620.0,0.703941537618005,14.209353319244416,6,26,60.0,5.0,0.3215686274509804,0.19192319169509703
5,10.0,R,620.0,0.703941537618005,14.209353319244416,6,27,60.0,5.0,0.0,0.0
5,10.0,R,620.0,0.703941537618005,14.209353319244416,6,28,60.0,5.0,0.00784313725490196,0.028226977679718004
5,10.0,R,620.0,0.703941537618005,14.209353319244416,6,29,60.0,5.0,0.0,0.0
5,10.0,R,620.0,0.703941537618005,14.209353319244416,6,30,60.0,5.0,0.0,0.0
5,10.0,R,620.0,0.703941537618005,14.209353319244416,6,31,60.0,5.0,0.0,0.0
5,10.0,R,620.0,0.703941537618005,14.209353319244416,6,32,60.0,5.0,0.0,0.0
5,10.0,R,620.0,0.703941537618005,14.209353319244416,6,33,60.0,5.0,0.0,0.0
5,10.0,R,620.0,0.703941537618005,14.209353319244416,6,34,60.0,5.0,0.0,0.0
5,10.0,R,620.0,0.703941537618005,14.209353319244416,6,35,60.0,5.0,0.0,0.0
5,10.0,R,620.0,0.703941537618005,14.209353319244416,7,0,60.0,5.0,0.0,0.0
5,10.0,R,620.0,0.703941537618005,14.209353319244416,7,1,60.0,5.0,0.0,0.0
5,10.0,R,620.0,0.703941537618005,14.209353319244416,7,2,60.0,5.0,0.0,0.0
5,10.0,R,620.0,0.703941537618005,14.209353319244416,7,3,60.0,5.0,0.011764705882352941,0.0345936127618576
5,10.0,R,620.0,0.703941537618005,14.209353319244416,7,4,60.0,5.0,0.01568627450980392,0.03997164583041206
5,10.0,R,620.0,0.703941537618005,14.209353319244416,7,5,60.0,5.0,0.12941176470588237,0.11713408480877087
5,10.0,R,620.0,0.703941537618005,14.209353319244416,7,6,60.0,5.0,0.19607843137254902,0.14601747052853942
5,10.0,R,620.0,0.703941537618005,14.209353319244416,7,7,60.0,5.0,0.22745098039215686,0.15824621238176176
5,10.0,R,620.0,0.703941537618005,14.209353319244416,7,8,60.0,5.0,0.403921568627451,0.21922588034904109
5,10.0,R,620.0,0.703941537618005,14.209353319244416,7,9,60.0,5.0,0.2196078431372549,0.15524984546857312
5,10.0,R,620.0,0.703941537618005,14.209353319244416,7,10,60.0,5.0,0.023529411764705882,0.049020040417914766
5,10.0,R,620.0,0.703941537618005,14.209353319244416,7,11,60.0,5.0,0.011764705882352941,0.0345936127618576
5,10.0,R,620.0,0.703941537618005,14.209353319244416,7,12,60.0,5.0,0.6392156862745098,0.294907240028141
5,10.0,R,620.0,0.703941537618005,14.209353319244416,7,13,60.0,5.0,0.5882352941176471,0.2782340239492319
5,10.0,R,620.0,0.703941537618005,14.209353319244416,7,14,60.0,5.0,0.5725490196078431,0.27317487906213705
5,10.0,R,620.0,0.703941537618005,14.209353319244416,7,15,60.0,5.0,0.5137254901960784,0.25436950811775705
5,10.0,R,620.0,0.703941537618005,14.209353319244416,7,16,60.0,5.0,0.49411764705882355,0.24812754570923665
5,10.0,R,620.0,0.703941537618005,14.209353319244416,7,17,60.0,5.0,0.592156862745098,0.2795031214917875
5,10.0,R,620.0,0.703941537618005,14.209353319244416,7,18,60.0,5.0,0.47843137254901963,0.24313236161726806
5,10.0,R,620.0,0.703941537618005,14.209353319244416,7,19,60.0,5.0,0.5647058823529412,0.2706544493931912
5,10.0,R,620.0,0.703941537618005,14.209353319244416,7,20,60.0,5.0,0.5803921568627451,0.2757011764274999
5,10.0,R,620.0,0.703941537618005,14.209353319244416,7,21,60.0,5.0,0.4470588235294118,0.23311665261528658
5,10.0,R,620.0,0.703941537618005,14.209353319244416,7,22,60.0,5.0,0.5450980392156862,0.2643746873214314
5,10.0,R,620.0,0.703941537618005,14.209353319244416,7,23,60.0,5.0,0.17254901960784313,0.13635495410892096
5,10.0,R,620.0,0.703941537618005,14.209353319244416,7,24,60.0,5.0,0.5019607843137255,0.2506241386314801
5,10.0,R,620.0,0.703941537618005,14.209353319244416,7,25,60.0,5.0,0.5647058823529412,0.2706544493931912
5,10.0,R,620.0,0.703941537618005,14.209353319244416,7,26,60.0,5.0,0.24313725490196078,0.1641324917521111
5,10.0,R,620.0,0.703941537618005,14.209353319244416,7,27,60.0,5.0,0.0,0.0
5,10.0,R,620.0,0.703941537618005,14.209353319244416,7,28,60.0,5.0,0.011764705882352941,0.0345936127618576
5,10.0,R,620.0,0.703941537618005,14.209353319244416,7,29,60.0,5.0,0.00392156862745098,0.01994638965273254
5,10.0,R,620.0,0.703941537618005,14.209353319244416,7,30,60.0,5.0,0.0,0.0
5,10.0,R,620.0,0.703941537618005,14.209353319244416,7,31,60.0,5.0,0.0,0.0
5,10.0,R,620.0,0.703941537618005,14.209353319244416,7,32,60.0,5.0,0.0,0.0
5,10.0,R,620.0,0.703941537618005,14.209353319244416,7,33,60.0,5.0,0.0,0.0
5,10.0,R,620.0,0.703941537618005,14.209353319244416,7,34,60.0,5.0,0.0,0.0
5,10.0,R,620.0,0.703941537618005,14.209353319244416,7,35,60.0,5.0,0.0,0.0
5,10.0,R,620.0,0.703941537618005,14.209353319244416,8,0,60.0,5.0,0.0,0.0
5,10.0,R,620.0,0.703941537618005,14.209353319244416,8,1,60.0,5.0,0.00784313725490196,0.028226977679718004
5,10.0,R,620.0,0.703941537618005,14.209353319244416,8,2,60.0,5.0,0.0,0.0
5,10.0,R,620.0,0.703941537618005,14.209353319244416,8,3,60.0,5.0,0.1803921568627451,0.13962955546331615
5,10.0,R,620.0,0.703941537618005,14.209353319244416,8,4,60.0,5.0,0.1411764705882353,0.12260956282279944
5,10.0,R,620.0,0.703941537618005,14.209353319244416,8,5,60.0,5.0,0.19215686274509805,0.14443943567870407
5,10.0,R,620.0,0.703941537618005,14.209353319244416,8,6,60.0,5.0,0.2196078431372549,0.15524984546857312
5,10.0,R,620.0,0.703941537618005,14.209353319244416,8,7,60.0,5.0,0.5098039215686274,0.2531208851602789
5,10.0,R,620.0,0.703941537618005,14.209353319244416,8,8,60.0,5.0,0.9607843137254902,0.43654581300576506
5,10.0,R,620.0,0.703941537618005,14.209353319244416,8,9,60.0,5.0,0.5372549019607843,0.26186960369612183
5,10.0,R,620.0,0.703941537618005,14.209353319244416,8,10,60.0,5.0,0.07450980392156863,0.08800426979263411
5,10.0,R,620.0,0.703941537618005,14.209353319244416,8,11,60.0,5.0,0.09803921568627451,0.10137157388840211
5,10.0,R,620.0,0.703941537618005,14.209353319244416,8,12,60.0,5.0,0.396078431372549,0.21667782097214075
5,10.0,R,620.0,0.703941537618005,14.209353319244416,8,13,60.0,5.0,0.4235294117647059,0.2255627480278026
5,10.0,R,620.0,0.703941537618005,14.209353319244416,8,14,60.0,5.0,0.4823529411764706,0.24438159985259414
5,10.0,R,620.0,0.703941537618005,14.209353319244416,8,15,60.0,5.0,0.47058823529411764,0.2406325369904614
5,10.0,R,620.0,0.703941537618005,14.209353319244416,8,16,60.0,5.0,0.44313725490196076,0.23186078127719867
5,10.0,R,620.0,0.703941537618005,14.209353319244416,8,17,60.0,5.0,0.36470588235294116,0.20639090758999576
5,10.0,R,620.0,0.703941537618005,14.209353319244416,8,18,60.0,5.0,0.3568627450980392,0.20379153547696685
5,10.0,R,620.0,0.703941537618005,14.209353319244416,8,19,60.0,5.0,0.5215686274509804,0.25686763838273197
5,10.0,R,620.0,0.703941537618005,14.209353319244416,8,20,60.0,5.0,0.3686274509803922,0.2076860858214986
5,10.0,R,620.0,0.703941537618005,14.209353319244416,8,21,60.0,5.0,0.3764705882352941,0.2102679541390965
5,10.0,R,620.0,0.703941537618005,14.209353319244416,8,22,60.0,5.0,0.41568627450980394,0.22303326182108058
5,10.0,R,620.0,0.703941537618005,14.209353319244416,8,23,60.0,5.0,0.10196078431372549,0.10345212448837855
5,10.0,R,620.0,0.703941537618005,14.209353319244416,8,24,60.0,5.0,0.43137254901960786,0.22808602713867193
5,10.0,R,620.0,0.703941537618005,14.209353319244416,8,25,60.0,5.0,0.396078431372549,0.21667782097214075
5,10.0,R,620.0,0.703941537618005,14.209353319244416,8,26,60.0,5.0,0.13725490196078433,0.12080655096397991
5,10.0,R,620.0,0.703941537618005,14.209353319244416,8,27,60.0,5.0,0.00784313725490196,0.028226977679718004
5,10.0,R,620.0,0.703941537618005,14.209353319244416,8,28,60.0,5.0,0.011764705882352941,0.0345936127618576
5,10.0,R,620.0,0.703941537618005,14.209353319244416,8,29,60.0,5.0,0.0,0.0
5,10.0,R,620.0,0.703941537618005,14.209353319244416,8,30,60.0,5.0,0.00784313725490196,0.028226977679718004
5,10.0,R,620.0,0.703941537618005,14.209353319244416,8,31,60.0,5.0,0.00784313725490196,0.028226977679718004
5,10.0,R,620.0,0.703941537618005,14.209353319244416,8,32,60.0,5.0,0.00392156862745098,0.01994638965273254
5,10.0,R,620.0,0.703941537618005,14.209353319244416,8,33,60.0,5.0,0.0,0.0
5,10.0,R,620.0,0.703941537618005,14.209353319244416,8,34,60.0,5.0,0.0,0.0
5,10.0,R,620.0,0.703941537618005,14.209353319244416,8,35,60.0,5.0,0.0,0.0
5,10.0,R,620.0,0.703941537618005,14.209353319244416,9,0,60.0,5.0,0.0,0.0
5,10.0,R,620.0,0.703941537618005,14.209353319244416,9,1,60.0,5.0,0.00392156862745098,0.01994638965273254
5,10.0,R,620.0,0.703941537618005,14.209353319244416,9,2,60.0,5.0,0.0,0.0
5,10.0,R,620.0,0.703941537618005,14.209353319244416,9,3,60.0,5.0,0.12941176470588237,0.11713408480877087
5,10.0,R,620.0,0.703941537618005,14.209353319244416,9,4,60.0,5.0,0.1568627450980392,0.12962243684422406
5,10.0,R,620.0,0.703941537618005,14.209353319244416,9,5,60.0,5.0,0.1568627450980392,0.12962243684422406
5,10.0,R,620.0,0.703941537618005,14.209353319244416,9,6,60.0,5.0,0.11372549019607843,0.10949071206008622
5,10.0,R,620.0,0.703941537618005,14.209353319244416,9,7,60.0,5.0,0.4549019607843137,0.23562531267856862
5,10.0,R,620.0,0.703941537618005,14.209353319244416,9,8,60.0,5.0,0.792156862745098,0.34931811846681793
5,10.0,R,620.0,0.703941537618005,14.209353319244416,9,9,60.0,5.0,0.6549019607843137,0.3001317063760382
5,10.0,R,620.0,0.703941537618005,14.209353319244416,9,10,60.0,5.0,0.3254901960784314,0.19325732867442041
5,10.0,R,620.0,0.703941537618005,14.209353319244416,9,11,60.0,5.0,0.0392156862745098,0.06345418699423495
5,10.0,R,620.0,0.703941537618005,14.209353319244416,9,12,60.0,5.0,0.0,0.0
5,10.0,R,620.0,0.703941537618005,14.209353319244416,9,13,60.0,5.0,0.0,0.0
5,10.0,R,620.0,0.703941537618005,14.209353319244416,9,14,60.0,5.0,0.0,0.0
5,10.0,R,620.0,0.703941537618005,14.209353319244416,9,15,60.0,5.0,0.0,0.0
5,10.0,R,620.0,0.703941537618005,14.209353319244416,9,16,60.0,5.0,0.0,0.0
5,10.0,R,620.0,0.703941537618005,14.209353319244416,9,17,60.0,5.0,0.06666666666666667,0.08312898574059512
5,10.0,R,620.0,0.703941537618005,14.209353319244416,9,18,60.0,5.0,0.058823529411764705,0.07797913037736934
5,10.0,R,620.0,0.703941537618005,14.209353319244416,9,19,60.0,5.0,0.0,0.0
5,10.0,R,620.0,0.703941537618005,14.209353319244416,9,20,60.0,5.0,0.0,0.0
5,10.0,R,620.0,0.703941537618005,14.209353319244416,9,21,60.0,5.0,0.0392156862745098,0.06345418699423495
5,10.0,R,620.0,0.703941537618005,14.209353319244416,9,22,60.0,5.0,0.023529411764705882,0.049020040417914766
5,10.0,R,620.0,0.703941537618005,14.209353319244416,9,23,60.0,5.0,0.0,0.0
5,10.0,R,620.0,0.703941537618005,14.209353319244416,9,24,60.0,5.0,0.023529411764705882,0.049020040417914766
5,10.0,R,620.0,0.703941537618005,14.209353319244416,9,25,60.0,5.0,0.0,0.0
5,10.0,R,620.0,0.703941537618005,14.209353319244416,9,26,60.0,5.0,0.0,0.0
5,10.0,R,620.0,0.703941537618005,14.209353319244416,9,27,60.0,5.0,0.0,0.0
5,10.0,R,620.0,0.703941537618005,14.209353319244416,9,28,60.0,5.0,0.0,0.0
5,10.0,R,620.0,0.703941537618005,14.209353319244416,9,29,60.0,5.0,0.047058823529411764,0.06960448727306395
5,10.0,R,620.0,0.703941537618005,14.209353319244416,9,30,60.0,5.0,0.0,0.0
5,10.0,R,620.0,0.703941537618005,14.209353319244416,9,31,60.0,5.0,0.0,0.0
5,10.0,R,620.0,0.703941537618005,14.209353319244416,9,32,60.0,5.0,0.0,0.0
5,10.0,R,620.0,0.703941537618005,14.209353319244416,9,33,60.0,5.0,0.0,0.0
5,10.0,R,620.0,0.703941537618005,14.209353319244416,9,34,60.0,5.0,0.0,0.0
5,10.0,R,620.0,0.703941537618005,14.209353319244416,9,35,60.0,5.0,0.0,0.0
5,10.0,R,620.0,0.703941537618005,14.209353319244416,10,0,60.0,5.0,0.0,0.0
5,10.0,R,620.0,0.703941537618005,14.209353319244416,10,1,60.0,5.0,0.00392156862745098,0.01994638965273254
5,10.0,R,620.0,0.703941537618005,14.209353319244416,10,2,60.0,5.0,0.0,0.0
5,10.0,R,620.0,0.703941537618005,14.209353319244416,10,3,60.0,5.0,0.050980392156862744,0.07249578895933438
5,10.0,R,620.0,0.703941537618005,14.209353319244416,10,4,60.0,5.0,0.23137254901960785,0.1597306585446781
5,10.0,R,620.0,0.703941537618005,14.209353319244416,10,5,60.0,5.0,0.1568627450980392,0.12962243684422406
5,10.0,R,620.0,0.703941537618005,14.209353319244416,10,6,60.0,5.0,0.18823529411764706,0.1428490794319283
5,10.0,R,620.0,0.703941537618005,14.209353319244416,10,7,60.0,5.0,0.12549019607843137,0.11526243188745809
5,10.0,R,620.0,0.703941537618005,14.209353319244416,10,8,60.0,5.0,0.29411764705882354,0.18245628008006537
5,10.0,R,620.0,0.703941537618005,14.209353319244416,10,9,60.0,5.0,0.5764705882352941,0.27443725197219737
5,10.0,R,620.0,0.703941537618005,14.209353319244416,10,10,60.0,5.0,0.27450980392156865,0.17553721581099607
5,10.0,R,620.0,0.703941537618005,14.209353319244416,10,11,60.0,5.0,0.21176470588235294,0.1522147678661474
5,10.0,R,620.0,0.703941537618005,14.209353319244416,10,12,60.0,5.0,0.32941176470588235,0.19458731326097745
5,10.0,R,620.0,0.703941537618005,14.209353319244416,10,13,60.0,5.0,0.3058823529411765,0.18654239242284085
5,10.0,R,620.0,0.703941537618005,14.209353319244416,10,14,60.0,5.0,0.23137254901960785,0.1597306585446781
5,10.0,R,620.0,0.703941537618005,14.209353319244416,10,15,60.0,5.0,0.24313725490196078,0.1641324917521111
5,10.0,R,620.0,0.703941537618005,14.209353319244416,10,16,60.0,5.0,0.2627450980392157,0.17131267163863242
5,10.0,R,620.0,0.703941537618005,14.209353319244416,10,17,60.0,5.0,0.5411764705882353,0.26312173822002455
5,10.0,R,620.0,0.703941537618005,14.209353319244416,10,18,60.0,5.0,0.3215686274509804,0.19192319169509703
5,10.0,R,620.0,0.703941537618005,14.209353319244416,10,19,60.0,5.0,0.19607843137254902,0.14601747052853942
5,10.0,R,620.0,0.703941537618005,14.209353319244416,10,20,60.0,5.0,0.2627450980392157,0.17131267163863242
5,10.0,R,620.0,0.703941537618005,14.209353319244416,10,21,60.0,5.0,0.3176470588235294,0.19058476853837517
5,10.0,R,620.0,0.703941537618005,14.209353319244416,10,22,60.0,5.0,0.18823529411764706,0.1428490794319283
5,10.0,R,620.0,0.703941537618005,14.209353319244416,10,23,60.0,5.0,0.4549019607843137,0.23562531267856862
5,10.0,R,620.0,0.703941537618005,14.209353319244416,10,24,60.0,5.0,0.42745098039215684,0.22682512093786292
5,10.0,R,620.0,0.703941537618005,14.209353319244416,10,25,60.0,5.0,0.24705882352941178,0.16558349319631221
5,10.0,R,620.0,0.703941537618005,14.209353319244416,10,26,60.0,5.0,0.13333333333333333,0.11898174462796458
5,10.0,R,620.0,0.703941537618005,14.209353319244416,10,27,60.0,5.0,0.18823529411764706,0.1428490794319283
5,10.0,R,620.0,0.703941537618005,14.209353319244416,10,28,60.0,5.0,0.20784313725490197,0.15068188153318207
5,10.0,R,620.0,0.703941537618005,14.209353319244416,10,29,60.0,5.0,0.30196078431372547,0.1851854165236684
5,10.0,R,620.0,0.703941537618005,14.209353319244416,10,30,60.0,5.0,0.19215686274509805,0.14443943567870407
5,10.0,R,620.0,0.703941537618005,14.209353319244416,10,31,60.0,5.0,0.23529411764705882,0.1612063368033418
5,10.0,R,620.0,0.703941537618005,14.209353319244416,10,32,60.0,5.0,0.09411764705882353,0.09925358883323245
5,10.0,R,620.0,0.703941537618005,14.209353319244416,10,33,60.0,5.0,0.0,0.0
5,10.0,R,620.0,0.703941537618005,14.209353319244416,10,34,60.0,5.0,0.00392156862745098,0.01994638965273254
5,10.0,R,620.0,0.703941537618005,14.209353319244416,10,35,60.0,5.0,0.0,0.0
5,10.0,R,620.0,0.703941537618005,14.209353319244416,11,0,60.0,5.0,0.0,0.0
5,10.0,R,620.0,0.703941537618005,14.209353319244416,11,1,60.0,5.0,0.0,0.0
5,10.0,R,620.0,0.703941537618005,14.209353319244416,11,2,60.0,5.0,0.00392156862745098,0.01994638965273254
5,10.0,R,620.0,0.703941537618005,14.209353319244416,11,3,60.0,5.0,0.00392156862745098,0.01994638965273254
5,10.0,R,620.0,0.703941537618005,14.209353319244416,11,4,60.0,5.0,0.0392156862745098,0.06345418699423495
5,10.0,R,620.0,0.703941537618005,14.209353319244416,11,5,60.0,5.0,0.10196078431372549,0.10345212448837855
5,10.0,R,620.0,0.703941537618005,14.209353319244416,11,6,60.0,5.0,0.08627450980392157,0.09489506791887806
5,10.0,R,620.0,0.703941537618005,14.209353319244416,11,7,60.0,5.0,0.13725490196078433,0.12080655096397991
5,10.0,R,620.0,0.703941537618005,14.209353319244416,11,8,60.0,5.0,0.3333333333333333,0.19591327601530364
5,10.0,R,620.0,0.703941537618005,14.209353319244416,11,9,60.0,5.0,0.6666666666666666,0.3040867239846963
5,10.0,R,620.0,0.703941537618005,14.209353319244416,11,10,60.0,5.0,0.48627450980392156,0.24563049188224292
5,10.0,R,620.0,0.703941537618005,14.209353319244416,11,11,60.0,5.0,0.03137254901960784,0.05667903330417266
5,10.0,R,620.0,0.703941537618005,14.209353319244416,11,12,60.0,5.0,0.5490196078431373,0.26562853040584894
5,10.0,R,620.0,0.703941537618005,14.209353319244416,11,13,60.0,5.0,0.6627450980392157,0.3027646555763264
5,10.0,R,620.0,0.703941537618005,14.209353319244416,11,14,60.0,5.0,0.596078431372549,0.2807741196509589
5,10.0,R,620.0,0.703941537618005,14.209353319244416,11,15,60.0,5.0,0.6078431372549019,0.28459942396084814
5,10.0,R,620.0,0.703941537618005,14.209353319244416,11,16,60.0,5.0,0.6039215686274509,0.2833221790278593
5,10.0,R,620.0,0.703941537618005,14.209353319244416,11,17,60.0,5.0,0.5215686274509804,0.25686763838273197
5,10.0,R,620.0,0.703941537618005,14.209353319244416,11,18,60.0,5.0,0.5764705882352941,0.27443725197219737
5,10.0,R,620.0,0.703941537618005,14.209353319244416,11,19,60.0,5.0,0.5803921568627451,0.2757011764274999
5,10.0,R,620.0,0.703941537618005,14.209353319244416,11,20,60.0,5.0,0.5843137254901961,0.2769667381789195
5,10.0,R,620.0,0.703941537618005,14.209353319244416,11,21,60.0,5.0,0.3215686274509804,0.19192319169509703
5,10.0,R,620.0,0.703941537618005,14.209353319244416,11,22,60.0,5.0,0.29411764705882354,0.18245628008006537
5,10.0,R,620.0,0.703941537618005,14.209353319244416,11,23,60.0,5.0,0.5411764705882353,0.26312173822002455
5,10.0,R,620.0,0.703941537618005,14.209353319244416,11,24,60.0,5.0,0.4745098039215686,0.24188269985040858
5,10.0,R,620.0,0.703941537618005,14.209353319244416,11,25,60.0,5.0,0.49411764705882355,0.24812754570923665
5,10.0,R,620.0,0.703941537618005,14.209353319244416,11,26,60.0,5.0,0.4745098039215686,0.24188269985040858
5,10.0,R,620.0,0.703941537618005,14.209353319244416,11,27,60.0,5.0,0.4745098039215686,0.24188269985040858
5,10.0,R,620.0,0.703941537618005,14.209353319244416,11,28,60.0,5.0,0.4549019607843137,0.23562531267856862
5,10.0,R,620.0,0.703941537618005,14.209353319244416,11,29,60.0,5.0,0.5137254901960784,0.25436950811775705
5,10.0,R,620.0,0.703941537618005,14.209353319244416,11,30,60.0,5.0,0.396078431372549,0.21667782097214075
5,10.0,R,620.0,0.703941537618005,14.209353319244416,11,31,60.0,5.0,0.43137254901960786,0.22808602713867193
5,10.0,R,620.0,0.703941537618005,14.209353319244416,11,32,60.0,5.0,0.3137254901960784,0.18924192203775808
5,10.0,R,620.0,0.703941537618005,14.209353319244416,11,33,60.0,5.0,0.0,0.0
5,10.0,R,620.0,0.703941537618005,14.209353319244416,11,34,60.0,5.0,0.00784313725490196,0.028226977679718004
5,10.0,R,620.0,0.703941537618005,14.209353319244416,11,35,60.0,5.0,0.0,0.0
5,10.0,R,620.0,0.703941537618005,14.209353319244416,12,0,60.0,5.0,0.0,0.0
5,10.0,R,620.0,0.703941537618005,14.209353319244416,12,1,60.0,5.0,0.0,0.0
5,10.0,R,620.0,0.703941537618005,14.209353319244416,12,2,60.0,5.0,0.0,0.0
5,10.0,R,620.0,0.703941537618005,14.209353319244416,12,3,60.0,5.0,0.0,0.0
5,10.0,R,620.0,0.703941537618005,14.209353319244416,12,4,60.0,5.0,0.0,0.0
5,10.0,R,620.0,0.703941537618005,14.209353319244416,12,5,60.0,5.0,0.011764705882352941,0.0345936127618576
5,10.0,R,620.0,0.703941537618005,14.209353319244416,12,6,60.0,5.0,0.11764705882352941,0.11144213027334762
5,10.0,R,620.0,0.703941537618005,14.209353319244416,12,7,60.0,5.0,0.1450980392156863,0.12439176642144965
5,10.0,R,620.0,0.703941537618005,14.209353319244416,12,8,60.0,5.0,0.29411764705882354,0.18245628008006537
5,10.0,R,620.0,0.703941537618005,14.209353319244416,12,9,60.0,5.0,0.6627450980392157,0.3027646555763264
5,10.0,R,620.0,0.703941537618005,14.209353319244416,12,10,60.0,5.0,0.11372549019607843,0.10949071206008622
5,10.0,R,620.0,0.703941537618005,14.209353319244416,12,11,60.0,5.0,0.011764705882352941,0.0345936127618576
5,10.0,R,620.0,0.703941537618005,14.209353319244416,12,12,60.0,5.0,0.2627450980392157,0.17131267163863242
5,10.0,R,620.0,0.703941537618005,14.209353319244416,12,13,60.0,5.0,0.4392156862745098,0.23060377451347597
5,10.0,R,620.0,0.703941537618005,14.209353319244416,12,14,60.0,5.0,0.4117647058823529,0.22176597605076812
5,10.0,R,620.0,0.703941537618005,14.209353319244416,12,15,60.0,5.0,0.403921568627451,0.21922588034904109
5,10.0,R,620.0,0.703941537618005,14.209353319244416,12,16,60.0,5.0,0.3137254901960784,0.18924192203775808
5,10.0,R,620.0,0.703941537618005,14.209353319244416,12,17,60.0,5.0,0.23921568627450981,0.16267352538779695
5,10.0,R,620.0,0.703941537618005,14.209353319244416,12,18,60.0,5.0,0.25882352941176473,0.16989114055384089
5,10.0,R,620.0,0.703941537618005,14.209353319244416,12,19,60.0,5.0,0.2784313725490196,0.17693271574931582
5,10.0,R,620.0,0.703941537618005,14.209353319244416,12,20,60.0,5.0,0.3137254901960784,0.18924192203775808
5,10.0,R,620.0,0.703941537618005,14.209353319244416,12,21,60.0,5.0,0.20784313725490197,0.15068188153318207
5,10.0,R,620.0,0.703941537618005,14.209353319244416,12,22,60.0,5.0,0.1803921568627451,0.13962955546331615
5,10.0,R,620.0,0.703941537618005,14.209353319244416,12,23,60.0,5.0,0.11372549019607843,0.10949071206008622
5,10.0,R,620.0,0.703941537618005,14.209353319244416,12,24,60.0,5.0,0.20392156862745098,0.14913829006235088
5,10.0,R,620.0,0.703941537618005,14.209353319244416,12,25,60.0,5.0,0.2549019607843137,0.1684625831810239
5,10.0,R,620.0,0.703941537618005,14.209353319244416,12,26,60.0,5.0,0.3568627450980392,0.20379153547696685
5,10.0,R,620.0,0.703941537618005,14.209353319244416,12,27,60.0,5.0,0.22745098039215686,0.15824621238176176
5,10.0,R,620.0,0.703941537618005,14.209353319244416,12,28,60.0,5.0,0.35294117647058826,0.2024871245093228
5,10.0,R,620.0,0.703941537618005,14.209353319244416,12,29,60.0,5.0,0.28627450980392155,0.17970582947972352
5,10.0,R,620.0,0.703941537618005,14.209353319244416,12,30,60.0,5.0,0.29411764705882354,0.18245628008006537
5,10.0,R,620.0,0.703941537618005,14.209353319244416,12,31,60.0,5.0,0.3176470588235294,0.19058476853837517
5,10.0,R,620.0,0.703941537618005,14.209353319244416,12,32,60.0,5.0,0.27450980392156865,0.17553721581099607
5,10.0,R,620.0,0.703941537618005,14.209353319244416,12,33,60.0,5.0,0.0,0.0
5,10.0,R,620.0,0.703941537618005,14.209353319244416,12,34,60.0,5.0,0.00784313725490196,0.028226977679718004
5,10.0,R,620.0,0.703941537618005,14.209353319244416,12,35,60.0,5.0,0.0,0.0
5,10.0,R,620.0,0.703941537618005,14.209353319244416,13,0,60.0,5.0,0.0,0.0
5,10.0,R,620.0,0.703941537618005,14.209353319244416,13,1,60.0,5.0,0.0,0.0
5,10.0,R,620.0,0.703941537618005,14.209353319244416,13,2,60.0,5.0,0.0,0.0
5,10.0,R,620.0,0.703941537618005,14.209353319244416,13,3,60.0,5.0,0.0,0.0
5,10.0,R,620.0,0.703941537618005,14.209353319244416,13,4,60.0,5.0,0.0,0.0
5,10.0,R,620.0,0.703941537618005,14.209353319244416,13,5,60.0,5.0,0.00784313725490196,0.028226977679718004
5,10.0,R,620.0,0.703941537618005,14.209353319244416,13,6,60.0,5.0,0.01568627450980392,0.03997164583041206
5,10.0,R,620.0,0.703941537618005,14.209353319244416,13,7,60.0,5.0,0.01568627450980392,0.03997164583041206
5,10.0,R,620.0,0.703941537618005,14.209353319244416,13,8,60.0,5.0,0.17254901960784313,0.13635495410892096
5,10.0,R,620.0,0.703941537618005,14.209353319244416,13,9,60.0,5.0,0.19607843137254902,0.14601747052853942
5,10.0,R,620.0,0.703941537618005,14.209353319244416,13,10,60.0,5.0,0.0,0.0
5,10.0,R,620.0,0.703941537618005,14.209353319244416,13,11,60.0,5.0,0.0,0.0
5,10.0,R,620.0,0.703941537618005,14.209353319244416,13,12,60.0,5.0,0.0,0.0
5,10.0,R,620.0,0.703941537618005,14.209353319244416,13,13,60.0,5.0,0.00392156862745098,0.01994638965273254
5,10.0,R,620.0,0.703941537618005,14.209353319244416,13,14,60.0,5.0,0.0196078431372549,0.04471926097515774
5,10.0,R,620.0,0.703941537618005,14.209353319244416,13,15,60.0,5.0,0.043137254901960784,0.06659618536329842
5,10.0,R,620.0,0.703941537618005,14.209353319244416,13,16,60.0,5.0,0.0,0.0
5,10.0,R,620.0,0.703941537618005,14.209353319244416,13,17,60.0,5.0,0.0,0.0
5,10.0,R,620.0,0.703941537618005,14.209353319244416,13,18,60.0,5.0,0.0,0.0
5,10.0,R,620.0,0.703941537618005,14.209353319244416,13,19,60.0,5.0,0.0,0.0
5,10.0,R,620.0,0.703941537618005,14.209353319244416,13,20,60.0,5.0,0.0,0.0
5,10.0,R,620.0,0.703941537618005,14.209353319244416,13,21,60.0,5.0,0.0,0.0
5,10.0,R,620.0,0.703941537618005,14.209353319244416,13,22,60.0,5.0,0.0,0.0
5,10.0,R,620.0,0.703941537618005,14.209353319244416,13,23,60.0,5.0,0.0,0.0
5,10.0,R,620.0,0.703941537618005,14.209353319244416,13,24,60.0,5.0,0.0,0.0
5,10.0,R,620.0,0.703941537618005,14.209353319244416,13,25,60.0,5.0,0.0,0.0
5,10.0,R,620.0,0.703941537618005,14.209353319244416,13,26,60.0,5.0,0.08627450980392157,0.09489506791887806
5,10.0,R,620.0,0.703941537618005,14.209353319244416,13,27,60.0,5.0,0.01568627450980392,0.03997164583041206
5,10.0,R,620.0,0.703941537618005,14.209353319244416,13,28,60.0,5.0,0.0,0.0
5,10.0,R,620.0,0.703941537618005,14.209353319244416,13,29,60.0,5.0,0.0,0.0
5,10.0,R,620.0,0.703941537618005,14.209353319244416,13,30,60.0,5.0,0.0,0.0
5,10.0,R,620.0,0.703941537618005,14.209353319244416,13,31,60.0,5.0,0.00392156862745098,0.01994638965273254
5,10.0,R,620.0,0.703941537618005,14.209353319244416,13,32,60.0,5.0,0.0,0.0
5,10.0,R,620.0,0.703941537618005,14.209353319244416,13,33,60.0,5.0,0.0,0.0
5,10.0,R,620.0,0.703941537618005,14.209353319244416,13,34,60.0,5.0,0.0,0.0
5,10.0,R,620.0,0.703941537618005,14.209353319244416,13,35,60.0,5.0,0.0,0.0
5,10.0,R,620.0,0.703941537618005,14.209353319244416,14,0,60.0,5.0,0.0,0.0
5,10.0,R,620.0,0.703941537618005,14.209353319244416,14,1,60.0,5.0,0.0,0.0
5,10.0,R,620.0,0.703941537618005,14.209353319244416,14,2,60.0,5.0,0.0,0.0
5,10.0,R,620.0,0.703941537618005,14.209353319244416,14,3,60.0,5.0,0.0,0.0
5,10.0,R,620.0,0.703941537618005,14.209353319244416,14,4,60.0,5.0,0.0,0.0
5,10.0,R,620.0,0.703941537618005,14.209353319244416,14,5,60.0,5.0,0.0,0.0
5,10.0,R,620.0,0.703941537618005,14.209353319244416,14,6,60.0,5.0,0.0,0.0
5,10.0,R,620.0,0.703941537618005,14.209353319244416,14,7,60.0,5.0,0.0,0.0
5,10.0,R,620.0,0.703941537618005,14.209353319244416,14,8,60.0,5.0,0.0,0.0
5,10.0,R,620.0,0.703941537618005,14.209353319244416,14,9,60.0,5.0,0.0,0.0
5,10.0,R,620.0,0.703941537618005,14.209353319244416,14,10,60.0,5.0,0.00392156862745098,0.01994638965273254
5,10.0,R,620.0,0.703941537618005,14.209353319244416,14,11,60.0,5.0,0.0,0.0
5,10.0,R,620.0,0.703941537618005,14.209353319244416,14,12,60.0,5.0,0.00784313725490196,0.028226977679718004
5,10.0,R,620.0,0.703941537618005,14.209353319244416,14,13,60.0,5.0,0.0,0.0
5,10.0,R,620.0,0.703941537618005,14.209353319244416,14,14,60.0,5.0,0.0,0.0
5,10.0,R,620.0,0.703941537618005,14.209353319244416,14,15,60.0,5.0,0.0,0.0
5,10.0,R,620.0,0.703941537618005,14.209353319244416,14,16,60.0,5.0,0.00392156862745098,0.01994638965273254
5,10.0,R,620.0,0.703941537618005,14.209353319244416,14,17,60.0,5.0,0.00784313725490196,0.028226977679718004
5,10.0,R,620.0,0.703941537618005,14.209353319244416,14,18,60.0,5.0,0.00784313725490196,0.028226977679718004
5,10.0,R,620.0,0.703941537618005,14.209353319244416,14,19,60.0,5.0,0.00392156862745098,0.01994638965273254
5,10.0,R,620.0,0.703941537618005,14.209353319244416,14,20,60.0,5.0,0.00784313725490196,0.028226977679718004
5,10.0,R,620.0,0.703941537618005,14.209353319244416,14,21,60.0,5.0,0.00392156862745098,0.01994638965273254
5,10.0,R,620.0,0.703941537618005,14.209353319244416,14,22,60.0,5.0,0.00392156862745098,0.01994638965273254
5,10.0,R,620.0,0.703941537618005,14.209353319244416,14,23,60.0,5.0,0.00392156862745098,0.01994638965273254
5,10.0,R,620.0,0.703941537618005,14.209353319244416,14,24,60.0,5.0,0.00392156862745098,0.01994638965273254
5,10.0,R,620.0,0.703941537618005,14.209353319244416,14,25,60.0,5.0,0.00392156862745098,0.01994638965273254
5,10.0,R,620.0,0.703941537618005,14.209353319244416,14,26,60.0,5.0,0.0,0.0
5,10.0,R,620.0,0.703941537618005,14.209353319244416,14,27,60.0,5.0,0.0,0.0
5,10.0,R,620.0,0.703941537618005,14.209353319244416,14,28,60.0,5.0,0.00392156862745098,0.01994638965273254
5,10.0,R,620.0,0.703941537618005,14.209353319244416,14,29,60.0,5.0,0.00784313725490196,0.028226977679718004
5,10.0,R,620.0,0.703941537618005,14.209353319244416,14,30,60.0,5.0,0.00392156862745098,0.01994638965273254
5,10.0,R,620.0,0.703941537618005,14.209353319244416,14,31,60.0,5.0,0.0,0.0
5,10.0,R,620.0,0.703941537618005,14.209353319244416,14,32,60.0,5.0,0.00392156862745098,0.01994638965273254
5,10.0,R,620.0,0.703941537618005,14.209353319244416,14,33,60.0,5.0,0.0,0.0
5,10.0,R,620.0,0.703941537618005,14.209353319244416,14,34,60.0,5.0,0.0,0.0
5,10.0,R,620.0,0.703941537618005,14.209353319244416,14,35,60.0,5.0,0.0,0.0
5,10.0,R,620.0,0.703941537618005,14.209353319244416,15,0,60.0,5.0,0.0,0.0
5,10.0,R,620.0,0.703941537618005,14.209353319244416,15,1,60.0,5.0,0.0,0.0
5,10.0,R,620.0,0.703941537618005,14.209353319244416,15,2,60.0,5.0,0.0,0.0
5,10.0,R,620.0,0.703941537618005,14.209353319244416,15,3,60.0,5.0,0.0,0.0
5,10.0,R,620.0,0.703941537618005,14.209353319244416,15,4,60.0,5.0,0.0,0.0
5,10.0,R,620.0,0.703941537618005,14.209353319244416,15,5,60.0,5.0,0.0,0.0
5,10.0,R,620.0,0.703941537618005,14.209353319244416,15,6,60.0,5.0,0.0,0.0
5,10.0,R,620.0,0.703941537618005,14.209353319244416,15,7,60.0,5.0,0.0,0.0
5,10.0,R,620.0,0.703941537618005,14.209353319244416,15,8,60.0,5.0,0.00392156862745098,0.01994638965273254
5,10.0,R,620.0,0.703941537618005,14.209353319244416,15,9,60.0,5.0,0.00784313725490196,0.028226977679718004
5,10.0,R,620.0,0.703941537618005,14.209353319244416,15,10,60.0,5.0,0.0,0.0
5,10.0,R,620.0,0.703941537618005,14.209353319244416,15,11,60.0,5.0,0.0,0.0
5,10.0,R,620.0,0.703941537618005,14.209353319244416,15,12,60.0,5.0,0.0,0.0
5,10.0,R,620.0,0.703941537618005,14.209353319244416,15,13,60.0,5.0,0.0,0.0
5,10.0,R,620.0,0.703941537618005,14.209353319244416,15,14,60.0,5.0,0.00392156862745098,0.01994638965273254
5,10.0,R,620.0,0.703941537618005,14.209353319244416,15,15,60.0,5.0,0.00392156862745098,0.01994638965273254
5,10.0,R,620.0,0.703941537618005,14.209353319244416,15,16,60.0,5.0,0.0,0.0
5,10.0,R,620.0,0.703941537618005,14.209353319244416,15,17,60.0,5.0,0.0,0.0
5,10.0,R,620.0,0.703941537618005,14.209353319244416,15,18,60.0,5.0,0.0,0.0
5,10.0,R,620.0,0.703941537618005,14.209353319244416,15,19,60.0,5.0,0.0,0.0
5,10.0,R,620.0,0.703941537618005,14.209353319244416,15,20,60.0,5.0,0.0,0.0
5,10.0,R,620.0,0.703941537618005,14.209353319244416,15,21,60.0,5.0,0.0,0.0
5,10.0,R,620.0,0.703941537618005,14.209353319244416,15,22,60.0,5.0,0.0,0.0
5,10.0,R,620.0,0.703941537618005,14.209353319244416,15,23,60.0,5.0,0.0,0.0
5,10.0,R,620.0,0.703941537618005,14.209353319244416,15,24,60.0,5.0,0.0,0.0
5,10.0,R,620.0,0.703941537618005,14.209353319244416,15,25,60.0,5.0,0.0,0.0
5,10.0,R,620.0,0.703941537618005,14.209353319244416,15,26,60.0,5.0,0.00392156862745098,0.01994638965273254
5,10.0,R,620.0,0.703941537618005,14.209353319244416,15,27,60.0,5.0,0.0,0.0
5,10.0,R,620.0,0.703941537618005,14.209353319244416,15,28,60.0,5.0,0.0,0.0
5,10.0,R,620.0,0.703941537618005,14.209353319244416,15,29,60.0,5.0,0.0,0.0
5,10.0,R,620.0,0.703941537618005,14.209353319244416,15,30,60.0,5.0,0.0,0.0
5,10.0,R,620.0,0.703941537618005,14.209353319244416,15,31,60.0,5.0,0.0,0.0
5,10.0,R,620.0,0.703941537618005,14.209353319244416,15,32,60.0,5.0,0.0,0.0
5,10.0,R,620.0,0.703941537618005,14.209353319244416,15,33,60.0,5.0,0.0,0.0
5,10.0,R,620.0,0.703941537618005,14.209353319244416,15,34,60.0,5.0,0.0,0.0
5,10.0,R,620.0,0.703941537618005,14.209353319244416,15,35,60.0,5.0,0.0,0.0
5,10.0,R,620.0,0.703941537618005,14.209353319244416,16,0,60.0,5.0,0.0,0.0
5,10.0,R,620.0,0.703941537618005,14.209353319244416,16,1,60.0,5.0,0.0,0.0
5,10.0,R,620.0,0.703941537618005,14.209353319244416,16,2,60.0,5.0,0.0,0.0
5,10.0,R,620.0,0.703941537618005,14.209353319244416,16,3,60.0,5.0,0.0,0.0
5,10.0,R,620.0,0.703941537618005,14.209353319244416,16,4,60.0,5.0,0.0,0.0
5,10.0,R,620.0,0.703941537618005,14.209353319244416,16,5,60.0,5.0,0.0,0.0
5,10.0,R,620.0,0.703941537618005,14.209353319244416,16,6,60.0,5.0,0.0,0.0
5,10.0,R,620.0,0.703941537618005,14.209353319244416,16,7,60.0,5.0,0.0,0.0
5,10.0,R,620.0,0.703941537618005,14.209353319244416,16,8,60.0,5.0,0.0,0.0
5,10.0,R,620.0,0.703941537618005,14.209353319244416,16,9,60.0,5.0,0.0,0.0
5,10.0,R,620.0,0.703941537618005,14.209353319244416,16,10,60.0,5.0,0.0,0.0
5,10.0,R,620.0,0.703941537618005,14.209353319244416,16,11,60.0,5.0,0.0,0.0
5,10.0,R,620.0,0.703941537618005,14.209353319244416,16,12,60.0,5.0,0.0,0.0
5,10.0,R,620.0,0.703941537618005,14.209353319244416,16,13,60.0,5.0,0.0,0.0
5,10.0,R,620.0,0.703941537618005,14.209353319244416,16,14,60.0,5.0,0.0,0.0
5,10.0,R,620.0,0.703941537618005,14.209353319244416,16,15,60.0,5.0,0.0,0.0
5,10.0,R,620.0,0.703941537618005,14.209353319244416,16,16,60.0,5.0,0.0,0.0
5,10.0,R,620.0,0.703941537618005,14.209353319244416,16,17,60.0,5.0,0.0,0.0
5,10.0,R,620.0,0.703941537618005,14.209353319244416,16,18,60.0,5.0,0.0,0.0
5,10.0,R,620.0,0.703941537618005,14.209353319244416,16,19,60.0,5.0,0.0,0.0
5,10.0,R,620.0,0.703941537618005,14.209353319244416,16,20,60.0,5.0,0.0,0.0
5,10.0,R,620.0,0.703941537618005,14.209353319244416,16,21,60.0,5.0,0.0,0.0
5,10.0,R,620.0,0.703941537618005,14.209353319244416,16,22,60.0,5.0,0.0,0.0
5,10.0,R,620.0,0.703941537618005,14.209353319244416,16,23,60.0,5.0,0.0,0.0
5,10.0,R,620.0,0.703941537618005,14.209353319244416,16,24,60.0,5.0,0.0,0.0
5,10.0,R,620.0,0.703941537618005,14.209353319244416,16,25,60.0,5.0,0.0,0.0
5,10.0,R,620.0,0.703941537618005,14.209353319244416,16,26,60.0,5.0,0.0,0.0
5,10.0,R,620.0,0.703941537618005,14.209353319244416,16,27,60.0,5.0,0.0,0.0
5,10.0,R,620.0,0.703941537618005,14.209353319244416,16,28,60.0,5.0,0.0,0.0
5,10.0,R,620.0,0.703941537618005,14.209353319244416,16,29,60.0,5.0,0.0,0.0
5,10.0,R,620.0,0.703941537618005,14.209353319244416,16,30,60.0,5.0,0.0,0.0
5,10.0,R,620.0,0.703941537618005,14.209353319244416,16,31,60.0,5.0,0.0,0.0
5,10.0,R,620.0,0.703941537618005,14.209353319244416,16,32,60.0,5.0,0.0,0.0
5,10.0,R,620.0,0.703941537618005,14.209353319244416,16,33,60.0,5.0,0.0,0.0
5,10.0,R,620.0,0.703941537618005,14.209353319244416,16,34,60.0,5.0,0.0,0.0
5,10.0,R,620.0,0.703941537618005,14.209353319244416,16,35,60.0,5.0,0.0,0.0
5,10.0,R,620.0,0.703941537618005,14.209353319244416,17,0,60.0,5.0,0.0,0.0
5,10.0,R,620.0,0.703941537618005,14.209353319244416,17,1,60.0,5.0,0.0,0.0
5,10.0,R,620.0,0.703941537618005,14.209353319244416,17,2,60.0,5.0,0.0,0.0
5,10.0,R,620.0,0.703941537618005,14.209353319244416,17,3,60.0,5.0,0.0,0.0
5,10.0,R,620.0,0.703941537618005,14.209353319244416,17,4,60.0,5.0,0.0,0.0
5,10.0,R,620.0,0.703941537618005,14.209353319244416,17,5,60.0,5.0,0.0,0.0
5,10.0,R,620.0,0.703941537618005,14.209353319244416,17,6,60.0,5.0,0.0,0.0
5,10.0,R,620.0,0.703941537618005,14.209353319244416,17,7,60.0,5.0,0.0,0.0
5,10.0,R,620.0,0.703941537618005,14.209353319244416,17,8,60.0,5.0,0.0,0.0
5,10.0,R,620.0,0.703941537618005,14.209353319244416,17,9,60.0,5.0,0.0,0.0
5,10.0,R,620.0,0.703941537618005,14.209353319244416,17,10,60.0,5.0,0.0,0.0
5,10.0,R,620.0,0.703941537618005,14.209353319244416,17,11,60.0,5.0,0.0,0.0
5,10.0,R,620.0,0.703941537618005,14.209353319244416,17,12,60.0,5.0,0.0,0.0
5,10.0,R,620.0,0.703941537618005,14.209353319244416,17,13,60.0,5.0,0.0,0.0
5,10.0,R,620.0,0.703941537618005,14.209353319244416,17,14,60.0,5.0,0.0,0.0
5,10.0,R,620.0,0.703941537618005,14.209353319244416,17,15,60.0,5.0,0.0,0.0
5,10.0,R,620.0,0.703941537618005,14.209353319244416,17,16,60.0,5.0,0.0,0.0
5,10.0,R,620.0,0.703941537618005,14.209353319244416,17,17,60.0,5.0,0.0,0.0
5,10.0,R,620.0,0.703941537618005,14.209353319244416,17,18,60.0,5.0,0.0,0.0
5,10.0,R,620.0,0.703941537618005,14.209353319244416,17,19,60.0,5.0,0.0,0.0
5,10.0,R,620.0,0.703941537618005,14.209353319244416,17,20,60.0,5.0,0.0,0.0
5,10.0,R,620.0,0.703941537618005,14.209353319244416,17,21,60.0,5.0,0.0,0.0
5,10.0,R,620.0,0.703941537618005,14.209353319244416,17,22,60.0,5.0,0.0,0.0
5,10.0,R,620.0,0.703941537618005,14.209353319244416,17,23,60.0,5.0,0.0,0.0
5,10.0,R,620.0,0.703941537618005,14.209353319244416,17,24,60.0,5.0,0.0,0.0
5,10.0,R,620.0,0.703941537618005,14.209353319244416,17,25,60.0,5.0,0.0,0.0
5,10.0,R,620.0,0.703941537618005,14.209353319244416,17,26,60.0,5.0,0.0,0.0
5,10.0,R,620.0,0.703941537618005,14.209353319244416,17,27,60.0,5.0,0.0,0.0
5,10.0,R,620.0,0.703941537618005,14.209353319244416,17,28,60.0,5.0,0.0,0.0
5,10.0,R,620.0,0.703941537618005,14.209353319244416,17,29,60.0,5.0,0.0,0.0
5,10.0,R,620.0,0.703941537618005,14.209353319244416,17,30,60.0,5.0,0.0,0.0
5,10.0,R,620.0,0.703941537618005,14.209353319244416,17,31,60.0,5.0,0.0,0.0
5,10.0,R,620.0,0.703941537618005,14.209353319244416,17,32,60.0,5.0,0.0,0.0
5,10.0,R,620.0,0.703941537618005,14.209353319244416,17,33,60.0,5.0,0.0,0.0
5,10.0,R,620.0,0.703941537618005,14.209353319244416,17,34,60.0,5.0,0.0,0.0
5,10.0,R,620.0,0.703941537618005,14.209353319244416,17,35,60.0,5.0,0.0,0.0
5,10.0,R,620.0,0.703941537618005,14.209353319244416,18,0,60.0,5.0,0.0,0.0
5,10.0,R,620.0,0.703941537618005,14.209353319244416,18,1,60.0,5.0,0.0,0.0
5,10.0,R,620.0,0.703941537618005,14.209353319244416,18,2,60.0,5.0,0.0,0.0
5,10.0,R,620.0,0.703941537618005,14.209353319244416,18,3,60.0,5.0,0.0,0.0
5,10.0,R,620.0,0.703941537618005,14.209353319244416,18,4,60.0,5.0,0.0,0.0
5,10.0,R,620.0,0.703941537618005,14.209353319244416,18,5,60.0,5.0,0.0,0.0
5,10.0,R,620.0,0.703941537618005,14.209353319244416,18,6,60.0,5.0,0.0,0.0
5,10.0,R,620.0,0.703941537618005,14.209353319244416,18,7,60.0,5.0,0.0,0.0
5,10.0,R,620.0,0.703941537618005,14.209353319244416,18,8,60.0,5.0,0.0,0.0
5,10.0,R,620.0,0.703941537618005,14.209353319244416,18,9,60.0,5.0,0.0,0.0
5,10.0,R,620.0,0.703941537618005,14.209353319244416,18,10,60.0,5.0,0.0,0.0
5,10.0,R,620.0,0.703941537618005,14.209353319244416,18,11,60.0,5.0,0.0,0.0
5,10.0,R,620.0,0.703941537618005,14.209353319244416,18,12,60.0,5.0,0.0,0.0
5,10.0,R,620.0,0.703941537618005,14.209353319244416,18,13,60.0,5.0,0.0,0.0
5,10.0,R,620.0,0.703941537618005,14.209353319244416,18,14,60.0,5.0,0.0,0.0
5,10.0,R,620.0,0.703941537618005,14.209353319244416,18,15,60.0,5.0,0.0,0.0
5,10.0,R,620.0,0.703941537618005,14.209353319244416,18,16,60.0,5.0,0.0,0.0
5,10.0,R,620.0,0.703941537618005,14.209353319244416,18,17,60.0,5.0,0.0,0.0
5,10.0,R,620.0,0.703941537618005,14.209353319244416,18,18,60.0,5.0,0.0,0.0
5,10.0,R,620.0,0.703941537618005,14.209353319244416,18,19,60.0,5.0,0.0,0.0
5,10.0,R,620.0,0.703941537618005,14.209353319244416,18,20,60.0,5.0,0.0,0.0
5,10.0,R,620.0,0.703941537618005,14.209353319244416,18,21,60.0,5.0,0.0,0.0
5,10.0,R,620.0,0.703941537618005,14.209353319244416,18,22,60.0,5.0,0.0,0.0
5,10.0,R,620.0,0.703941537618005,14.209353319244416,18,23,60.0,5.0,0.0,0.0
5,10.0,R,620.0,0.703941537618005,14.209353319244416,18,24,60.0,5.0,0.0,0.0
5,10.0,R,620.0,0.703941537618005,14.209353319244416,18,25,60.0,5.0,0.0,0.0
5,10.0,R,620.0,0.703941537618005,14.209353319244416,18,26,60.0,5.0,0.0,0.0
5,10.0,R,620.0,0.703941537618005,14.209353319244416,18,27,60.0,5.0,0.0,0.0
5,10.0,R,620.0,0.703941537618005,14.209353319244416,18,28,60.0,5.0,0.0,0.0
5,10.0,R,620.0,0.703941537618005,14.209353319244416,18,29,60.0,5.0,0.0,0.0
5,10.0,R,620.0,0.703941537618005,14.209353319244416,18,30,60.0,5.0,0.0,0.0
5,10.0,R,620.0,0.703941537618005,14.209353319244416,18,31,60.0,5.0,0.0,0.0
5,10.0,R,620.0,0.703941537618005,14.209353319244416,18,32,60.0,5.0,0.0,0.0
5,10.0,R,620.0,0.703941537618005,14.209353319244416,18,33,60.0,5.0,0.0,0.0
5,10.0,R,620.0,0.703941537618005,14.209353319244416,18,34,60.0,5.0,0.0,0.0
5,10.0,R,620.0,0.703941537618005,14.209353319244416,18,35,60.0,5.0,0.0,0.0
5,10.0,R,620.0,0.703941537618005,14.209353319244416,19,0,60.0,5.0,0.0,0.0
5,10.0,R,620.0,0.703941537618005,14.209353319244416,19,1,60.0,5.0,0.0,0.0
5,10.0,R,620.0,0.703941537618005,14.209353319244416,19,2,60.0,5.0,0.0,0.0
5,10.0,R,620.0,0.703941537618005,14.209353319244416,19,3,60.0,5.0,0.0,0.0
5,10.0,R,620.0,0.703941537618005,14.209353319244416,19,4,60.0,5.0,0.0,0.0
5,10.0,R,620.0,0.703941537618005,14.209353319244416,19,5,60.0,5.0,0.0,0.0
5,10.0,R,620.0,0.703941537618005,14.209353319244416,19,6,60.0,5.0,0.0,0.0
5,10.0,R,620.0,0.703941537618005,14.209353319244416,19,7,60.0,5.0,0.0,0.0
5,10.0,R,620.0,0.703941537618005,14.209353319244416,19,8,60.0,5.0,0.0,0.0
5,10.0,R,620.0,0.703941537618005,14.209353319244416,19,9,60.0,5.0,0.0,0.0
5,10.0,R,620.0,0.703941537618005,14.209353319244416,19,10,60.0,5.0,0.0,0.0
5,10.0,R,620.0,0.703941537618005,14.209353319244416,19,11,60.0,5.0,0.0,0.0
5,10.0,R,620.0,0.703941537618005,14.209353319244416,19,12,60.0,5.0,0.0,0.0
5,10.0,R,620.0,0.703941537618005,14.209353319244416,19,13,60.0,5.0,0.0,0.0
5,10.0,R,620.0,0.703941537618005,14.209353319244416,19,14,60.0,5.0,0.0,0.0
5,10.0,R,620.0,0.703941537618005,14.209353319244416,19,15,60.0,5.0,0.0,0.0
5,10.0,R,620.0,0.703941537618005,14.209353319244416,19,16,60.0,5.0,0.0,0.0
5,10.0,R,620.0,0.703941537618005,14.209353319244416,19,17,60.0,5.0,0.0,0.0
5,10.0,R,620.0,0.703941537618005,14.209353319244416,19,18,60.0,5.0,0.0,0.0
5,10.0,R,620.0,0.703941537618005,14.209353319244416,19,19,60.0,5.0,0.0,0.0
5,10.0,R,620.0,0.703941537618005,14.209353319244416,19,20,60.0,5.0,0.0,0.0
5,10.0,R,620.0,0.703941537618005,14.209353319244416,19,21,60.0,5.0,0.0,0.0
5,10.0,R,620.0,0.703941537618005,14.209353319244416,19,22,60.0,5.0,0.0,0.0
5,10.0,R,620.0,0.703941537618005,14.209353319244416,19,23,60.0,5.0,0.0,0.0
5,10.0,R,620.0,0.703941537618005,14.209353319244416,19,24,60.0,5.0,0.0,0.0
5,10.0,R,620.0,0.703941537618005,14.209353319244416,19,25,60.0,5.0,0.0,0.0
5,10.0,R,620.0,0.703941537618005,14.209353319244416,19,26,60.0,5.0,0.0,0.0
5,10.0,R,620.0,0.703941537618005,14.209353319244416,19,27,60.0,5.0,0.0,0.0
5,10.0,R,620.0,0.703941537618005,14.209353319244416,19,28,60.0,5.0,0.0,0.0
5,10.0,R,620.0,0.703941537618005,14.209353319244416,19,29,60.0,5.0,0.0,0.0
5,10.0,R,620.0,0.703941537618005,14.209353319244416,19,30,60.0,5.0,0.0,0.0
5,10.0,R,620.0,0.703941537618005,14.209353319244416,19,31,60.0,5.0,0.0,0.0
5,10.0,R,620.0,0.703941537618005,14.209353319244416,19,32,60.0,5.0,0.0,0.0
5,10.0,R,620.0,0.703941537618005,14.209353319244416,19,33,60.0,5.0,0.0,0.0
5,10.0,R,620.0,0.703941537618005,14.209353319244416,19,34,60.0,5.0,0.0,0.0
5,10.0,R,620.0,0.703941537618005,14.209353319244416,19,35,60.0,5.0,0.0,0.0
5,10.0,G,540.0,0.6131103714737464,12.375888374825783,0,0,60.0,5.0,0.0,0.0
5,10.0,G,540.0,0.6131103714737464,12.375888374825783,0,1,60.0,5.0,0.0,0.0
5,10.0,G,540.0,0.6131103714737464,12.375888374825783,0,2,60.0,5.0,0.0,0.0
5,10.0,G,540.0,0.6131103714737464,12.375888374825783,0,3,60.0,5.0,0.0,0.0
5,10.0,G,540.0,0.6131103714737464,12.375888374825783,0,4,60.0,5.0,0.0,0.0
5,10.0,G,540.0,0.6131103714737464,12.375888374825783,0,5,60.0,5.0,0.0,0.0
5,10.0,G,540.0,0.6131103714737464,12.375888374825783,0,6,60.0,5.0,0.0,0.0
5,10.0,G,540.0,0.6131103714737464,12.375888374825783,0,7,60.0,5.0,0.0,0.0
5,10.0,G,540.0,0.6131103714737464,12.375888374825783,0,8,60.0,5.0,0.0,0.0
5,10.0,G,540.0,0.6131103714737464,12.375888374825783,0,9,60.0,5.0,0.0,0.0
5,10.0,G,540.0,0.6131103714737464,12.375888374825783,0,10,60.0,5.0,0.0,0.0
5,10.0,G,540.0,0.6131103714737464,12.375888374825783,0,11,60.0,5.0,0.0,0.0
5,10.0,G,540.0,0.6131103714737464,12.375888374825783,0,12,60.0,5.0,0.0,0.0
5,10.0,G,540.0,0.6131103714737464,12.375888374825783,0,13,60.0,5.0,0.0,0.0
5,10.0,G,540.0,0.6131103714737464,12.375888374825783,0,14,60.0,5.0,0.0,0.0
5,10.0,G,540.0,0.6131103714737464,12.375888374825783,0,15,60.0,5.0,0.0,0.0
5,10.0,G,540.0,0.6131103714737464,12.375888374825783,0,16,60.0,5.0,0.0,0.0
5,10.0,G,540.0,0.6131103714737464,12.375888374825783,0,17,60.0,5.0,0.0,0.0
5,10.0,G,540.0,0.6131103714737464,12.375888374825783,0,18,60.0,5.0,0.0,0.0
5,10.0,G,540.0,0.6131103714737464,12.375888374825783,0,19,60.0,5.0,0.0,0.0
5,10.0,G,540.0,0.6131103714737464,12.375888374825783,0,20,60.0,5.0,0.0,0.0
5,10.0,G,540.0,0.6131103714737464,12.375888374825783,0,21,60.0,5.0,0.0,0.0
5,10.0,G,540.0,0.6131103714737464,12.375888374825783,0,22,60.0,5.0,0.0,0.0
5,10.0,G,540.0,0.6131103714737464,12.375888374825783,0,23,60.0,5.0,0.0,0.0
5,10.0,G,540.0,0.6131103714737464,12.375888374825783,0,24,60.0,5.0,0.0,0.0
5,10.0,G,540.0,0.6131103714737464,12.375888374825783,0,25,60.0,5.0,0.0,0.0
5,10.0,G,540.0,0.6131103714737464,12.375888374825783,0,26,60.0,5.0,0.0,0.0
5,10.0,G,540.0,0.6131103714737464,12.375888374825783,0,27,60.0,5.0,0.0,0.0
5,10.0,G,540.0,0.6131103714737464,12.375888374825783,0,28,60.0,5.0,0.0,0.0
5,10.0,G,540.0,0.6131103714737464,12.375888374825783,0,29,60.0,5.0,0.0,0.0
5,10.0,G,540.0,0.6131103714737464,12.375888374825783,0,30,60.0,5.0,0.0,0.0
5,10.0,G,540.0,0.6131103714737464,12.375888374825783,0,31,60.0,5.0,0.0,0.0
5,10.0,G,540.0,0.6131103714737464,12.375888374825783,0,32,60.0,5.0,0.0,0.0
5,10.0,G,540.0,0.6131103714737464,12.375888374825783,0,33,60.0,5.0,0.0,0.0
5,10.0,G,540.0,0.6131103714737464,12.375888374825783,0,34,60.0,5.0,0.0,0.0
5,10.0,G,540.0,0.6131103714737464,12.375888374825783,0,35,60.0,5.0,0.0,0.0
5,10.0,G,540.0,0.6131103714737464,12.375888374825783,1,0,60.0,5.0,0.0,0.0
5,10.0,G,540.0,0.6131103714737464,12.375888374825783,1,1,60.0,5.0,0.0,0.0
5,10.0,G,540.0,0.6131103714737464,12.375888374825783,1,2,60.0,5.0,0.0,0.0
5,10.0,G,540.0,0.6131103714737464,12.375888374825783,1,3,60.0,5.0,0.0,0.0
5,10.0,G,540.0,0.6131103714737464,12.375888374825783,1,4,60.0,5.0,0.0,0.0
5,10.0,G,540.0,0.6131103714737464,12.375888374825783,1,5,60.0,5.0,0.0,0.0
5,10.0,G,540.0,0.6131103714737464,12.375888374825783,1,6,60.0,5.0,0.0,0.0
5,10.0,G,540.0,0.6131103714737464,12.375888374825783,1,7,60.0,5.0,0.0,0.0
5,10.0,G,540.0,0.6131103714737464,12.375888374825783,1,8,60.0,5.0,0.0,0.0
5,10.0,G,540.0,0.6131103714737464,12.375888374825783,1,9,60.0,5.0,0.0,0.0
5,10.0,G,540.0,0.6131103714737464,12.375888374825783,1,10,60.0,5.0,0.0,0.0
5,10.0,G,540.0,0.6131103714737464,12.375888374825783,1,11,60.0,5.0,0.0,0.0
5,10.0,G,540.0,0.6131103714737464,12.375888374825783,1,12,60.0,5.0,0.0,0.0
5,10.0,G,540.0,0.6131103714737464,12.375888374825783,1,13,60.0,5.0,0.0,0.0
5,10.0,G,540.0,0.6131103714737464,12.375888374825783,1,14,60.0,5.0,0.0,0.0
5,10.0,G,540.0,0.6131103714737464,12.375888374825783,1,15,60.0,5.0,0.0,0.0
5,10.0,G,540.0,0.6131103714737464,12.375888374825783,1,16,60.0,5.0,0.0,0.0
5,10.0,G,540.0,0.6131103714737464,12.375888374825783,1,17,60.0,5.0,0.0,0.0
5,10.0,G,540.0,0.6131103714737464,12.375888374825783,1,18,60.0,5.0,0.0,0.0
5,10.0,G,540.0,0.6131103714737464,12.375888374825783,1,19,60.0,5.0,0.0,0.0
5,10.0,G,540.0,0.6131103714737464,12.375888374825783,1,20,60.0,5.0,0.0,0.0
5,10.0,G,540.0,0.6131103714737464,12.375888374825783,1,21,60.0,5.0,0.0,0.0
5,10.0,G,540.0,0.6131103714737464,12.375888374825783,1,22,60.0,5.0,0.0,0.0
5,10.0,G,540.0,0.6131103714737464,12.375888374825783,1,23,60.0,5.0,0.0,0.0
5,10.0,G,540.0,0.6131103714737464,12.375888374825783,1,24,60.0,5.0,0.0,0.0
5,10.0,G,540.0,0.6131103714737464,12.375888374825783,1,25,60.0,5.0,0.0,0.0
5,10.0,G,540.0,0.6131103714737464,12.375888374825783,1,26,60.0,5.0,0.0,0.0
5,10.0,G,540.0,0.6131103714737464,12.375888374825783,1,27,60.0,5.0,0.0,0.0
5,10.0,G,540.0,0.6131103714737464,12.375888374825783,1,28,60.0,5.0,0.0,0.0
5,10.0,G,540.0,0.6131103714737464,12.375888374825783,1,29,60.0,5.0,0.0,0.0
5,10.0,G,540.0,0.6131103714737464,12.375888374825783,1,30,60.0,5.0,0.0,0.0
5,10.0,G,540.0,0.6131103714737464,12.375888374825783,1,31,60.0,5.0,0.0,0.0
5,10.0,G,540.0,0.6131103714737464,12.375888374825783,1,32,60.0,5.0,0.0,0.0
5,10.0,G,540.0,0.6131103714737464,12.375888374825783,1,33,60.0,5.0,0.0,0.0
5,10.0,G,540.0,0.6131103714737464,12.375888374825783,1,34,60.0,5.0,0.0,0.0
5,10.0,G,540.0,0.6131103714737464,12.375888374825783,1,35,60.0,5.0,0.0,0.0
5,10.0,G,540.0,0.6131103714737464,12.375888374825783,2,0,60.0,5.0,0.0,0.0
5,10.0,G,540.0,0.6131103714737464,12.375888374825783,2,1,60.0,5.0,0.0,0.0
5,10.0,G,540.0,0.6131103714737464,12.375888374825783,2,2,60.0,5.0,0.0,0.0
5,10.0,G,540.0,0.6131103714737464,12.375888374825783,2,3,60.0,5.0,0.0,0.0
5,10.0,G,540.0,0.6131103714737464,12.375888374825783,2,4,60.0,5.0,0.0,0.0
5,10.0,G,540.0,0.6131103714737464,12.375888374825783,2,5,60.0,5.0,0.0,0.0
5,10.0,G,540.0,0.6131103714737464,12.375888374825783,2,6,60.0,5.0,0.0,0.0
5,10.0,G,540.0,0.6131103714737464,12.375888374825783,2,7,60.0,5.0,0.0,0.0
5,10.0,G,540.0,0.6131103714737464,12.375888374825783,2,8,60.0,5.0,0.0,0.0
5,10.0,G,540.0,0.6131103714737464,12.375888374825783,2,9,60.0,5.0,0.0,0.0
5,10.0,G,540.0,0.6131103714737464,12.375888374825783,2,10,60.0,5.0,0.0,0.0
5,10.0,G,540.0,0.6131103714737464,12.375888374825783,2,11,60.0,5.0,0.0,0.0
5,10.0,G,540.0,0.6131103714737464,12.375888374825783,2,12,60.0,5.0,0.0,0.0
5,10.0,G,540.0,0.6131103714737464,12.375888374825783,2,13,60.0,5.0,0.0,0.0
5,10.0,G,540.0,0.6131103714737464,12.375888374825783,2,14,60.0,5.0,0.0,0.0
5,10.0,G,540.0,0.6131103714737464,12.375888374825783,2,15,60.0,5.0,0.0,0.0
5,10.0,G,540.0,0.6131103714737464,12.375888374825783,2,16,60.0,5.0,0.0,0.0
5,10.0,G,540.0,0.6131103714737464,12.375888374825783,2,17,60.0,5.0,0.0,0.0
5,10.0,G,540.0,0.6131103714737464,12.375888374825783,2,18,60.0,5.0,0.0,0.0
5,10.0,G,540.0,0.6131103714737464,12.375888374825783,2,19,60.0,5.0,0.0,0.0
5,10.0,G,540.0,0.6131103714737464,12.375888374825783,2,20,60.0,5.0,0.0,0.0
5,10.0,G,540.0,0.6131103714737464,12.375888374825783,2,21,60.0,5.0,0.0,0.0
5,10.0,G,540.0,0.6131103714737464,12.375888374825783,2,22,60.0,5.0,0.0,0.0
5,10.0,G,540.0,0.6131103714737464,12.375888374825783,2,23,60.0,5.0,0.0,0.0
5,10.0,G,540.0,0.6131103714737464,12.375888374825783,2,24,60.0,5.0,0.0,0.0
5,10.0,G,540.0,0.6131103714737464,12.375888374825783,2,25,60.0,5.0,0.0,0.0
5,10.0,G,540.0,0.6131103714737464,12.375888374825783,2,26,60.0,5.0,0.0,0.0
5,10.0,G,540.0,0.6131103714737464,12.375888374825783,2,27,60.0,5.0,0.0,0.0
5,10.0,G,540.0,0.6131103714737464,12.375888374825783,2,28,60.0,5.0,0.0,0.0
5,10.0,G,540.0,0.6131103714737464,12.375888374825783,2,29,60.0,5.0,0.0,0.0
5,10.0,G,540.0,0.6131103714737464,12.375888374825783,2,30,60.0,5.0,0.0,0.0
5,10.0,G,540.0,0.6131103714737464,12.375888374825783,2,31,60.0,5.0,0.0,0.0
5,10.0,G,540.0,0.6131103714737464,12.375888374825783,2,32,60.0,5.0,0.0,0.0
5,10.0,G,540.0,0.6131103714737464,12.375888374825783,2,33,60.0,5.0,0.0,0.0
5,10.0,G,540.0,0.6131103714737464,12.375888374825783,2,34,60.0,5.0,0.0,0.0
5,10.0,G,540.0,0.6131103714737464,12.375888374825783,2,35,60.0,5.0,0.0,0.0
5,10.0,G,540.0,0.6131103714737464,12.375888374825783,3,0,60.0,5.0,0.0,0.0
5,10.0,G,540.0,0.6131103714737464,12.375888374825783,3,1,60.0,5.0,0.0,0.0
5,10.0,G,540.0,0.6131103714737464,12.375888374825783,3,2,60.0,5.0,0.0,0.0
5,10.0,G,540.0,0.6131103714737464,12.375888374825783,3,3,60.0,5.0,0.0,0.0
5,10.0,G,540.0,0.6131103714737464,12.375888374825783,3,4,60.0,5.0,0.0,0.0
5,10.0,G,540.0,0.6131103714737464,12.375888374825783,3,5,60.0,5.0,0.0,0.0
5,10.0,G,540.0,0.6131103714737464,12.375888374825783,3,6,60.0,5.0,0.0,0.0
5,10.0,G,540.0,0.6131103714737464,12.375888374825783,3,7,60.0,5.0,0.0,0.0
5,10.0,G,540.0,0.6131103714737464,12.375888374825783,3,8,60.0,5.0,0.0,0.0
5,10.0,G,540.0,0.6131103714737464,12.375888374825783,3,9,60.0,5.0,0.0,0.0
5,10.0,G,540.0,0.6131103714737464,12.375888374825783,3,10,60.0,5.0,0.0,0.0
5,10.0,G,540.0,0.6131103714737464,12.375888374825783,3,11,60.0,5.0,0.0,0.0
5,10.0,G,540.0,0.6131103714737464,12.375888374825783,3,12,60.0,5.0,0.0,0.0
5,10.0,G,540.0,0.6131103714737464,12.375888374825783,3,13,60.0,5.0,0.0,0.0
5,10.0,G,540.0,0.6131103714737464,12.375888374825783,3,14,60.0,5.0,0.0,0.0
5,10.0,G,540.0,0.6131103714737464,12.375888374825783,3,15,60.0,5.0,0.0,0.0
5,10.0,G,540.0,0.6131103714737464,12.375888374825783,3,16,60.0,5.0,0.0,0.0
5,10.0,G,540.0,0.6131103714737464,12.375888374825783,3,17,60.0,5.0,0.0,0.0
5,10.0,G,540.0,0.6131103714737464,12.375888374825783,3,18,60.0,5.0,0.0,0.0
5,10.0,G,540.0,0.6131103714737464,12.375888374825783,3,19,60.0,5.0,0.0,0.0
5,10.0,G,540.0,0.6131103714737464,12.375888374825783,3,20,60.0,5.0,0.0,0.0
5,10.0,G,540.0,0.6131103714737464,12.375888374825783,3,21,60.0,5.0,0.0,0.0
5,10.0,G,540.0,0.6131103714737464,12.375888374825783,3,22,60.0,5.0,0.0,0.0
5,10.0,G,540.0,0.6131103714737464,12.375888374825783,3,23,60.0,5.0,0.0,0.0
5,10.0,G,540.0,0.6131103714737464,12.375888374825783,3,24,60.0,5.0,0.0,0.0
5,10.0,G,540.0,0.6131103714737464,12.375888374825783,3,25,60.0,5.0,0.0,0.0
5,10.0,G,540.0,0.6131103714737464,12.375888374825783,3,26,60.0,5.0,0.0,0.0
5,10.0,G,540.0,0.6131103714737464,12.375888374825783,3,27,60.0,5.0,0.0,0.0
5,10.0,G,540.0,0.6131103714737464,12.375888374825783,3,28,60.0,5.0,0.0,0.0
5,10.0,G,540.0,0.6131103714737464,12.375888374825783,3,29,60.0,5.0,0.0,0.0
5,10.0,G,540.0,0.6131103714737464,12.375888374825783,3,30,60.0,5.0,0.0,0.0
5,10.0,G,540.0,0.6131103714737464,12.375888374825783,3,31,60.0,5.0,0.0,0.0
5,10.0,G,540.0,0.6131103714737464,12.375888374825783,3,32,60.0,5.0,0.0,0.0
5,10.0,G,540.0,0.6131103714737464,12.375888374825783,3,33,60.0,5.0,0.0,0.0
5,10.0,G,540.0,0.6131103714737464,12.375888374825783,3,34,60.0,5.0,0.0,0.0
5,10.0,G,540.0,0.6131103714737464,12.375888374825783,3,35,60.0,5.0,0.0,0.0
5,10.0,G,540.0,0.6131103714737464,12.375888374825783,4,0,60.0,5.0,0.0,0.0
5,10.0,G,540.0,0.6131103714737464,12.375888374825783,4,1,60.0,5.0,0.0,0.0
5,10.0,G,540.0,0.6131103714737464,12.375888374825783,4,2,60.0,5.0,0.0,0.0
5,10.0,G,540.0,0.6131103714737464,12.375888374825783,4,3,60.0,5.0,0.0,0.0
5,10.0,G,540.0,0.6131103714737464,12.375888374825783,4,4,60.0,5.0,0.0,0.0
5,10.0,G,540.0,0.6131103714737464,12.375888374825783,4,5,60.0,5.0,0.00392156862745098,0.01994638965273254
5,10.0,G,540.0,0.6131103714737464,12.375888374825783,4,6,60.0,5.0,0.00392156862745098,0.01994638965273254
5,10.0,G,540.0,0.6131103714737464,12.375888374825783,4,7,60.0,5.0,0.00784313725490196,0.028226977679718004
5,10.0,G,540.0,0.6131103714737464,12.375888374825783,4,8,60.0,5.0,0.00392156862745098,0.01994638965273254
5,10.0,G,540.0,0.6131103714737464,12.375888374825783,4,9,60.0,5.0,0.0,0.0
5,10.0,G,540.0,0.6131103714737464,12.375888374825783,4,10,60.0,5.0,0.0,0.0
5,10.0,G,540.0,0.6131103714737464,12.375888374825783,4,11,60.0,5.0,0.0,0.0
5,10.0,G,540.0,0.6131103714737464,12.375888374825783,4,12,60.0,5.0,0.00784313725490196,0.028226977679718004
5,10.0,G,540.0,0.6131103714737464,12.375888374825783,4,13,60.0,5.0,0.00392156862745098,0.01994638965273254
5,10.0,G,540.0,0.6131103714737464,12.375888374825783,4,14,60.0,5.0,0.00392156862745098,0.01994638965273254
5,10.0,G,540.0,0.6131103714737464,12.375888374825783,4,15,60.0,5.0,0.00392156862745098,0.01994638965273254
5,10.0,G,540.0,0.6131103714737464,12.375888374825783,4,16,60.0,5.0,0.00784313725490196,0.028226977679718004
5,10.0,G,540.0,0.6131103714737464,12.375888374825783,4,17,60.0,5.0,0.00392156862745098,0.01994638965273254
5,10.0,G,540.0,0.6131103714737464,12.375888374825783,4,18,60.0,5.0,0.00784313725490196,0.028226977679718004
5,10.0,G,540.0,0.6131103714737464,12.375888374825783,4,19,60.0,5.0,0.00392156862745098,0.01994638965273254
5,10.0,G,540.0,0.6131103714737464,12.375888374825783,4,20,60.0,5.0,0.00784313725490196,0.028226977679718004
5,10.0,G,540.0,0.6131103714737464,12.375888374825783,4,21,60.0,5.0,0.00392156862745098,0.01994638965273254
5,10.0,G,540.0,0.6131103714737464,12.375888374825783,4,22,60.0,5.0,0.00392156862745098,0.01994638965273254
5,10.0,G,540.0,0.6131103714737464,12.375888374825783,4,23,60.0,5.0,0.0,0.0
5,10.0,G,540.0,0.6131103714737464,12.375888374825783,4,24,60.0,5.0,0.00392156862745098,0.01994638965273254
5,10.0,G,540.0,0.6131103714737464,12.375888374825783,4,25,60.0,5.0,0.00392156862745098,0.01994638965273254
5,10.0,G,540.0,0.6131103714737464,12.375888374825783,4,26,60.0,5.0,0.0,0.0
5,10.0,G,540.0,0.6131103714737464,12.375888374825783,4,27,60.0,5.0,0.0,0.0
5,10.0,G,540.0,0.6131103714737464,12.375888374825783,4,28,60.0,5.0,0.0,0.0
5,10.0,G,540.0,0.6131103714737464,12.375888374825783,4,29,60.0,5.0,0.0,0.0
5,10.0,G,540.0,0.6131103714737464,12.375888374825783,4,30,60.0,5.0,0.0,0.0
5,10.0,G,540.0,0.6131103714737464,12.375888374825783,4,31,60.0,5.0,0.0,0.0
5,10.0,G,540.0,0.6131103714737464,12.375888374825783,4,32,60.0,5.0,0.0,0.0
5,10.0,G,540.0,0.6131103714737464,12.375888374825783,4,33,60.0,5.0,0.0,0.0
5,10.0,G,540.0,0.6131103714737464,12.375888374825783,4,34,60.0,5.0,0.0,0.0
5,10.0,G,540.0,0.6131103714737464,12.375888374825783,4,35,60.0,5.0,0.0,0.0
5,10.0,G,540.0,0.6131103714737464,12.375888374825783,5,0,60.0,5.0,0.0,0.0
5,10.0,G,540.0,0.6131103714737464,12.375888374825783,5,1,60.0,5.0,0.0,0.0
5,10.0,G,540.0,0.6131103714737464,12.375888374825783,5,2,60.0,5.0,0.0,0.0
5,10.0,G,540.0,0.6131103714737464,12.375888374825783,5,3,60.0,5.0,0.0,0.0
5,10.0,G,540.0,0.6131103714737464,12.375888374825783,5,4,60.0,5.0,0.0,0.0
5,10.0,G,540.0,0.6131103714737464,12.375888374825783,5,5,60.0,5.0,0.0,0.0
5,10.0,G,540.0,0.6131103714737464,12.375888374825783,5,6,60.0,5.0,0.03137254901960784,0.05667903330417266
5,10.0,G,540.0,0.6131103714737464,12.375888374825783,5,7,60.0,5.0,0.03137254901960784,0.05667903330417266
5,10.0,G,540.0,0.6131103714737464,12.375888374825783,5,8,60.0,5.0,0.0,0.0
5,10.0,G,540.0,0.6131103714737464,12.375888374825783,5,9,60.0,5.0,0.00784313725490196,0.028226977679718004
5,10.0,G,540.0,0.6131103714737464,12.375888374825783,5,10,60.0,5.0,0.0,0.0
5,10.0,G,540.0,0.6131103714737464,12.375888374825783,5,11,60.0,5.0,0.0,0.0
5,10.0,G,540.0,0.6131103714737464,12.375888374825783,5,12,60.0,5.0,0.0,0.0
5,10.0,G,540.0,0.6131103714737464,12.375888374825783,5,13,60.0,5.0,0.0,0.0
5,10.0,G,540.0,0.6131103714737464,12.375888374825783,5,14,60.0,5.0,0.0,0.0
5,10.0,G,540.0,0.6131103714737464,12.375888374825783,5,15,60.0,5.0,0.0,0.0
5,10.0,G,540.0,0.6131103714737464,12.375888374825783,5,16,60.0,5.0,0.0,0.0
5,10.0,G,540.0,0.6131103714737464,12.375888374825783,5,17,60.0,5.0,0.0,0.0
5,10.0,G,540.0,0.6131103714737464,12.375888374825783,5,18,60.0,5.0,0.0,0.0
5,10.0,G,540.0,0.6131103714737464,12.375888374825783,5,19,60.0,5.0,0.0,0.0
5,10.0,G,540.0,0.6131103714737464,12.375888374825783,5,20,60.0,5.0,0.0,0.0
5,10.0,G,540.0,0.6131103714737464,12.375888374825783,5,21,60.0,5.0,0.0,0.0
5,10.0,G,540.0,0.6131103714737464,12.375888374825783,5,22,60.0,5.0,0.0,0.0
5,10.0,G,540.0,0.6131103714737464,12.375888374825783,5,23,60.0,5.0,0.0,0.0
5,10.0,G,540.0,0.6131103714737464,12.375888374825783,5,24,60.0,5.0,0.0,0.0
5,10.0,G,540.0,0.6131103714737464,12.375888374825783,5,25,60.0,5.0,0.0,0.0
5,10.0,G,540.0,0.6131103714737464,12.375888374825783,5,26,60.0,5.0,0.0,0.0
5,10.0,G,540.0,0.6131103714737464,12.375888374825783,5,27,60.0,5.0,0.0,0.0
5,10.0,G,540.0,0.6131103714737464,12.375888374825783,5,28,60.0,5.0,0.0,0.0
5,10.0,G,540.0,0.6131103714737464,12.375888374825783,5,29,60.0,5.0,0.0,0.0
5,10.0,G,540.0,0.6131103714737464,12.375888374825783,5,30,60.0,5.0,0.0,0.0
5,10.0,G,540.0,0.6131103714737464,12.375888374825783,5,31,60.0,5.0,0.0,0.0
5,10.0,G,540.0,0.6131103714737464,12.375888374825783,5,32,60.0,5.0,0.0,0.0
5,10.0,G,540.0,0.6131103714737464,12.375888374825783,5,33,60.0,5.0,0.0,0.0
5,10.0,G,540.0,0.6131103714737464,12.375888374825783,5,34,60.0,5.0,0.0,0.0
5,10.0,G,540.0,0.6131103714737464,12.375888374825783,5,35,60.0,5.0,0.0,0.0
5,10.0,G,540.0,0.6131103714737464,12.375888374825783,6,0,60.0,5.0,0.0,0.0
5,10.0,G,540.0,0.6131103714737464,12.375888374825783,6,1,60.0,5.0,0.0,0.0
5,10.0,G,540.0,0.6131103714737464,12.375888374825783,6,2,60.0,5.0,0.0,0.0
5,10.0,G,540.0,0.6131103714737464,12.375888374825783,6,3,60.0,5.0,0.0,0.0
5,10.0,G,540.0,0.6131103714737464,12.375888374825783,6,4,60.0,5.0,0.0,0.0
5,10.0,G,540.0,0.6131103714737464,12.375888374825783,6,5,60.0,5.0,0.07058823529411765,0.08559793231834631
5,10.0,G,540.0,0.6131103714737464,12.375888374825783,6,6,60.0,5.0,0.10196078431372549,0.10345212448837855
5,10.0,G,540.0,0.6131103714737464,12.375888374825783,6,7,60.0,5.0,0.36470588235294116,0.20639090758999576
5,10.0,G,540.0,0.6131103714737464,12.375888374825783,6,8,60.0,5.0,0.1450980392156863,0.12439176642144965
5,10.0,G,540.0,0.6131103714737464,12.375888374825783,6,9,60.0,5.0,0.0,0.0
5,10.0,G,540.0,0.6131103714737464,12.375888374825783,6,10,60.0,5.0,0.00392156862745098,0.01994638965273254
5,10.0,G,540.0,0.6131103714737464,12.375888374825783,6,11,60.0,5.0,0.011764705882352941,0.0345936127618576
5,10.0,G,540.0,0.6131103714737464,12.375888374825783,6,12,60.0,5.0,0.23921568627450981,0.16267352538779695
5,10.0,G,540.0,0.6131103714737464,12.375888374825783,6,13,60.0,5.0,0.08627450980392157,0.09489506791887806
5,10.0,G,540.0,0.6131103714737464,12.375888374825783,6,14,60.0,5.0,0.047058823529411764,0.06960448727306395
5,10.0,G,540.0,0.6131103714737464,12.375888374825783,6,15,60.0,5.0,0.09803921568627451,0.10137157388840211
5,10.0,G,540.0,0.6131103714737464,12.375888374825783,6,16,60.0,5.0,0.3058823529411765,0.18654239242284085
5,10.0,G,540.0,0.6131103714737464,12.375888374825783,6,17,60.0,5.0,0.3137254901960784,0.18924192203775808
5,10.0,G,540.0,0.6131103714737464,12.375888374825783,6,18,60.0,5.0,0.21176470588235294,0.1522147678661474
5,10.0,G,540.0,0.6131103714737464,12.375888374825783,6,19,60.0,5.0,0.06666666666666667,0.08312898574059512
5,10.0,G,540.0,0.6131103714737464,12.375888374825783,6,20,60.0,5.0,0.19215686274509805,0.14443943567870407
5,10.0,G,540.0,0.6131103714737464,12.375888374825783,6,21,60.0,5.0,0.16470588235294117,0.1330208851941153
5,10.0,G,540.0,0.6131103714737464,12.375888374825783,6,22,60.0,5.0,0.0784313725490196,0.09035304440877327
5,10.0,G,540.0,0.6131103714737464,12.375888374825783,6,23,60.0,5.0,0.00784313725490196,0.028226977679718004
5,10.0,G,540.0,0.6131103714737464,12.375888374825783,6,24,60.0,5.0,0.09019607843137255,0.09709567612708571
5,10.0,G,540.0,0.6131103714737464,12.375888374825783,6,25,60.0,5.0,0.25098039215686274,0.16702677744422859
5,10.0,G,540.0,0.6131103714737464,12.375888374825783,6,26,60.0,5.0,0.3215686274509804,0.19192319169509703
5,10.0,G,540.0,0.6131103714737464,12.375888374825783,6,27,60.0,5.0,0.0,0.0
5,10.0,G,540.0,0.6131103714737464,12.375888374825783,6,28,60.0,5.0,0.00784313725490196,0.028226977679718004
5,10.0,G,540.0,0.6131103714737464,12.375888374825783,6,29,60.0,5.0,0.0,0.0
5,10.0,G,540.0,0.6131103714737464,12.375888374825783,6,30,60.0,5.0,0.0,0.0
5,10.0,G,540.0,0.6131103714737464,12.375888374825783,6,31,60.0,5.0,0.0,0.0
5,10.0,G,540.0,0.6131103714737464,12.375888374825783,6,32,60.0,5.0,0.0,0.0
5,10.0,G,540.0,0.6131103714737464,12.375888374825783,6,33,60.0,5.0,0.0,0.0
5,10.0,G,540.0,0.6131103714737464,12.375888374825783,6,34,60.0,5.0,0.0,0.0
5,10.0,G,540.0,0.6131103714737464,12.375888374825783,6,35,60.0,5.0,0.0,0.0
5,10.0,G,540.0,0.6131103714737464,12.375888374825783,7,0,60.0,5.0,0.0,0.0
5,10.0,G,540.0,0.6131103714737464,12.375888374825783,7,1,60.0,5.0,0.0,0.0
5,10.0,G,540.0,0.6131103714737464,12.375888374825783,7,2,60.0,5.0,0.0,0.0
5,10.0,G,540.0,0.6131103714737464,12.375888374825783,7,3,60.0,5.0,0.00784313725490196,0.028226977679718004
5,10.0,G,540.0,0.6131103714737464,12.375888374825783,7,4,60.0,5.0,0.00392156862745098,0.01994638965273254
5,10.0,G,540.0,0.6131103714737464,12.375888374825783,7,5,60.0,5.0,0.2901960784313726,0.18108380148135117
5,10.0,G,540.0,0.6131103714737464,12.375888374825783,7,6,60.0,5.0,0.43529411764705883,0.22934555060680878
5,10.0,G,540.0,0.6131103714737464,12.375888374825783,7,7,60.0,5.0,0.48627450980392156,0.24563049188224292
5,10.0,G,540.0,0.6131103714737464,12.375888374825783,7,8,60.0,5.0,0.43529411764705883,0.22934555060680878
5,10.0,G,540.0,0.6131103714737464,12.375888374825783,7,9,60.0,5.0,0.10980392156862745,0.10750973625166191
5,10.0,G,540.0,0.6131103714737464,12.375888374825783,7,10,60.0,5.0,0.00784313725490196,0.028226977679718004
5,10.0,G,540.0,0.6131103714737464,12.375888374825783,7,11,60.0,5.0,0.0196078431372549,0.04471926097515774
5,10.0,G,540.0,0.6131103714737464,12.375888374825783,7,12,60.0,5.0,0.6392156862745098,0.294907240028141
5,10.0,G,540.0,0.6131103714737464,12.375888374825783,7,13,60.0,5.0,0.5882352941176471,0.2782340239492319
5,10.0,G,540.0,0.6131103714737464,12.375888374825783,7,14,60.0,5.0,0.5725490196078431,0.27317487906213705
5,10.0,G,540.0,0.6131103714737464,12.375888374825783,7,15,60.0,5.0,0.5137254901960784,0.25436950811775705
5,10.0,G,540.0,0.6131103714737464,12.375888374825783,7,16,60.0,5.0,0.49411764705882355,0.24812754570923665
5,10.0,G,540.0,0.6131103714737464,12.375888374825783,7,17,60.0,5.0,0.592156862745098,0.2795031214917875
5,10.0,G,540.0,0.6131103714737464,12.375888374825783,7,18,60.0,5.0,0.47843137254901963,0.24313236161726806
5,10.0,G,540.0,0.6131103714737464,12.375888374825783,7,19,60.0,5.0,0.5647058823529412,0.2706544493931912
5,10.0,G,540.0,0.6131103714737464,12.375888374825783,7,20,60.0,5.0,0.5803921568627451,0.2757011764274999
5,10.0,G,540.0,0.6131103714737464,12.375888374825783,7,21,60.0,5.0,0.4470588235294118,0.23311665261528658
5,10.0,G,540.0,0.6131103714737464,12.375888374825783,7,22,60.0,5.0,0.5450980392156862,0.2643746873214314
5,10.0,G,540.0,0.6131103714737464,12.375888374825783,7,23,60.0,5.0,0.17254901960784313,0.13635495410892096
5,10.0,G,540.0,0.6131103714737464,12.375888374825783,7,24,60.0,5.0,0.5019607843137255,0.2506241386314801
5,10.0,G,540.0,0.6131103714737464,12.375888374825783,7,25,60.0,5.0,0.5647058823529412,0.2706544493931912
5,10.0,G,540.0,0.6131103714737464,12.375888374825783,7,26,60.0,5.0,0.24313725490196078,0.1641324917521111
5,10.0,G,540.0,0.6131103714737464,12.375888374825783,7,27,60.0,5.0,0.0,0.0
5,10.0,G,540.0,0.6131103714737464,12.375888374825783,7,28,60.0,5.0,0.011764705882352941,0.0345936127618576
5,10.0,G,540.0,0.6131103714737464,12.375888374825783,7,29,60.0,5.0,0.00392156862745098,0.01994638965273254
5,10.0,G,540.0,0.6131103714737464,12.375888374825783,7,30,60.0,5.0,0.0,0.0
5,10.0,G,540.0,0.6131103714737464,12.375888374825783,7,31,60.0,5.0,0.0,0.0
5,10.0,G,540.0,0.6131103714737464,12.375888374825783,7,32,60.0,5.0,0.0,0.0
5,10.0,G,540.0,0.6131103714737464,12.375888374825783,7,33,60.0,5.0,0.0,0.0
5,10.0,G,540.0,0.6131103714737464,12.375888374825783,7,34,60.0,5.0,0.0,0.0
5,10.0,G,540.0,0.6131103714737464,12.375888374825783,7,35,60.0,5.0,0.0,0.0
5,10.0,G,540.0,0.6131103714737464,12.375888374825783,8,0,60.0,5.0,0.0,0.0
5,10.0,G,540.0,0.6131103714737464,12.375888374825783,8,1,60.0,5.0,0.00392156862745098,0.01994638965273254
5,10.0,G,540.0,0.6131103714737464,12.375888374825783,8,2,60.0,5.0,0.0,0.0
5,10.0,G,540.0,0.6131103714737464,12.375888374825783,8,3,60.0,5.0,0.054901960784313725,0.0752836212383225
5,10.0,G,540.0,0.6131103714737464,12.375888374825783,8,4,60.0,5.0,0.054901960784313725,0.0752836212383225
5,10.0,G,540.0,0.6131103714737464,12.375888374825783,8,5,60.0,5.0,0.41568627450980394,0.22303326182108058
5,10.0,G,540.0,0.6131103714737464,12.375888374825783,8,6,60.0,5.0,0.5764705882352941,0.27443725197219737
5,10.0,G,540.0,0.6131103714737464,12.375888374825783,8,7,60.0,5.0,0.596078431372549,0.2807741196509589
5,10.0,G,540.0,0.6131103714737464,12.375888374825783,8,8,60.0,5.0,0.796078431372549,0.35086170993764915
5,10.0,G,540.0,0.6131103714737464,12.375888374825783,8,9,60.0,5.0,0.43529411764705883,0.22934555060680878
5,10.0,G,540.0,0.6131103714737464,12.375888374825783,8,10,60.0,5.0,0.01568627450980392,0.03997164583041206
5,10.0,G,540.0,0.6131103714737464,12.375888374825783,8,11,60.0,5.0,0.06274509803921569,0.08059162758159863
5,10.0,G,540.0,0.6131103714737464,12.375888374825783,8,12,60.0,5.0,0.403921568627451,0.21922588034904109
5,10.0,G,540.0,0.6131103714737464,12.375888374825783,8,13,60.0,5.0,0.4235294117647059,0.2255627480278026
5,10.0,G,540.0,0.6131103714737464,12.375888374825783,8,14,60.0,5.0,0.4823529411764706,0.24438159985259414
5,10.0,G,540.0,0.6131103714737464,12.375888374825783,8,15,60.0,5.0,0.47058823529411764,0.2406325369904614
5,10.0,G,540.0,0.6131103714737464,12.375888374825783,8,16,60.0,5.0,0.44313725490196076,0.23186078127719867
5,10.0,G,540.0,0.6131103714737464,12.375888374825783,8,17,60.0,5.0,0.36470588235294116,0.20639090758999576
5,10.0,G,540.0,0.6131103714737464,12.375888374825783,8,18,60.0,5.0,0.3568627450980392,0.20379153547696685
5,10.0,G,540.0,0.6131103714737464,12.375888374825783,8,19,60.0,5.0,0.5215686274509804,0.25686763838273197
5,10.0,G,540.0,0.6131103714737464,12.375888374825783,8,20,60.0,5.0,0.3686274509803922,0.2076860858214986
5,10.0,G,540.0,0.6131103714737464,12.375888374825783,8,21,60.0,5.0,0.3764705882352941,0.2102679541390965
5,10.0,G,540.0,0.6131103714737464,12.375888374825783,8,22,60.0,5.0,0.41568627450980394,0.22303326182108058
5,10.0,G,540.0,0.6131103714737464,12.375888374825783,8,23,60.0,5.0,0.10196078431372549,0.10345212448837855
5,10.0,G,540.0,0.6131103714737464,12.375888374825783,8,24,60.0,5.0,0.43137254901960786,0.22808602713867193
5,10.0,G,540.0,0.6131103714737464,12.375888374825783,8,25,60.0,5.0,0.396078431372549,0.21667782097214075
5,10.0,G,540.0,0.6131103714737464,12.375888374825783,8,26,60.0,5.0,0.13725490196078433,0.12080655096397991
5,10.0,G,540.0,0.6131103714737464,12.375888374825783,8,27,60.0,5.0,0.00784313725490196,0.028226977679718004
5,10.0,G,540.0,0.6131103714737464,12.375888374825783,8,28,60.0,5.0,0.011764705882352941,0.0345936127618576
5,10.0,G,540.0,0.6131103714737464,12.375888374825783,8,29,60.0,5.0,0.0,0.0
5,10.0,G,540.0,0.6131103714737464,12.375888374825783,8,30,60.0,5.0,0.00784313725490196,0.028226977679718004
5,10.0,G,540.0,0.6131103714737464,12.375888374825783,8,31,60.0,5.0,0.00784313725490196,0.028226977679718004
5,10.0,G,540.0,0.6131103714737464,12.375888374825783,8,32,60.0,5.0,0.00392156862745098,0.01994638965273254
5,10.0,G,540.0,0.6131103714737464,12.375888374825783,8,33,60.0,5.0,0.0,0.0
5,10.0,G,540.0,0.6131103714737464,12.375888374825783,8,34,60.0,5.0,0.0,0.0
5,10.0,G,540.0,0.6131103714737464,12.375888374825783,8,35,60.0,5.0,0.0,0.0
5,10.0,G,540.0,0.6131103714737464,12.375888374825783,9,0,60.0,5.0,0.0,0.0
5,10.0,G,540.0,0.6131103714737464,12.375888374825783,9,1,60.0,5.0,0.0,0.0
5,10.0,G,540.0,0.6131103714737464,12.375888374825783,9,2,60.0,5.0,0.0,0.0
5,10.0,G,540.0,0.6131103714737464,12.375888374825783,9,3,60.0,5.0,0.043137254901960784,0.06659618536329842
5,10.0,G,540.0,0.6131103714737464,12.375888374825783,9,4,60.0,5.0,0.09803921568627451,0.10137157388840211
5,10.0,G,540.0,0.6131103714737464,12.375888374825783,9,5,60.0,5.0,0.23921568627450981,0.16267352538779695
5,10.0,G,540.0,0.6131103714737464,12.375888374825783,9,6,60.0,5.0,0.3137254901960784,0.18924192203775808
5,10.0,G,540.0,0.6131103714737464,12.375888374825783,9,7,60.0,5.0,0.4980392156862745,0.24937586136851997
5,10.0,G,540.0,0.6131103714737464,12.375888374825783,9,8,60.0,5.0,0.6784313725490196,0.308076808304903
5,10.0,G,540.0,0.6131103714737464,12.375888374825783,9,9,60.0,5.0,0.49411764705882355,0.24812754570923665
5,10.0,G,540.0,0.6131103714737464,12.375888374825783,9,10,60.0,5.0,0.09803921568627451,0.10137157388840211
5,10.0,G,540.0,0.6131103714737464,12.375888374825783,9,11,60.0,5.0,0.0196078431372549,0.04471926097515774
5,10.0,G,540.0,0.6131103714737464,12.375888374825783,9,12,60.0,5.0,0.0,0.0
5,10.0,G,540.0,0.6131103714737464,12.375888374825783,9,13,60.0,5.0,0.0,0.0
5,10.0,G,540.0,0.6131103714737464,12.375888374825783,9,14,60.0,5.0,0.0,0.0
5,10.0,G,540.0,0.6131103714737464,12.375888374825783,9,15,60.0,5.0,0.0,0.0
5,10.0,G,540.0,0.6131103714737464,12.375888374825783,9,16,60.0,5.0,0.0,0.0
5,10.0,G,540.0,0.6131103714737464,12.375888374825783,9,17,60.0,5.0,0.06666666666666667,0.08312898574059512
5,10.0,G,540.0,0.6131103714737464,12.375888374825783,9,18,60.0,5.0,0.058823529411764705,0.07797913037736934
5,10.0,G,540.0,0.6131103714737464,12.375888374825783,9,19,60.0,5.0,0.0,0.0
5,10.0,G,540.0,0.6131103714737464,12.375888374825783,9,20,60.0,5.0,0.0,0.0
5,10.0,G,540.0,0.6131103714737464,12.375888374825783,9,21,60.0,5.0,0.0392156862745098,0.06345418699423495
5,10.0,G,540.0,0.6131103714737464,12.375888374825783,9,22,60.0,5.0,0.023529411764705882,0.049020040417914766
5,10.0,G,540.0,0.6131103714737464,12.375888374825783,9,23,60.0,5.0,0.0,0.0
5,10.0,G,540.0,0.6131103714737464,12.375888374825783,9,24,60.0,5.0,0.023529411764705882,0.049020040417914766
5,10.0,G,540.0,0.6131103714737464,12.375888374825783,9,25,60.0,5.0,0.0,0.0
5,10.0,G,540.0,0.6131103714737464,12.375888374825783,9,26,60.0,5.0,0.0,0.0
5,10.0,G,540.0,0.6131103714737464,12.375888374825783,9,27,60.0,5.0,0.0,0.0
5,10.0,G,540.0,0.6131103714737464,12.375888374825783,9,28,60.0,5.0,0.0,0.0
5,10.0,G,540.0,0.6131103714737464,12.375888374825783,9,29,60.0,5.0,0.047058823529411764,0.06960448727306395
5,10.0,G,540.0,0.6131103714737464,12.375888374825783,9,30,60.0,5.0,0.0,0.0
5,10.0,G,540.0,0.6131103714737464,12.375888374825783,9,31,60.0,5.0,0.0,0.0
5,10.0,G,540.0,0.6131103714737464,12.375888374825783,9,32,60.0,5.0,0.0,0.0
5,10.0,G,540.0,0.6131103714737464,12.375888374825783,9,33,60.0,5.0,0.0,0.0
5,10.0,G,540.0,0.6131103714737464,12.375888374825783,9,34,60.0,5.0,0.0,0.0
5,10.0,G,540.0,0.6131103714737464,12.375888374825783,9,35,60.0,5.0,0.0,0.0
5,10.0,G,540.0,0.6131103714737464,12.375888374825783,10,0,60.0,5.0,0.0,0.0
5,10.0,G,540.0,0.6131103714737464,12.375888374825783,10,1,60.0,5.0,0.00392156862745098,0.01994638965273254
5,10.0,G,540.0,0.6131103714737464,12.375888374825783,10,2,60.0,5.0,0.0,0.0
5,10.0,G,540.0,0.6131103714737464,12.375888374825783,10,3,60.0,5.0,0.03137254901960784,0.05667903330417266
5,10.0,G,540.0,0.6131103714737464,12.375888374825783,10,4,60.0,5.0,0.15294117647058825,0.12789737021175648
5,10.0,G,540.0,0.6131103714737464,12.375888374825783,10,5,60.0,5.0,0.16862745098039217,0.1346956468623352
5,10.0,G,540.0,0.6131103714737464,12.375888374825783,10,6,60.0,5.0,0.43137254901960786,0.22808602713867193
5,10.0,G,540.0,0.6131103714737464,12.375888374825783,10,7,60.0,5.0,0.34509803921568627,0.19986829362396183
5,10.0,G,540.0,0.6131103714737464,12.375888374825783,10,8,60.0,5.0,0.16470588235294117,0.1330208851941153
5,10.0,G,540.0,0.6131103714737464,12.375888374825783,10,9,60.0,5.0,0.30980392156862746,0.18789451147862046
5,10.0,G,540.0,0.6131103714737464,12.375888374825783,10,10,60.0,5.0,0.11372549019607843,0.10949071206008622
5,10.0,G,540.0,0.6131103714737464,12.375888374825783,10,11,60.0,5.0,0.043137254901960784,0.06659618536329842
5,10.0,G,540.0,0.6131103714737464,12.375888374825783,10,12,60.0,5.0,0.3254901960784314,0.19325732867442041
5,10.0,G,540.0,0.6131103714737464,12.375888374825783,10,13,60.0,5.0,0.3058823529411765,0.18654239242284085
5,10.0,G,540.0,0.6131103714737464,12.375888374825783,10,14,60.0,5.0,0.23137254901960785,0.1597306585446781
5,10.0,G,540.0,0.6131103714737464,12.375888374825783,10,15,60.0,5.0,0.24313725490196078,0.1641324917521111
5,10.0,G,540.0,0.6131103714737464,12.375888374825783,10,16,60.0,5.0,0.2627450980392157,0.17131267163863242
5,10.0,G,540.0,0.6131103714737464,12.375888374825783,10,17,60.0,5.0,0.5411764705882353,0.26312173822002455
5,10.0,G,540.0,0.6131103714737464,12.375888374825783,10,18,60.0,5.0,0.3215686274509804,0.19192319169509703
5,10.0,G,540.0,0.6131103714737464,12.375888374825783,10,19,60.0,5.0,0.19607843137254902,0.14601747052853942
5,10.0,G,540.0,0.6131103714737464,12.375888374825783,10,20,60.0,5.0,0.2627450980392157,0.17131267163863242
5,10.0,G,540.0,0.6131103714737464,12.375888374825783,10,21,60.0,5.0,0.3176470588235294,0.19058476853837517
5,10.0,G,540.0,0.6131103714737464,12.375888374825783,10,22,60.0,5.0,0.18823529411764706,0.1428490794319283
5,10.0,G,540.0,0.6131103714737464,12.375888374825783,10,23,60.0,5.0,0.4549019607843137,0.23562531267856862
5,10.0,G,540.0,0.6131103714737464,12.375888374825783,10,24,60.0,5.0,0.42745098039215684,0.22682512093786292
5,10.0,G,540.0,0.6131103714737464,12.375888374825783,10,25,60.0,5.0,0.24705882352941178,0.16558349319631221
5,10.0,G,540.0,0.6131103714737464,12.375888374825783,10,26,60.0,5.0,0.13333333333333333,0.11898174462796458
5,10.0,G,540.0,0.6131103714737464,12.375888374825783,10,27,60.0,5.0,0.18823529411764706,0.1428490794319283
5,10.0,G,540.0,0.6131103714737464,12.375888374825783,10,28,60.0,5.0,0.20784313725490197,0.15068188153318207
5,10.0,G,540.0,0.6131103714737464,12.375888374825783,10,29,60.0,5.0,0.30196078431372547,0.1851854165236684
5,10.0,G,540.0,0.6131103714737464,12.375888374825783,10,30,60.0,5.0,0.19215686274509805,0.14443943567870407
5,10.0,G,540.0,0.6131103714737464,12.375888374825783,10,31,60.0,5.0,0.23529411764705882,0.1612063368033418
5,10.0,G,540.0,0.6131103714737464,12.375888374825783,10,32,60.0,5.0,0.09411764705882353,0.09925358883323245
5,10.0,G,540.0,0.6131103714737464,12.375888374825783,10,33,60.0,5.0,0.0,0.0
5,10.0,G,540.0,0.6131103714737464,12.375888374825783,10,34,60.0,5.0,0.00392156862745098,0.01994638965273254
5,10.0,G,540.0,0.6131103714737464,12.375888374825783,10,35,60.0,5.0,0.0,0.0
5,10.0,G,540.0,0.6131103714737464,12.375888374825783,11,0,60.0,5.0,0.0,0.0
5,10.0,G,540.0,0.6131103714737464,12.375888374825783,11,1,60.0,5.0,0.0,0.0
5,10.0,G,540.0,0.6131103714737464,12.375888374825783,11,2,60.0,5.0,0.00392156862745098,0.01994638965273254
5,10.0,G,540.0,0.6131103714737464,12.375888374825783,11,3,60.0,5.0,0.0,0.0
5,10.0,G,540.0,0.6131103714737464,12.375888374825783,11,4,60.0,5.0,0.0392156862745098,0.06345418699423495
5,10.0,G,540.0,0.6131103714737464,12.375888374825783,11,5,60.0,5.0,0.10588235294117647,0.105497495924501
5,10.0,G,540.0,0.6131103714737464,12.375888374825783,11,6,60.0,5.0,0.13333333333333333,0.11898174462796458
5,10.0,G,540.0,0.6131103714737464,12.375888374825783,11,7,60.0,5.0,0.25882352941176473,0.16989114055384089
5,10.0,G,540.0,0.6131103714737464,12.375888374825783,11,8,60.0,5.0,0.22745098039215686,0.15824621238176176
5,10.0,G,540.0,0.6131103714737464,12.375888374825783,11,9,60.0,5.0,0.1803921568627451,0.13962955546331615
5,10.0,G,540.0,0.6131103714737464,12.375888374825783,11,10,60.0,5.0,0.1411764705882353,0.12260956282279944
5,10.0,G,540.0,0.6131103714737464,12.375888374825783,11,11,60.0,5.0,0.00392156862745098,0.01994638965273254
5,10.0,G,540.0,0.6131103714737464,12.375888374825783,11,12,60.0,5.0,0.5529411764705883,0.2668833473847134
5,10.0,G,540.0,0.6131103714737464,12.375888374825783,11,13,60.0,5.0,0.6588235294117647,0.3014463569594737
5,10.0,G,540.0,0.6131103714737464,12.375888374825783,11,14,60.0,5.0,0.596078431372549,0.2807741196509589
5,10.0,G,540.0,0.6131103714737464,12.375888374825783,11,15,60.0,5.0,0.6078431372549019,0.28459942396084814
5,10.0,G,540.0,0.6131103714737464,12.375888374825783,11,16,60.0,5.0,0.6039215686274509,0.2833221790278593
5,10.0,G,540.0,0.6131103714737464,12.375888374825783,11,17,60.0,5.0,0.5215686274509804,0.25686763838273197
5,10.0,G,540.0,0.6131103714737464,12.375888374825783,11,18,60.0,5.0,0.5764705882352941,0.27443725197219737
5,10.0,G,540.0,0.6131103714737464,12.375888374825783,11,19,60.0,5.0,0.5803921568627451,0.2757011764274999
5,10.0,G,540.0,0.6131103714737464,12.375888374825783,11,20,60.0,5.0,0.5843137254901961,0.2769667381789195
5,10.0,G,540.0,0.6131103714737464,12.375888374825783,11,21,60.0,5.0,0.3215686274509804,0.19192319169509703
5,10.0,G,540.0,0.6131103714737464,12.375888374825783,11,22,60.0,5.0,0.29411764705882354,0.18245628008006537
5,10.0,G,540.0,0.6131103714737464,12.375888374825783,11,23,60.0,5.0,0.5411764705882353,0.26312173822002455
5,10.0,G,540.0,0.6131103714737464,12.375888374825783,11,24,60.0,5.0,0.4745098039215686,0.24188269985040858
5,10.0,G,540.0,0.6131103714737464,12.375888374825783,11,25,60.0,5.0,0.49411764705882355,0.24812754570923665
5,10.0,G,540.0,0.6131103714737464,12.375888374825783,11,26,60.0,5.0,0.4745098039215686,0.24188269985040858
5,10.0,G,540.0,0.6131103714737464,12.375888374825783,11,27,60.0,5.0,0.4745098039215686,0.24188269985040858
5,10.0,G,540.0,0.6131103714737464,12.375888374825783,11,28,60.0,5.0,0.4549019607843137,0.23562531267856862
5,10.0,G,540.0,0.6131103714737464,12.375888374825783,11,29,60.0,5.0,0.5137254901960784,0.25436950811775705
5,10.0,G,540.0,0.6131103714737464,12.375888374825783,11,30,60.0,5.0,0.396078431372549,0.21667782097214075
5,10.0,G,540.0,0.6131103714737464,12.375888374825783,11,31,60.0,5.0,0.43137254901960786,0.22808602713867193
5,10.0,G,540.0,0.6131103714737464,12.375888374825783,11,32,60.0,5.0,0.3137254901960784,0.18924192203775808
5,10.0,G,540.0,0.6131103714737464,12.375888374825783,11,33,60.0,5.0,0.0,0.0
5,10.0,G,540.0,0.6131103714737464,12.375888374825783,11,34,60.0,5.0,0.00784313725490196,0.028226977679718004
5,10.0,G,540.0,0.6131103714737464,12.375888374825783,11,35,60.0,5.0,0.0,0.0
5,10.0,G,540.0,0.6131103714737464,12.375888374825783,12,0,60.0,5.0,0.0,0.0
5,10.0,G,540.0,0.6131103714737464,12.375888374825783,12,1,60.0,5.0,0.0,0.0
5,10.0,G,540.0,0.6131103714737464,12.375888374825783,12,2,60.0,5.0,0.0,0.0
5,10.0,G,540.0,0.6131103714737464,12.375888374825783,12,3,60.0,5.0,0.00392156862745098,0.01994638965273254
5,10.0,G,540.0,0.6131103714737464,12.375888374825783,12,4,60.0,5.0,0.0,0.0
5,10.0,G,540.0,0.6131103714737464,12.375888374825783,12,5,60.0,5.0,0.06274509803921569,0.08059162758159863
5,10.0,G,540.0,0.6131103714737464,12.375888374825783,12,6,60.0,5.0,0.3254901960784314,0.19325732867442041
5,10.0,G,540.0,0.6131103714737464,12.375888374825783,12,7,60.0,5.0,0.25882352941176473,0.16989114055384089
5,10.0,G,540.0,0.6131103714737464,12.375888374825783,12,8,60.0,5.0,0.19215686274509805,0.14443943567870407
5,10.0,G,540.0,0.6131103714737464,12.375888374825783,12,9,60.0,5.0,0.21568627450980393,0.15373730807570263
5,10.0,G,540.0,0.6131103714737464,12.375888374825783,12,10,60.0,5.0,0.023529411764705882,0.049020040417914766
5,10.0,G,540.0,0.6131103714737464,12.375888374825783,12,11,60.0,5.0,0.03137254901960784,0.05667903330417266
5,10.0,G,540.0,0.6131103714737464,12.375888374825783,12,12,60.0,5.0,0.25882352941176473,0.16989114055384089
5,10.0,G,540.0,0.6131103714737464,12.375888374825783,12,13,60.0,5.0,0.4392156862745098,0.23060377451347597
5,10.0,G,540.0,0.6131103714737464,12.375888374825783,12,14,60.0,5.0,0.4117647058823529,0.22176597605076812
5,10.0,G,540.0,0.6131103714737464,12.375888374825783,12,15,60.0,5.0,0.403921568627451,0.21922588034904109
5,10.0,G,540.0,0.6131103714737464,12.375888374825783,12,16,60.0,5.0,0.3137254901960784,0.18924192203775808
5,10.0,G,540.0,0.6131103714737464,12.375888374825783,12,17,60.0,5.0,0.23921568627450981,0.16267352538779695
5,10.0,G,540.0,0.6131103714737464,12.375888374825783,12,18,60.0,5.0,0.25882352941176473,0.16989114055384089
5,10.0,G,540.0,0.6131103714737464,12.375888374825783,12,19,60.0,5.0,0.2784313725490196,0.17693271574931582
5,10.0,G,540.0,0.6131103714737464,12.375888374825783,12,20,60.0,5.0,0.3137254901960784,0.18924192203775808
5,10.0,G,540.0,0.6131103714737464,12.375888374825783,12,21,60.0,5.0,0.20784313725490197,0.15068188153318207
5,10.0,G,540.0,0.6131103714737464,12.375888374825783,12,22,60.0,5.0,0.1803921568627451,0.13962955546331615
5,10.0,G,540.0,0.6131103714737464,12.375888374825783,12,23,60.0,5.0,0.11372549019607843,0.10949071206008622
5,10.0,G,540.0,0.6131103714737464,12.375888374825783,12,24,60.0,5.0,0.20392156862745098,0.14913829006235088
5,10.0,G,540.0,0.6131103714737464,12.375888374825783,12,25,60.0,5.0,0.2549019607843137,0.1684625831810239
5,10.0,G,540.0,0.6131103714737464,12.375888374825783,12,26,60.0,5.0,0.3568627450980392,0.20379153547696685
5,10.0,G,540.0,0.6131103714737464,12.375888374825783,12,27,60.0,5.0,0.22745098039215686,0.15824621238176176
5,10.0,G,540.0,0.6131103714737464,12.375888374825783,12,28,60.0,5.0,0.35294117647058826,0.2024871245093228
5,10.0,G,540.0,0.6131103714737464,12.375888374825783,12,29,60.0,5.0,0.28627450980392155,0.17970582947972352
5,10.0,G,540.0,0.6131103714737464,12.375888374825783,12,30,60.0,5.0,0.29411764705882354,0.18245628008006537
5,10.0,G,540.0,0.6131103714737464,12.375888374825783,12,31,60.0,5.0,0.3176470588235294,0.19058476853837517
5,10.0,G,540.0,0.6131103714737464,12.375888374825783,12,32,60.0,5.0,0.27450980392156865,0.17553721581099607
5,10.0,G,540.0,0.6131103714737464,12.375888374825783,12,33,60.0,5.0,0.0,0.0
5,10.0,G,540.0,0.6131103714737464,12.375888374825783,12,34,60.0,5.0,0.00784313725490196,0.028226977679718004
5,10.0,G,540.0,0.6131103714737464,12.375888374825783,12,35,60.0,5.0,0.0,0.0
5,10.0,G,540.0,0.6131103714737464,12.375888374825783,13,0,60.0,5.0,0.0,0.0
5,10.0,G,540.0,0.6131103714737464,12.375888374825783,13,1,60.0,5.0,0.0,0.0
5,10.0,G,540.0,0.6131103714737464,12.375888374825783,13,2,60.0,5.0,0.0,0.0
5,10.0,G,540.0,0.6131103714737464,12.375888374825783,13,3,60.0,5.0,0.0,0.0
5,10.0,G,540.0,0.6131103714737464,12.375888374825783,13,4,60.0,5.0,0.0,0.0
5,10.0,G,540.0,0.6131103714737464,12.375888374825783,13,5,60.0,5.0,0.011764705882352941,0.0345936127618576
5,10.0,G,540.0,0.6131103714737464,12.375888374825783,13,6,60.0,5.0,0.043137254901960784,0.06659618536329842
5,10.0,G,540.0,0.6131103714737464,12.375888374825783,13,7,60.0,5.0,0.011764705882352941,0.0345936127618576
5,10.0,G,540.0,0.6131103714737464,12.375888374825783,13,8,60.0,5.0,0.10980392156862745,0.10750973625166191
5,10.0,G,540.0,0.6131103714737464,12.375888374825783,13,9,60.0,5.0,0.11764705882352941,0.11144213027334762
5,10.0,G,540.0,0.6131103714737464,12.375888374825783,13,10,60.0,5.0,0.0,0.0
5,10.0,G,540.0,0.6131103714737464,12.375888374825783,13,11,60.0,5.0,0.0,0.0
5,10.0,G,540.0,0.6131103714737464,12.375888374825783,13,12,60.0,5.0,0.0,0.0
5,10.0,G,540.0,0.6131103714737464,12.375888374825783,13,13,60.0,5.0,0.00392156862745098,0.01994638965273254
5,10.0,G,540.0,0.6131103714737464,12.375888374825783,13,14,60.0,5.0,0.0196078431372549,0.04471926097515774
5,10.0,G,540.0,0.6131103714737464,12.375888374825783,13,15,60.0,5.0,0.043137254901960784,0.06659618536329842
5,10.0,G,540.0,0.6131103714737464,12.375888374825783,13,16,60.0,5.0,0.0,0.0
5,10.0,G,540.0,0.6131103714737464,12.375888374825783,13,17,60.0,5.0,0.0,0.0
5,10.0,G,540.0,0.6131103714737464,12.375888374825783,13,18,60.0,5.0,0.0,0.0
5,10.0,G,540.0,0.6131103714737464,12.375888374825783,13,19,60.0,5.0,0.0,0.0
5,10.0,G,540.0,0.6131103714737464,12.375888374825783,13,20,60.0,5.0,0.0,0.0
5,10.0,G,540.0,0.6131103714737464,12.375888374825783,13,21,60.0,5.0,0.0,0.0
5,10.0,G,540.0,0.6131103714737464,12.375888374825783,13,22,60.0,5.0,0.0,0.0
5,10.0,G,540.0,0.6131103714737464,12.375888374825783,13,23,60.0,5.0,0.0,0.0
5,10.0,G,540.0,0.6131103714737464,12.375888374825783,13,24,60.0,5.0,0.0,0.0
5,10.0,G,540.0,0.6131103714737464,12.375888374825783,13,25,60.0,5.0,0.0,0.0
5,10.0,G,540.0,0.6131103714737464,12.375888374825783,13,26,60.0,5.0,0.08627450980392157,0.09489506791887806
5,10.0,G,540.0,0.6131103714737464,12.375888374825783,13,27,60.0,5.0,0.01568627450980392,0.03997164583041206
5,10.0,G,540.0,0.6131103714737464,12.375888374825783,13,28,60.0,5.0,0.0,0.0
5,10.0,G,540.0,0.6131103714737464,12.375888374825783,13,29,60.0,5.0,0.0,0.0
5,10.0,G,540.0,0.6131103714737464,12.375888374825783,13,30,60.0,5.0,0.0,0.0
5,10.0,G,540.0,0.6131103714737464,12.375888374825783,13,31,60.0,5.0,0.00392156862745098,0.01994638965273254
5,10.0,G,540.0,0.6131103714737464,12.375888374825783,13,32,60.0,5.0,0.0,0.0
5,10.0,G,540.0,0.6131103714737464,12.375888374825783,13,33,60.0,5.0,0.0,0.0
5,10.0,G,540.0,0.6131103714737464,12.375888374825783,13,34,60.0,5.0,0.0,0.0
5,10.0,G,540.0,0.6131103714737464,12.375888374825783,13,35,60.0,5.0,0.0,0.0
5,10.0,G,540.0,0.6131103714737464,12.375888374825783,14,0,60.0,5.0,0.0,0.0
5,10.0,G,540.0,0.6131103714737464,12.375888374825783,14,1,60.0,5.0,0.0,0.0
5,10.0,G,540.0,0.6131103714737464,12.375888374825783,14,2,60.0,5.0,0.0,0.0
5,10.0,G,540.0,0.6131103714737464,12.375888374825783,14,3,60.0,5.0,0.0,0.0
5,10.0,G,540.0,0.6131103714737464,12.375888374825783,14,4,60.0,5.0,0.0,0.0
5,10.0,G,540.0,0.6131103714737464,12.375888374825783,14,5,60.0,5.0,0.0,0.0
5,10.0,G,540.0,0.6131103714737464,12.375888374825783,14,6,60.0,5.0,0.0,0.0
5,10.0,G,540.0,0.6131103714737464,12.375888374825783,14,7,60.0,5.0,0.0,0.0
5,10.0,G,540.0,0.6131103714737464,12.375888374825783,14,8,60.0,5.0,0.0,0.0
5,10.0,G,540.0,0.6131103714737464,12.375888374825783,14,9,60.0,5.0,0.0,0.0
5,10.0,G,540.0,0.6131103714737464,12.375888374825783,14,10,60.0,5.0,0.0,0.0
5,10.0,G,540.0,0.6131103714737464,12.375888374825783,14,11,60.0,5.0,0.0,0.0
5,10.0,G,540.0,0.6131103714737464,12.375888374825783,14,12,60.0,5.0,0.00784313725490196,0.028226977679718004
5,10.0,G,540.0,0.6131103714737464,12.375888374825783,14,13,60.0,5.0,0.0,0.0
5,10.0,G,540.0,0.6131103714737464,12.375888374825783,14,14,60.0,5.0,0.0,0.0
5,10.0,G,540.0,0.6131103714737464,12.375888374825783,14,15,60.0,5.0,0.0,0.0
5,10.0,G,540.0,0.6131103714737464,12.375888374825783,14,16,60.0,5.0,0.00392156862745098,0.01994638965273254
5,10.0,G,540.0,0.6131103714737464,12.375888374825783,14,17,60.0,5.0,0.00784313725490196,0.028226977679718004
5,10.0,G,540.0,0.6131103714737464,12.375888374825783,14,18,60.0,5.0,0.00784313725490196,0.028226977679718004
5,10.0,G,540.0,0.6131103714737464,12.375888374825783,14,19,60.0,5.0,0.00392156862745098,0.01994638965273254
5,10.0,G,540.0,0.6131103714737464,12.375888374825783,14,20,60.0,5.0,0.00784313725490196,0.028226977679718004
5,10.0,G,540.0,0.6131103714737464,12.375888374825783,14,21,60.0,5.0,0.00392156862745098,0.01994638965273254
5,10.0,G,540.0,0.6131103714737464,12.375888374825783,14,22,60.0,5.0,0.00392156862745098,0.01994638965273254
5,10.0,G,540.0,0.6131103714737464,12.375888374825783,14,23,60.0,5.0,0.00392156862745098,0.01994638965273254
5,10.0,G,540.0,0.6131103714737464,12.375888374825783,14,24,60.0,5.0,0.00392156862745098,0.01994638965273254
5,10.0,G,540.0,0.6131103714737464,12.375888374825783,14,25,60.0,5.0,0.00392156862745098,0.01994638965273254
5,10.0,G,540.0,0.6131103714737464,12.375888374825783,14,26,60.0,5.0,0.0,0.0
5,10.0,G,540.0,0.6131103714737464,12.375888374825783,14,27,60.0,5.0,0.0,0.0
5,10.0,G,540.0,0.6131103714737464,12.375888374825783,14,28,60.0,5.0,0.00392156862745098,0.01994638965273254
5,10.0,G,540.0,0.6131103714737464,12.375888374825783,14,29,60.0,5.0,0.00784313725490196,0.028226977679718004
5,10.0,G,540.0,0.6131103714737464,12.375888374825783,14,30,60.0,5.0,0.00392156862745098,0.01994638965273254
5,10.0,G,540.0,0.6131103714737464,12.375888374825783,14,31,60.0,5.0,0.0,0.0
5,10.0,G,540.0,0.6131103714737464,12.375888374825783,14,32,60.0,5.0,0.00392156862745098,0.01994638965273254
5,10.0,G,540.0,0.6131103714737464,12.375888374825783,14,33,60.0,5.0,0.0,0.0
5,10.0,G,540.0,0.6131103714737464,12.375888374825783,14,34,60.0,5.0,0.0,0.0
5,10.0,G,540.0,0.6131103714737464,12.375888374825783,14,35,60.0,5.0,0.0,0.0
5,10.0,G,540.0,0.6131103714737464,12.375888374825783,15,0,60.0,5.0,0.0,0.0
5,10.0,G,540.0,0.6131103714737464,12.375888374825783,15,1,60.0,5.0,0.0,0.0
5,10.0,G,540.0,0.6131103714737464,12.375888374825783,15,2,60.0,5.0,0.0,0.0
5,10.0,G,540.0,0.6131103714737464,12.375888374825783,15,3,60.0,5.0,0.0,0.0
5,10.0,G,540.0,0.6131103714737464,12.375888374825783,15,4,60.0,5.0,0.0,0.0
5,10.0,G,540.0,0.6131103714737464,12.375888374825783,15,5,60.0,5.0,0.0,0.0
5,10.0,G,540.0,0.6131103714737464,12.375888374825783,15,6,60.0,5.0,0.00392156862745098,0.01994638965273254
5,10.0,G,540.0,0.6131103714737464,12.375888374825783,15,7,60.0,5.0,0.0,0.0
5,10.0,G,540.0,0.6131103714737464,12.375888374825783,15,8,60.0,5.0,0.0,0.0
5,10.0,G,540.0,0.6131103714737464,12.375888374825783,15,9,60.0,5.0,0.00392156862745098,0.01994638965273254
5,10.0,G,540.0,0.6131103714737464,12.375888374825783,15,10,60.0,5.0,0.0,0.0
5,10.0,G,540.0,0.6131103714737464,12.375888374825783,15,11,60.0,5.0,0.0,0.0
5,10.0,G,540.0,0.6131103714737464,12.375888374825783,15,12,60.0,5.0,0.0,0.0
5,10.0,G,540.0,0.6131103714737464,12.375888374825783,15,13,60.0,5.0,0.0,0.0
5,10.0,G,540.0,0.6131103714737464,12.375888374825783,15,14,60.0,5.0,0.00392156862745098,0.01994638965273254
5,10.0,G,540.0,0.6131103714737464,12.375888374825783,15,15,60.0,5.0,0.00392156862745098,0.01994638965273254
5,10.0,G,540.0,0.6131103714737464,12.375888374825783,15,16,60.0,5.0,0.0,0.0
5,10.0,G,540.0,0.6131103714737464,12.375888374825783,15,17,60.0,5.0,0.0,0.0
5,10.0,G,540.0,0.6131103714737464,12.375888374825783,15,18,60.0,5.0,0.0,0.0
5,10.0,G,540.0,0.6131103714737464,12.375888374825783,15,19,60.0,5.0,0.0,0.0
5,10.0,G,540.0,0.6131103714737464,12.375888374825783,15,20,60.0,5.0,0.0,0.0
5,10.0,G,540.0,0.6131103714737464,12.375888374825783,15,21,60.0,5.0,0.0,0.0
5,10.0,G,540.0,0.6131103714737464,12.375888374825783,15,22,60.0,5.0,0.0,0.0
5,10.0,G,540.0,0.6131103714737464,12.375888374825783,15,23,60.0,5.0,0.0,0.0
5,10.0,G,540.0,0.6131103714737464,12.375888374825783,15,24,60.0,5.0,0.0,0.0
5,10.0,G,540.0,0.6131103714737464,12.375888374825783,15,25,60.0,5.0,0.0,0.0
5,10.0,G,540.0,0.6131103714737464,12.375888374825783,15,26,60.0,5.0,0.00392156862745098,0.01994638965273254
5,10.0,G,540.0,0.6131103714737464,12.375888374825783,15,27,60.0,5.0,0.0,0.0
5,10.0,G,540.0,0.6131103714737464,12.375888374825783,15,28,60.0,5.0,0.0,0.0
5,10.0,G,540.0,0.6131103714737464,12.375888374825783,15,29,60.0,5.0,0.0,0.0
5,10.0,G,540.0,0.6131103714737464,12.375888374825783,15,30,60.0,5.0,0.0,0.0
5,10.0,G,540.0,0.6131103714737464,12.375888374825783,15,31,60.0,5.0,0.0,0.0
5,10.0,G,540.0,0.6131103714737464,12.375888374825783,15,32,60.0,5.0,0.0,0.0
5,10.0,G,540.0,0.6131103714737464,12.375888374825783,15,33,60.0,5.0,0.0,0.0
5,10.0,G,540.0,0.6131103714737464,12.375888374825783,15,34,60.0,5.0,0.0,0.0
5,10.0,G,540.0,0.6131103714737464,12.375888374825783,15,35,60.0,5.0,0.0,0.0
5,10.0,G,540.0,0.6131103714737464,12.375888374825783,16,0,60.0,5.0,0.0,0.0
5,10.0,G,540.0,0.6131103714737464,12.375888374825783,16,1,60.0,5.0,0.0,0.0
5,10.0,G,540.0,0.6131103714737464,12.375888374825783,16,2,60.0,5.0,0.0,0.0
5,10.0,G,540.0,0.6131103714737464,12.375888374825783,16,3,60.0,5.0,0.0,0.0
5,10.0,G,540.0,0.6131103714737464,12.375888374825783,16,4,60.0,5.0,0.0,0.0
5,10.0,G,540.0,0.6131103714737464,12.375888374825783,16,5,60.0,5.0,0.0,0.0
5,10.0,G,540.0,0.6131103714737464,12.375888374825783,16,6,60.0,5.0,0.0,0.0
5,10.0,G,540.0,0.6131103714737464,12.375888374825783,16,7,60.0,5.0,0.0,0.0
5,10.0,G,540.0,0.6131103714737464,12.375888374825783,16,8,60.0,5.0,0.0,0.0
5,10.0,G,540.0,0.6131103714737464,12.375888374825783,16,9,60.0,5.0,0.0,0.0
5,10.0,G,540.0,0.6131103714737464,12.375888374825783,16,10,60.0,5.0,0.0,0.0
5,10.0,G,540.0,0.6131103714737464,12.375888374825783,16,11,60.0,5.0,0.0,0.0
5,10.0,G,540.0,0.6131103714737464,12.375888374825783,16,12,60.0,5.0,0.0,0.0
5,10.0,G,540.0,0.6131103714737464,12.375888374825783,16,13,60.0,5.0,0.0,0.0
5,10.0,G,540.0,0.6131103714737464,12.375888374825783,16,14,60.0,5.0,0.0,0.0
5,10.0,G,540.0,0.6131103714737464,12.375888374825783,16,15,60.0,5.0,0.0,0.0
5,10.0,G,540.0,0.6131103714737464,12.375888374825783,16,16,60.0,5.0,0.0,0.0
5,10.0,G,540.0,0.6131103714737464,12.375888374825783,16,17,60.0,5.0,0.0,0.0
5,10.0,G,540.0,0.6131103714737464,12.375888374825783,16,18,60.0,5.0,0.0,0.0
5,10.0,G,540.0,0.6131103714737464,12.375888374825783,16,19,60.0,5.0,0.0,0.0
5,10.0,G,540.0,0.6131103714737464,12.375888374825783,16,20,60.0,5.0,0.0,0.0
5,10.0,G,540.0,0.6131103714737464,12.375888374825783,16,21,60.0,5.0,0.0,0.0
5,10.0,G,540.0,0.6131103714737464,12.375888374825783,16,22,60.0,5.0,0.0,0.0
5,10.0,G,540.0,0.6131103714737464,12.375888374825783,16,23,60.0,5.0,0.0,0.0
5,10.0,G,540.0,0.6131103714737464,12.375888374825783,16,24,60.0,5.0,0.0,0.0
5,10.0,G,540.0,0.6131103714737464,12.375888374825783,16,25,60.0,5.0,0.0,0.0
5,10.0,G,540.0,0.6131103714737464,12.375888374825783,16,26,60.0,5.0,0.0,0.0
5,10.0,G,540.0,0.6131103714737464,12.375888374825783,16,27,60.0,5.0,0.0,0.0
5,10.0,G,540.0,0.6131103714737464,12.375888374825783,16,28,60.0,5.0,0.0,0.0
5,10.0,G,540.0,0.6131103714737464,12.375888374825783,16,29,60.0,5.0,0.0,0.0
5,10.0,G,540.0,0.6131103714737464,12.375888374825783,16,30,60.0,5.0,0.0,0.0
5,10.0,G,540.0,0.6131103714737464,12.375888374825783,16,31,60.0,5.0,0.0,0.0
5,10.0,G,540.0,0.6131103714737464,12.375888374825783,16,32,60.0,5.0,0.0,0.0
5,10.0,G,540.0,0.6131103714737464,12.375888374825783,16,33,60.0,5.0,0.0,0.0
5,10.0,G,540.0,0.6131103714737464,12.375888374825783,16,34,60.0,5.0,0.0,0.0
5,10.0,G,540.0,0.6131103714737464,12.375888374825783,16,35,60.0,5.0,0.0,0.0
5,10.0,G,540.0,0.6131103714737464,12.375888374825783,17,0,60.0,5.0,0.0,0.0
5,10.0,G,540.0,0.6131103714737464,12.375888374825783,17,1,60.0,5.0,0.0,0.0
5,10.0,G,540.0,0.6131103714737464,12.375888374825783,17,2,60.0,5.0,0.0,0.0
5,10.0,G,540.0,0.6131103714737464,12.375888374825783,17,3,60.0,5.0,0.0,0.0
5,10.0,G,540.0,0.6131103714737464,12.375888374825783,17,4,60.0,5.0,0.0,0.0
5,10.0,G,540.0,0.6131103714737464,12.375888374825783,17,5,60.0,5.0,0.0,0.0
5,10.0,G,540.0,0.6131103714737464,12.375888374825783,17,6,60.0,5.0,0.0,0.0
5,10.0,G,540.0,0.6131103714737464,12.375888374825783,17,7,60.0,5.0,0.0,0.0
5,10.0,G,540.0,0.6131103714737464,12.375888374825783,17,8,60.0,5.0,0.0,0.0
5,10.0,G,540.0,0.6131103714737464,12.375888374825783,17,9,60.0,5.0,0.0,0.0
5,10.0,G,540.0,0.6131103714737464,12.375888374825783,17,10,60.0,5.0,0.0,0.0
5,10.0,G,540.0,0.6131103714737464,12.375888374825783,17,11,60.0,5.0,0.0,0.0
5,10.0,G,540.0,0.6131103714737464,12.375888374825783,17,12,60.0,5.0,0.0,0.0
5,10.0,G,540.0,0.6131103714737464,12.375888374825783,17,13,60.0,5.0,0.0,0.0
5,10.0,G,540.0,0.6131103714737464,12.375888374825783,17,14,60.0,5.0,0.0,0.0
5,10.0,G,540.0,0.6131103714737464,12.375888374825783,17,15,60.0,5.0,0.0,0.0
5,10.0,G,540.0,0.6131103714737464,12.375888374825783,17,16,60.0,5.0,0.0,0.0
5,10.0,G,540.0,0.6131103714737464,12.375888374825783,17,17,60.0,5.0,0.0,0.0
5,10.0,G,540.0,0.6131103714737464,12.375888374825783,17,18,60.0,5.0,0.0,0.0
5,10.0,G,540.0,0.6131103714737464,12.375888374825783,17,19,60.0,5.0,0.0,0.0
5,10.0,G,540.0,0.6131103714737464,12.375888374825783,17,20,60.0,5.0,0.0,0.0
5,10.0,G,540.0,0.6131103714737464,12.375888374825783,17,21,60.0,5.0,0.0,0.0
5,10.0,G,540.0,0.6131103714737464,12.375888374825783,17,22,60.0,5.0,0.0,0.0
5,10.0,G,540.0,0.6131103714737464,12.375888374825783,17,23,60.0,5.0,0.0,0.0
5,10.0,G,540.0,0.6131103714737464,12.375888374825783,17,24,60.0,5.0,0.0,0.0
5,10.0,G,540.0,0.6131103714737464,12.375888374825783,17,25,60.0,5.0,0.0,0.0
5,10.0,G,540.0,0.6131103714737464,12.375888374825783,17,26,60.0,5.0,0.0,0.0
5,10.0,G,540.0,0.6131103714737464,12.375888374825783,17,27,60.0,5.0,0.0,0.0
5,10.0,G,540.0,0.6131103714737464,12.375888374825783,17,28,60.0,5.0,0.0,0.0
5,10.0,G,540.0,0.6131103714737464,12.375888374825783,17,29,60.0,5.0,0.0,0.0
5,10.0,G,540.0,0.6131103714737464,12.375888374825783,17,30,60.0,5.0,0.0,0.0
5,10.0,G,540.0,0.6131103714737464,12.375888374825783,17,31,60.0,5.0,0.0,0.0
5,10.0,G,540.0,0.6131103714737464,12.375888374825783,17,32,60.0,5.0,0.0,0.0
5,10.0,G,540.0,0.6131103714737464,12.375888374825783,17,33,60.0,5.0,0.0,0.0
5,10.0,G,540.0,0.6131103714737464,12.375888374825783,17,34,60.0,5.0,0.0,0.0
5,10.0,G,540.0,0.6131103714737464,12.375888374825783,17,35,60.0,5.0,0.0,0.0
5,10.0,G,540.0,0.6131103714737464,12.375888374825783,18,0,60.0,5.0,0.0,0.0
5,10.0,G,540.0,0.6131103714737464,12.375888374825783,18,1,60.0,5.0,0.0,0.0
5,10.0,G,540.0,0.6131103714737464,12.375888374825783,18,2,60.0,5.0,0.0,0.0
5,10.0,G,540.0,0.6131103714737464,12.375888374825783,18,3,60.0,5.0,0.0,0.0
5,10.0,G,540.0,0.6131103714737464,12.375888374825783,18,4,60.0,5.0,0.0,0.0
5,10.0,G,540.0,0.6131103714737464,12.375888374825783,18,5,60.0,5.0,0.0,0.0
5,10.0,G,540.0,0.6131103714737464,12.375888374825783,18,6,60.0,5.0,0.0,0.0
5,10.0,G,540.0,0.6131103714737464,12.375888374825783,18,7,60.0,5.0,0.0,0.0
5,10.0,G,540.0,0.6131103714737464,12.375888374825783,18,8,60.0,5.0,0.0,0.0
5,10.0,G,540.0,0.6131103714737464,12.375888374825783,18,9,60.0,5.0,0.0,0.0
5,10.0,G,540.0,0.6131103714737464,12.375888374825783,18,10,60.0,5.0,0.0,0.0
5,10.0,G,540.0,0.6131103714737464,12.375888374825783,18,11,60.0,5.0,0.0,0.0
5,10.0,G,540.0,0.6131103714737464,12.375888374825783,18,12,60.0,5.0,0.0,0.0
5,10.0,G,540.0,0.6131103714737464,12.375888374825783,18,13,60.0,5.0,0.0,0.0
5,10.0,G,540.0,0.6131103714737464,12.375888374825783,18,14,60.0,5.0,0.0,0.0
5,10.0,G,540.0,0.6131103714737464,12.375888374825783,18,15,60.0,5.0,0.0,0.0
5,10.0,G,540.0,0.6131103714737464,12.375888374825783,18,16,60.0,5.0,0.0,0.0
5,10.0,G,540.0,0.6131103714737464,12.375888374825783,18,17,60.0,5.0,0.0,0.0
5,10.0,G,540.0,0.6131103714737464,12.375888374825783,18,18,60.0,5.0,0.0,0.0
5,10.0,G,540.0,0.6131103714737464,12.375888374825783,18,19,60.0,5.0,0.0,0.0
5,10.0,G,540.0,0.6131103714737464,12.375888374825783,18,20,60.0,5.0,0.0,0.0
5,10.0,G,540.0,0.6131103714737464,12.375888374825783,18,21,60.0,5.0,0.0,0.0
5,10.0,G,540.0,0.6131103714737464,12.375888374825783,18,22,60.0,5.0,0.0,0.0
5,10.0,G,540.0,0.6131103714737464,12.375888374825783,18,23,60.0,5.0,0.0,0.0
5,10.0,G,540.0,0.6131103714737464,12.375888374825783,18,24,60.0,5.0,0.0,0.0
5,10.0,G,540.0,0.6131103714737464,12.375888374825783,18,25,60.0,5.0,0.0,0.0
5,10.0,G,540.0,0.6131103714737464,12.375888374825783,18,26,60.0,5.0,0.0,0.0
5,10.0,G,540.0,0.6131103714737464,12.375888374825783,18,27,60.0,5.0,0.0,0.0
5,10.0,G,540.0,0.6131103714737464,12.375888374825783,18,28,60.0,5.0,0.0,0.0
5,10.0,G,540.0,0.6131103714737464,12.375888374825783,18,29,60.0,5.0,0.0,0.0
5,10.0,G,540.0,0.6131103714737464,12.375888374825783,18,30,60.0,5.0,0.0,0.0
5,10.0,G,540.0,0.6131103714737464,12.375888374825783,18,31,60.0,5.0,0.0,0.0
5,10.0,G,540.0,0.6131103714737464,12.375888374825783,18,32,60.0,5.0,0.0,0.0
5,10.0,G,540.0,0.6131103714737464,12.375888374825783,18,33,60.0,5.0,0.0,0.0
5,10.0,G,540.0,0.6131103714737464,12.375888374825783,18,34,60.0,5.0,0.0,0.0
5,10.0,G,540.0,0.6131103714737464,12.375888374825783,18,35,60.0,5.0,0.0,0.0
5,10.0,G,540.0,0.6131103714737464,12.375888374825783,19,0,60.0,5.0,0.0,0.0
5,10.0,G,540.0,0.6131103714737464,12.375888374825783,19,1,60.0,5.0,0.0,0.0
5,10.0,G,540.0,0.6131103714737464,12.375888374825783,19,2,60.0,5.0,0.0,0.0
5,10.0,G,540.0,0.6131103714737464,12.375888374825783,19,3,60.0,5.0,0.0,0.0
5,10.0,G,540.0,0.6131103714737464,12.375888374825783,19,4,60.0,5.0,0.0,0.0
5,10.0,G,540.0,0.6131103714737464,12.375888374825783,19,5,60.0,5.0,0.0,0.0
5,10.0,G,540.0,0.6131103714737464,12.375888374825783,19,6,60.0,5.0,0.0,0.0
5,10.0,G,540.0,0.6131103714737464,12.375888374825783,19,7,60.0,5.0,0.0,0.0
5,10.0,G,540.0,0.6131103714737464,12.375888374825783,19,8,60.0,5.0,0.0,0.0
5,10.0,G,540.0,0.6131103714737464,12.375888374825783,19,9,60.0,5.0,0.0,0.0
5,10.0,G,540.0,0.6131103714737464,12.375888374825783,19,10,60.0,5.0,0.0,0.0
5,10.0,G,540.0,0.6131103714737464,12.375888374825783,19,11,60.0,5.0,0.0,0.0
5,10.0,G,540.0,0.6131103714737464,12.375888374825783,19,12,60.0,5.0,0.0,0.0
5,10.0,G,540.0,0.6131103714737464,12.375888374825783,19,13,60.0,5.0,0.0,0.0
5,10.0,G,540.0,0.6131103714737464,12.375888374825783,19,14,60.0,5.0,0.0,0.0
5,10.0,G,540.0,0.6131103714737464,12.375888374825783,19,15,60.0,5.0,0.0,0.0
5,10.0,G,540.0,0.6131103714737464,12.375888374825783,19,16,60.0,5.0,0.0,0.0
5,10.0,G,540.0,0.6131103714737464,12.375888374825783,19,17,60.0,5.0,0.0,0.0
5,10.0,G,540.0,0.6131103714737464,12.375888374825783,19,18,60.0,5.0,0.0,0.0
5,10.0,G,540.0,0.6131103714737464,12.375888374825783,19,19,60.0,5.0,0.0,0.0
5,10.0,G,540.0,0.6131103714737464,12.375888374825783,19,20,60.0,5.0,0.0,0.0
5,10.0,G,540.0,0.6131103714737464,12.375888374825783,19,21,60.0,5.0,0.0,0.0
5,10.0,G,540.0,0.6131103714737464,12.375888374825783,19,22,60.0,5.0,0.0,0.0
5,10.0,G,540.0,0.6131103714737464,12.375888374825783,19,23,60.0,5.0,0.0,0.0
5,10.0,G,540.0,0.6131103714737464,12.375888374825783,19,24,60.0,5.0,0.0,0.0
5,10.0,G,540.0,0.6131103714737464,12.375888374825783,19,25,60.0,5.0,0.0,0.0
5,10.0,G,540.0,0.6131103714737464,12.375888374825783,19,26,60.0,5.0,0.0,0.0
5,10.0,G,540.0,0.6131103714737464,12.375888374825783,19,27,60.0,5.0,0.0,0.0
5,10.0,G,540.0,0.6131103714737464,12.375888374825783,19,28,60.0,5.0,0.0,0.0
5,10.0,G,540.0,0.6131103714737464,12.375888374825783,19,29,60.0,5.0,0.0,0.0
5,10.0,G,540.0,0.6131103714737464,12.375888374825783,19,30,60.0,5.0,0.0,0.0
5,10.0,G,540.0,0.6131103714737464,12.375888374825783,19,31,60.0,5.0,0.0,0.0
5,10.0,G,540.0,0.6131103714737464,12.375888374825783,19,32,60.0,5.0,0.0,0.0
5,10.0,G,540.0,0.6131103714737464,12.375888374825783,19,33,60.0,5.0,0.0,0.0
5,10.0,G,540.0,0.6131103714737464,12.375888374825783,19,34,60.0,5.0,0.0,0.0
5,10.0,G,540.0,0.6131103714737464,12.375888374825783,19,35,60.0,5.0,0.0,0.0
5,10.0,B,470.0,0.5336331010975199,10.771606548459477,0,0,60.0,5.0,0.0,0.0
5,10.0,B,470.0,0.5336331010975199,10.771606548459477,0,1,60.0,5.0,0.0,0.0
5,10.0,B,470.0,0.5336331010975199,10.771606548459477,0,2,60.0,5.0,0.0,0.0
5,10.0,B,470.0,0.5336331010975199,10.771606548459477,0,3,60.0,5.0,0.0,0.0
5,10.0,B,470.0,0.5336331010975199,10.771606548459477,0,4,60.0,5.0,0.0,0.0
5,10.0,B,470.0,0.5336331010975199,10.771606548459477,0,5,60.0,5.0,0.0,0.0
5,10.0,B,470.0,0.5336331010975199,10.771606548459477,0,6,60.0,5.0,0.0,0.0
5,10.0,B,470.0,0.5336331010975199,10.771606548459477,0,7,60.0,5.0,0.0,0.0
5,10.0,B,470.0,0.5336331010975199,10.771606548459477,0,8,60.0,5.0,0.0,0.0
5,10.0,B,470.0,0.5336331010975199,10.771606548459477,0,9,60.0,5.0,0.0,0.0
5,10.0,B,470.0,0.5336331010975199,10.771606548459477,0,10,60.0,5.0,0.0,0.0
5,10.0,B,470.0,0.5336331010975199,10.771606548459477,0,11,60.0,5.0,0.0,0.0
5,10.0,B,470.0,0.5336331010975199,10.771606548459477,0,12,60.0,5.0,0.0,0.0
5,10.0,B,470.0,0.5336331010975199,10.771606548459477,0,13,60.0,5.0,0.0,0.0
5,10.0,B,470.0,0.5336331010975199,10.771606548459477,0,14,60.0,5.0,0.0,0.0
5,10.0,B,470.0,0.5336331010975199,10.771606548459477,0,15,60.0,5.0,0.0,0.0
5,10.0,B,470.0,0.5336331010975199,10.771606548459477,0,16,60.0,5.0,0.0,0.0
5,10.0,B,470.0,0.5336331010975199,10.771606548459477,0,17,60.0,5.0,0.0,0.0
5,10.0,B,470.0,0.5336331010975199,10.771606548459477,0,18,60.0,5.0,0.0,0.0
5,10.0,B,470.0,0.5336331010975199,10.771606548459477,0,19,60.0,5.0,0.0,0.0
5,10.0,B,470.0,0.5336331010975199,10.771606548459477,0,20,60.0,5.0,0.0,0.0
5,10.0,B,470.0,0.5336331010975199,10.771606548459477,0,21,60.0,5.0,0.0,0.0
5,10.0,B,470.0,0.5336331010975199,10.771606548459477,0,22,60.0,5.0,0.0,0.0
5,10.0,B,470.0,0.5336331010975199,10.771606548459477,0,23,60.0,5.0,0.0,0.0
5,10.0,B,470.0,0.5336331010975199,10.771606548459477,0,24,60.0,5.0,0.0,0.0
5,10.0,B,470.0,0.5336331010975199,10.771606548459477,0,25,60.0,5.0,0.0,0.0
5,10.0,B,470.0,0.5336331010975199,10.771606548459477,0,26,60.0,5.0,0.0,0.0
5,10.0,B,470.0,0.5336331010975199,10.771606548459477,0,27,60.0,5.0,0.0,0.0
5,10.0,B,470.0,0.5336331010975199,10.771606548459477,0,28,60.0,5.0,0.0,0.0
5,10.0,B,470.0,0.5336331010975199,10.771606548459477,0,29,60.0,5.0,0.0,0.0
5,10.0,B,470.0,0.5336331010975199,10.771606548459477,0,30,60.0,5.0,0.0,0.0
5,10.0,B,470.0,0.5336331010975199,10.771606548459477,0,31,60.0,5.0,0.0,0.0
5,10.0,B,470.0,0.5336331010975199,10.771606548459477,0,32,60.0,5.0,0.0,0.0
5,10.0,B,470.0,0.5336331010975199,10.771606548459477,0,33,60.0,5.0,0.0,0.0
5,10.0,B,470.0,0.5336331010975199,10.771606548459477,0,34,60.0,5.0,0.0,0.0
5,10.0,B,470.0,0.5336331010975199,10.771606548459477,0,35,60.0,5.0,0.0,0.0
5,10.0,B,470.0,0.5336331010975199,10.771606548459477,1,0,60.0,5.0,0.0,0.0
5,10.0,B,470.0,0.5336331010975199,10.771606548459477,1,1,60.0,5.0,0.0,0.0
5,10.0,B,470.0,0.5336331010975199,10.771606548459477,1,2,60.0,5.0,0.0,0.0
5,10.0,B,470.0,0.5336331010975199,10.771606548459477,1,3,60.0,5.0,0.0,0.0
5,10.0,B,470.0,0.5336331010975199,10.771606548459477,1,4,60.0,5.0,0.0,0.0
5,10.0,B,470.0,0.5336331010975199,10.771606548459477,1,5,60.0,5.0,0.0,0.0
5,10.0,B,470.0,0.5336331010975199,10.771606548459477,1,6,60.0,5.0,0.0,0.0
5,10.0,B,470.0,0.5336331010975199,10.771606548459477,1,7,60.0,5.0,0.0,0.0
5,10.0,B,470.0,0.5336331010975199,10.771606548459477,1,8,60.0,5.0,0.0,0.0
5,10.0,B,470.0,0.5336331010975199,10.771606548459477,1,9,60.0,5.0,0.0,0.0
5,10.0,B,470.0,0.5336331010975199,10.771606548459477,1,10,60.0,5.0,0.0,0.0
5,10.0,B,470.0,0.5336331010975199,10.771606548459477,1,11,60.0,5.0,0.0,0.0
5,10.0,B,470.0,0.5336331010975199,10.771606548459477,1,12,60.0,5.0,0.0,0.0
5,10.0,B,470.0,0.5336331010975199,10.771606548459477,1,13,60.0,5.0,0.0,0.0
5,10.0,B,470.0,0.5336331010975199,10.771606548459477,1,14,60.0,5.0,0.0,0.0
5,10.0,B,470.0,0.5336331010975199,10.771606548459477,1,15,60.0,5.0,0.0,0.0
5,10.0,B,470.0,0.5336331010975199,10.771606548459477,1,16,60.0,5.0,0.0,0.0
5,10.0,B,470.0,0.5336331010975199,10.771606548459477,1,17,60.0,5.0,0.0,0.0
5,10.0,B,470.0,0.5336331010975199,10.771606548459477,1,18,60.0,5.0,0.0,0.0
5,10.0,B,470.0,0.5336331010975199,10.771606548459477,1,19,60.0,5.0,0.0,0.0
5,10.0,B,470.0,0.5336331010975199,10.771606548459477,1,20,60.0,5.0,0.0,0.0
5,10.0,B,470.0,0.5336331010975199,10.771606548459477,1,21,60.0,5.0,0.0,0.0
5,10.0,B,470.0,0.5336331010975199,10.771606548459477,1,22,60.0,5.0,0.0,0.0
5,10.0,B,470.0,0.5336331010975199,10.771606548459477,1,23,60.0,5.0,0.0,0.0
5,10.0,B,470.0,0.5336331010975199,10.771606548459477,1,24,60.0,5.0,0.0,0.0
5,10.0,B,470.0,0.5336331010975199,10.771606548459477,1,25,60.0,5.0,0.0,0.0
5,10.0,B,470.0,0.5336331010975199,10.771606548459477,1,26,60.0,5.0,0.0,0.0
5,10.0,B,470.0,0.5336331010975199,10.771606548459477,1,27,60.0,5.0,0.0,0.0
5,10.0,B,470.0,0.5336331010975199,10.771606548459477,1,28,60.0,5.0,0.0,0.0
5,10.0,B,470.0,0.5336331010975199,10.771606548459477,1,29,60.0,5.0,0.0,0.0
5,10.0,B,470.0,0.5336331010975199,10.771606548459477,1,30,60.0,5.0,0.0,0.0
5,10.0,B,470.0,0.5336331010975199,10.771606548459477,1,31,60.0,5.0,0.0,0.0
5,10.0,B,470.0,0.5336331010975199,10.771606548459477,1,32,60.0,5.0,0.0,0.0
5,10.0,B,470.0,0.5336331010975199,10.771606548459477,1,33,60.0,5.0,0.0,0.0
5,10.0,B,470.0,0.5336331010975199,10.771606548459477,1,34,60.0,5.0,0.0,0.0
5,10.0,B,470.0,0.5336331010975199,10.771606548459477,1,35,60.0,5.0,0.0,0.0
5,10.0,B,470.0,0.5336331010975199,10.771606548459477,2,0,60.0,5.0,0.0,0.0
5,10.0,B,470.0,0.5336331010975199,10.771606548459477,2,1,60.0,5.0,0.0,0.0
5,10.0,B,470.0,0.5336331010975199,10.771606548459477,2,2,60.0,5.0,0.0,0.0
5,10.0,B,470.0,0.5336331010975199,10.771606548459477,2,3,60.0,5.0,0.0,0.0
5,10.0,B,470.0,0.5336331010975199,10.771606548459477,2,4,60.0,5.0,0.0,0.0
5,10.0,B,470.0,0.5336331010975199,10.771606548459477,2,5,60.0,5.0,0.0,0.0
5,10.0,B,470.0,0.5336331010975199,10.771606548459477,2,6,60.0,5.0,0.0,0.0
5,10.0,B,470.0,0.5336331010975199,10.771606548459477,2,7,60.0,5.0,0.0,0.0
5,10.0,B,470.0,0.5336331010975199,10.771606548459477,2,8,60.0,5.0,0.0,0.0
5,10.0,B,470.0,0.5336331010975199,10.771606548459477,2,9,60.0,5.0,0.0,0.0
5,10.0,B,470.0,0.5336331010975199,10.771606548459477,2,10,60.0,5.0,0.0,0.0
5,10.0,B,470.0,0.5336331010975199,10.771606548459477,2,11,60.0,5.0,0.0,0.0
5,10.0,B,470.0,0.5336331010975199,10.771606548459477,2,12,60.0,5.0,0.0,0.0
5,10.0,B,470.0,0.5336331010975199,10.771606548459477,2,13,60.0,5.0,0.0,0.0
5,10.0,B,470.0,0.5336331010975199,10.771606548459477,2,14,60.0,5.0,0.0,0.0
5,10.0,B,470.0,0.5336331010975199,10.771606548459477,2,15,60.0,5.0,0.0,0.0
5,10.0,B,470.0,0.5336331010975199,10.771606548459477,2,16,60.0,5.0,0.0,0.0
5,10.0,B,470.0,0.5336331010975199,10.771606548459477,2,17,60.0,5.0,0.0,0.0
5,10.0,B,470.0,0.5336331010975199,10.771606548459477,2,18,60.0,5.0,0.0,0.0
5,10.0,B,470.0,0.5336331010975199,10.771606548459477,2,19,60.0,5.0,0.0,0.0
5,10.0,B,470.0,0.5336331010975199,10.771606548459477,2,20,60.0,5.0,0.0,0.0
5,10.0,B,470.0,0.5336331010975199,10.771606548459477,2,21,60.0,5.0,0.0,0.0
5,10.0,B,470.0,0.5336331010975199,10.771606548459477,2,22,60.0,5.0,0.0,0.0
5,10.0,B,470.0,0.5336331010975199,10.771606548459477,2,23,60.0,5.0,0.0,0.0
5,10.0,B,470.0,0.5336331010975199,10.771606548459477,2,24,60.0,5.0,0.0,0.0
5,10.0,B,470.0,0.5336331010975199,10.771606548459477,2,25,60.0,5.0,0.0,0.0
5,10.0,B,470.0,0.5336331010975199,10.771606548459477,2,26,60.0,5.0,0.0,0.0
5,10.0,B,470.0,0.5336331010975199,10.771606548459477,2,27,60.0,5.0,0.0,0.0
5,10.0,B,470.0,0.5336331010975199,10.771606548459477,2,28,60.0,5.0,0.0,0.0
5,10.0,B,470.0,0.5336331010975199,10.771606548459477,2,29,60.0,5.0,0.0,0.0
5,10.0,B,470.0,0.5336331010975199,10.771606548459477,2,30,60.0,5.0,0.0,0.0
5,10.0,B,470.0,0.5336331010975199,10.771606548459477,2,31,60.0,5.0,0.0,0.0
5,10.0,B,470.0,0.5336331010975199,10.771606548459477,2,32,60.0,5.0,0.0,0.0
5,10.0,B,470.0,0.5336331010975199,10.771606548459477,2,33,60.0,5.0,0.0,0.0
5,10.0,B,470.0,0.5336331010975199,10.771606548459477,2,34,60.0,5.0,0.0,0.0
5,10.0,B,470.0,0.5336331010975199,10.771606548459477,2,35,60.0,5.0,0.0,0.0
5,10.0,B,470.0,0.5336331010975199,10.771606548459477,3,0,60.0,5.0,0.0,0.0
5,10.0,B,470.0,0.5336331010975199,10.771606548459477,3,1,60.0,5.0,0.0,0.0
5,10.0,B,470.0,0.5336331010975199,10.771606548459477,3,2,60.0,5.0,0.0,0.0
5,10.0,B,470.0,0.5336331010975199,10.771606548459477,3,3,60.0,5.0,0.0,0.0
5,10.0,B,470.0,0.5336331010975199,10.771606548459477,3,4,60.0,5.0,0.0,0.0
5,10.0,B,470.0,0.5336331010975199,10.771606548459477,3,5,60.0,5.0,0.0,0.0
5,10.0,B,470.0,0.5336331010975199,10.771606548459477,3,6,60.0,5.0,0.0,0.0
5,10.0,B,470.0,0.5336331010975199,10.771606548459477,3,7,60.0,5.0,0.0,0.0
5,10.0,B,470.0,0.5336331010975199,10.771606548459477,3,8,60.0,5.0,0.0,0.0
5,10.0,B,470.0,0.5336331010975199,10.771606548459477,3,9,60.0,5.0,0.0,0.0
5,10.0,B,470.0,0.5336331010975199,10.771606548459477,3,10,60.0,5.0,0.0,0.0
5,10.0,B,470.0,0.5336331010975199,10.771606548459477,3,11,60.0,5.0,0.0,0.0
5,10.0,B,470.0,0.5336331010975199,10.771606548459477,3,12,60.0,5.0,0.0,0.0
5,10.0,B,470.0,0.5336331010975199,10.771606548459477,3,13,60.0,5.0,0.0,0.0
5,10.0,B,470.0,0.5336331010975199,10.771606548459477,3,14,60.0,5.0,0.0,0.0
5,10.0,B,470.0,0.5336331010975199,10.771606548459477,3,15,60.0,5.0,0.0,0.0
5,10.0,B,470.0,0.5336331010975199,10.771606548459477,3,16,60.0,5.0,0.0,0.0
5,10.0,B,470.0,0.5336331010975199,10.771606548459477,3,17,60.0,5.0,0.0,0.0
5,10.0,B,470.0,0.5336331010975199,10.771606548459477,3,18,60.0,5.0,0.0,0.0
5,10.0,B,470.0,0.5336331010975199,10.771606548459477,3,19,60.0,5.0,0.0,0.0
5,10.0,B,470.0,0.5336331010975199,10.771606548459477,3,20,60.0,5.0,0.0,0.0
5,10.0,B,470.0,0.5336331010975199,10.771606548459477,3,21,60.0,5.0,0.0,0.0
5,10.0,B,470.0,0.5336331010975199,10.771606548459477,3,22,60.0,5.0,0.0,0.0
5,10.0,B,470.0,0.5336331010975199,10.771606548459477,3,23,60.0,5.0,0.0,0.0
5,10.0,B,470.0,0.5336331010975199,10.771606548459477,3,24,60.0,5.0,0.0,0.0
5,10.0,B,470.0,0.5336331010975199,10.771606548459477,3,25,60.0,5.0,0.0,0.0
5,10.0,B,470.0,0.5336331010975199,10.771606548459477,3,26,60.0,5.0,0.0,0.0
5,10.0,B,470.0,0.5336331010975199,10.771606548459477,3,27,60.0,5.0,0.0,0.0
5,10.0,B,470.0,0.5336331010975199,10.771606548459477,3,28,60.0,5.0,0.0,0.0
5,10.0,B,470.0,0.5336331010975199,10.771606548459477,3,29,60.0,5.0,0.0,0.0
5,10.0,B,470.0,0.5336331010975199,10.771606548459477,3,30,60.0,5.0,0.0,0.0
5,10.0,B,470.0,0.5336331010975199,10.771606548459477,3,31,60.0,5.0,0.0,0.0
5,10.0,B,470.0,0.5336331010975199,10.771606548459477,3,32,60.0,5.0,0.0,0.0
5,10.0,B,470.0,0.5336331010975199,10.771606548459477,3,33,60.0,5.0,0.0,0.0
5,10.0,B,470.0,0.5336331010975199,10.771606548459477,3,34,60.0,5.0,0.0,0.0
5,10.0,B,470.0,0.5336331010975199,10.771606548459477,3,35,60.0,5.0,0.0,0.0
5,10.0,B,470.0,0.5336331010975199,10.771606548459477,4,0,60.0,5.0,0.0,0.0
5,10.0,B,470.0,0.5336331010975199,10.771606548459477,4,1,60.0,5.0,0.0,0.0
5,10.0,B,470.0,0.5336331010975199,10.771606548459477,4,2,60.0,5.0,0.0,0.0
5,10.0,B,470.0,0.5336331010975199,10.771606548459477,4,3,60.0,5.0,0.0,0.0
5,10.0,B,470.0,0.5336331010975199,10.771606548459477,4,4,60.0,5.0,0.0,0.0
5,10.0,B,470.0,0.5336331010975199,10.771606548459477,4,5,60.0,5.0,0.00784313725490196,0.028226977679718004
5,10.0,B,470.0,0.5336331010975199,10.771606548459477,4,6,60.0,5.0,0.00392156862745098,0.01994638965273254
5,10.0,B,470.0,0.5336331010975199,10.771606548459477,4,7,60.0,5.0,0.00392156862745098,0.01994638965273254
5,10.0,B,470.0,0.5336331010975199,10.771606548459477,4,8,60.0,5.0,0.00392156862745098,0.01994638965273254
5,10.0,B,470.0,0.5336331010975199,10.771606548459477,4,9,60.0,5.0,0.0,0.0
5,10.0,B,470.0,0.5336331010975199,10.771606548459477,4,10,60.0,5.0,0.0,0.0
5,10.0,B,470.0,0.5336331010975199,10.771606548459477,4,11,60.0,5.0,0.0,0.0
5,10.0,B,470.0,0.5336331010975199,10.771606548459477,4,12,60.0,5.0,0.00784313725490196,0.028226977679718004
5,10.0,B,470.0,0.5336331010975199,10.771606548459477,4,13,60.0,5.0,0.00392156862745098,0.01994638965273254
5,10.0,B,470.0,0.5336331010975199,10.771606548459477,4,14,60.0,5.0,0.00392156862745098,0.01994638965273254
5,10.0,B,470.0,0.5336331010975199,10.771606548459477,4,15,60.0,5.0,0.00392156862745098,0.01994638965273254
5,10.0,B,470.0,0.5336331010975199,10.771606548459477,4,16,60.0,5.0,0.00784313725490196,0.028226977679718004
5,10.0,B,470.0,0.5336331010975199,10.771606548459477,4,17,60.0,5.0,0.00392156862745098,0.01994638965273254
5,10.0,B,470.0,0.5336331010975199,10.771606548459477,4,18,60.0,5.0,0.00784313725490196,0.028226977679718004
5,10.0,B,470.0,0.5336331010975199,10.771606548459477,4,19,60.0,5.0,0.00392156862745098,0.01994638965273254
5,10.0,B,470.0,0.5336331010975199,10.771606548459477,4,20,60.0,5.0,0.00784313725490196,0.028226977679718004
5,10.0,B,470.0,0.5336331010975199,10.771606548459477,4,21,60.0,5.0,0.00392156862745098,0.01994638965273254
5,10.0,B,470.0,0.5336331010975199,10.771606548459477,4,22,60.0,5.0,0.00392156862745098,0.01994638965273254
5,10.0,B,470.0,0.5336331010975199,10.771606548459477,4,23,60.0,5.0,0.0,0.0
5,10.0,B,470.0,0.5336331010975199,10.771606548459477,4,24,60.0,5.0,0.00392156862745098,0.01994638965273254
5,10.0,B,470.0,0.5336331010975199,10.771606548459477,4,25,60.0,5.0,0.00392156862745098,0.01994638965273254
5,10.0,B,470.0,0.5336331010975199,10.771606548459477,4,26,60.0,5.0,0.0,0.0
5,10.0,B,470.0,0.5336331010975199,10.771606548459477,4,27,60.0,5.0,0.0,0.0
5,10.0,B,470.0,0.5336331010975199,10.771606548459477,4,28,60.0,5.0,0.0,0.0
5,10.0,B,470.0,0.5336331010975199,10.771606548459477,4,29,60.0,5.0,0.0,0.0
5,10.0,B,470.0,0.5336331010975199,10.771606548459477,4,30,60.0,5.0,0.0,0.0
5,10.0,B,470.0,0.5336331010975199,10.771606548459477,4,31,60.0,5.0,0.0,0.0
5,10.0,B,470.0,0.5336331010975199,10.771606548459477,4,32,60.0,5.0,0.0,0.0
5,10.0,B,470.0,0.5336331010975199,10.771606548459477,4,33,60.0,5.0,0.0,0.0
5,10.0,B,470.0,0.5336331010975199,10.771606548459477,4,34,60.0,5.0,0.0,0.0
5,10.0,B,470.0,0.5336331010975199,10.771606548459477,4,35,60.0,5.0,0.0,0.0
5,10.0,B,470.0,0.5336331010975199,10.771606548459477,5,0,60.0,5.0,0.0,0.0
5,10.0,B,470.0,0.5336331010975199,10.771606548459477,5,1,60.0,5.0,0.0,0.0
5,10.0,B,470.0,0.5336331010975199,10.771606548459477,5,2,60.0,5.0,0.0,0.0
5,10.0,B,470.0,0.5336331010975199,10.771606548459477,5,3,60.0,5.0,0.0,0.0
5,10.0,B,470.0,0.5336331010975199,10.771606548459477,5,4,60.0,5.0,0.0,0.0
5,10.0,B,470.0,0.5336331010975199,10.771606548459477,5,5,60.0,5.0,0.0,0.0
5,10.0,B,470.0,0.5336331010975199,10.771606548459477,5,6,60.0,5.0,0.011764705882352941,0.0345936127618576
5,10.0,B,470.0,0.5336331010975199,10.771606548459477,5,7,60.0,5.0,0.023529411764705882,0.049020040417914766
5,10.0,B,470.0,0.5336331010975199,10.771606548459477,5,8,60.0,5.0,0.0,0.0
5,10.0,B,470.0,0.5336331010975199,10.771606548459477,5,9,60.0,5.0,0.00392156862745098,0.01994638965273254
5,10.0,B,470.0,0.5336331010975199,10.771606548459477,5,10,60.0,5.0,0.0,0.0
5,10.0,B,470.0,0.5336331010975199,10.771606548459477,5,11,60.0,5.0,0.0,0.0
5,10.0,B,470.0,0.5336331010975199,10.771606548459477,5,12,60.0,5.0,0.0,0.0
5,10.0,B,470.0,0.5336331010975199,10.771606548459477,5,13,60.0,5.0,0.0,0.0
5,10.0,B,470.0,0.5336331010975199,10.771606548459477,5,14,60.0,5.0,0.0,0.0
5,10.0,B,470.0,0.5336331010975199,10.771606548459477,5,15,60.0,5.0,0.0,0.0
5,10.0,B,470.0,0.5336331010975199,10.771606548459477,5,16,60.0,5.0,0.0,0.0
5,10.0,B,470.0,0.5336331010975199,10.771606548459477,5,17,60.0,5.0,0.0,0.0
5,10.0,B,470.0,0.5336331010975199,10.771606548459477,5,18,60.0,5.0,0.0,0.0
5,10.0,B,470.0,0.5336331010975199,10.771606548459477,5,19,60.0,5.0,0.0,0.0
5,10.0,B,470.0,0.5336331010975199,10.771606548459477,5,20,60.0,5.0,0.0,0.0
5,10.0,B,470.0,0.5336331010975199,10.771606548459477,5,21,60.0,5.0,0.0,0.0
5,10.0,B,470.0,0.5336331010975199,10.771606548459477,5,22,60.0,5.0,0.0,0.0
5,10.0,B,470.0,0.5336331010975199,10.771606548459477,5,23,60.0,5.0,0.0,0.0
5,10.0,B,470.0,0.5336331010975199,10.771606548459477,5,24,60.0,5.0,0.0,0.0
5,10.0,B,470.0,0.5336331010975199,10.771606548459477,5,25,60.0,5.0,0.0,0.0
5,10.0,B,470.0,0.5336331010975199,10.771606548459477,5,26,60.0,5.0,0.0,0.0
5,10.0,B,470.0,0.5336331010975199,10.771606548459477,5,27,60.0,5.0,0.0,0.0
5,10.0,B,470.0,0.5336331010975199,10.771606548459477,5,28,60.0,5.0,0.0,0.0
5,10.0,B,470.0,0.5336331010975199,10.771606548459477,5,29,60.0,5.0,0.0,0.0
5,10.0,B,470.0,0.5336331010975199,10.771606548459477,5,30,60.0,5.0,0.0,0.0
5,10.0,B,470.0,0.5336331010975199,10.771606548459477,5,31,60.0,5.0,0.0,0.0
5,10.0,B,470.0,0.5336331010975199,10.771606548459477,5,32,60.0,5.0,0.0,0.0
5,10.0,B,470.0,0.5336331010975199,10.771606548459477,5,33,60.0,5.0,0.0,0.0
5,10.0,B,470.0,0.5336331010975199,10.771606548459477,5,34,60.0,5.0,0.0,0.0
5,10.0,B,470.0,0.5336331010975199,10.771606548459477,5,35,60.0,5.0,0.0,0.0
5,10.0,B,470.0,0.5336331010975199,10.771606548459477,6,0,60.0,5.0,0.0,0.0
5,10.0,B,470.0,0.5336331010975199,10.771606548459477,6,1,60.0,5.0,0.0,0.0
5,10.0,B,470.0,0.5336331010975199,10.771606548459477,6,2,60.0,5.0,0.0,0.0
5,10.0,B,470.0,0.5336331010975199,10.771606548459477,6,3,60.0,5.0,0.00392156862745098,0.01994638965273254
5,10.0,B,470.0,0.5336331010975199,10.771606548459477,6,4,60.0,5.0,0.0,0.0
5,10.0,B,470.0,0.5336331010975199,10.771606548459477,6,5,60.0,5.0,0.13725490196078433,0.12080655096397991
5,10.0,B,470.0,0.5336331010975199,10.771606548459477,6,6,60.0,5.0,0.08627450980392157,0.09489506791887806
5,10.0,B,470.0,0.5336331010975199,10.771606548459477,6,7,60.0,5.0,0.16470588235294117,0.1330208851941153
5,10.0,B,470.0,0.5336331010975199,10.771606548459477,6,8,60.0,5.0,0.08235294117647059,0.09264867732636439
5,10.0,B,470.0,0.5336331010975199,10.771606548459477,6,9,60.0,5.0,0.0,0.0
5,10.0,B,470.0,0.5336331010975199,10.771606548459477,6,10,60.0,5.0,0.0,0.0
5,10.0,B,470.0,0.5336331010975199,10.771606548459477,6,11,60.0,5.0,0.011764705882352941,0.0345936127618576
5,10.0,B,470.0,0.5336331010975199,10.771606548459477,6,12,60.0,5.0,0.23921568627450981,0.16267352538779695
5,10.0,B,470.0,0.5336331010975199,10.771606548459477,6,13,60.0,5.0,0.08627450980392157,0.09489506791887806
5,10.0,B,470.0,0.5336331010975199,10.771606548459477,6,14,60.0,5.0,0.047058823529411764,0.06960448727306395
5,10.0,B,470.0,0.5336331010975199,10.771606548459477,6,15,60.0,5.0,0.09803921568627451,0.10137157388840211
5,10.0,B,470.0,0.5336331010975199,10.771606548459477,6,16,60.0,5.0,0.3058823529411765,0.18654239242284085
5,10.0,B,470.0,0.5336331010975199,10.771606548459477,6,17,60.0,5.0,0.3137254901960784,0.18924192203775808
5,10.0,B,470.0,0.5336331010975199,10.771606548459477,6,18,60.0,5.0,0.21176470588235294,0.1522147678661474
5,10.0,B,470.0,0.5336331010975199,10.771606548459477,6,19,60.0,5.0,0.06666666666666667,0.08312898574059512
5,10.0,B,470.0,0.5336331010975199,10.771606548459477,6,20,60.0,5.0,0.19215686274509805,0.14443943567870407
5,10.0,B,470.0,0.5336331010975199,10.771606548459477,6,21,60.0,5.0,0.16470588235294117,0.1330208851941153
5,10.0,B,470.0,0.5336331010975199,10.771606548459477,6,22,60.0,5.0,0.0784313725490196,0.09035304440877327
5,10.0,B,470.0,0.5336331010975199,10.771606548459477,6,23,60.0,5.0,0.00784313725490196,0.028226977679718004
5,10.0,B,470.0,0.5336331010975199,10.771606548459477,6,24,60.0,5.0,0.09019607843137255,0.09709567612708571
5,10.0,B,470.0,0.5336331010975199,10.771606548459477,6,25,60.0,5.0,0.25098039215686274,0.16702677744422859
5,10.0,B,470.0,0.5336331010975199,10.771606548459477,6,26,60.0,5.0,0.3215686274509804,0.19192319169509703
5,10.0,B,470.0,0.5336331010975199,10.771606548459477,6,27,60.0,5.0,0.0,0.0
5,10.0,B,470.0,0.5336331010975199,10.771606548459477,6,28,60.0,5.0,0.00784313725490196,0.028226977679718004
5,10.0,B,470.0,0.5336331010975199,10.771606548459477,6,29,60.0,5.0,0.0,0.0
5,10.0,B,470.0,0.5336331010975199,10.771606548459477,6,30,60.0,5.0,0.0,0.0
5,10.0,B,470.0,0.5336331010975199,10.771606548459477,6,31,60.0,5.0,0.0,0.0
5,10.0,B,470.0,0.5336331010975199,10.771606548459477,6,32,60.0,5.0,0.0,0.0
5,10.0,B,470.0,0.5336331010975199,10.771606548459477,6,33,60.0,5.0,0.0,0.0
5,10.0,B,470.0,0.5336331010975199,10.771606548459477,6,34,60.0,5.0,0.0,0.0
5,10.0,B,470.0,0.5336331010975199,10.771606548459477,6,35,60.0,5.0,0.0,0.0
5,10.0,B,470.0,0.5336331010975199,10.771606548459477,7,0,60.0,5.0,0.0,0.0
5,10.0,B,470.0,0.5336331010975199,10.771606548459477,7,1,60.0,5.0,0.0,0.0
5,10.0,B,470.0,0.5336331010975199,10.771606548459477,7,2,60.0,5.0,0.0,0.0
5,10.0,B,470.0,0.5336331010975199,10.771606548459477,7,3,60.0,5.0,0.00392156862745098,0.01994638965273254
5,10.0,B,470.0,0.5336331010975199,10.771606548459477,7,4,60.0,5.0,0.00784313725490196,0.028226977679718004
5,10.0,B,470.0,0.5336331010975199,10.771606548459477,7,5,60.0,5.0,0.4549019607843137,0.23562531267856862
5,10.0,B,470.0,0.5336331010975199,10.771606548459477,7,6,60.0,5.0,0.5372549019607843,0.26186960369612183
5,10.0,B,470.0,0.5336331010975199,10.771606548459477,7,7,60.0,5.0,0.2823529411764706,0.17832219301287253
5,10.0,B,470.0,0.5336331010975199,10.771606548459477,7,8,60.0,5.0,0.2,0.1475836176504333
5,10.0,B,470.0,0.5336331010975199,10.771606548459477,7,9,60.0,5.0,0.07058823529411765,0.08559793231834631
5,10.0,B,470.0,0.5336331010975199,10.771606548459477,7,10,60.0,5.0,0.00784313725490196,0.028226977679718004
5,10.0,B,470.0,0.5336331010975199,10.771606548459477,7,11,60.0,5.0,0.01568627450980392,0.03997164583041206
5,10.0,B,470.0,0.5336331010975199,10.771606548459477,7,12,60.0,5.0,0.6392156862745098,0.294907240028141
5,10.0,B,470.0,0.5336331010975199,10.771606548459477,7,13,60.0,5.0,0.5882352941176471,0.2782340239492319
5,10.0,B,470.0,0.5336331010975199,10.771606548459477,7,14,60.0,5.0,0.5725490196078431,0.27317487906213705
5,10.0,B,470.0,0.5336331010975199,10.771606548459477,7,15,60.0,5.0,0.5137254901960784,0.25436950811775705
5,10.0,B,470.0,0.5336331010975199,10.771606548459477,7,16,60.0,5.0,0.49411764705882355,0.24812754570923665
5,10.0,B,470.0,0.5336331010975199,10.771606548459477,7,17,60.0,5.0,0.592156862745098,0.2795031214917875
5,10.0,B,470.0,0.5336331010975199,10.771606548459477,7,18,60.0,5.0,0.47843137254901963,0.24313236161726806
5,10.0,B,470.0,0.5336331010975199,10.771606548459477,7,19,60.0,5.0,0.5647058823529412,0.2706544493931912
5,10.0,B,470.0,0.5336331010975199,10.771606548459477,7,20,60.0,5.0,0.5803921568627451,0.2757011764274999
5,10.0,B,470.0,0.5336331010975199,10.771606548459477,7,21,60.0,5.0,0.4470588235294118,0.23311665261528658
5,10.0,B,470.0,0.5336331010975199,10.771606548459477,7,22,60.0,5.0,0.5450980392156862,0.2643746873214314
5,10.0,B,470.0,0.5336331010975199,10.771606548459477,7,23,60.0,5.0,0.17254901960784313,0.13635495410892096
5,10.0,B,470.0,0.5336331010975199,10.771606548459477,7,24,60.0,5.0,0.5019607843137255,0.2506241386314801
5,10.0,B,470.0,0.5336331010975199,10.771606548459477,7,25,60.0,5.0,0.5647058823529412,0.2706544493931912
5,10.0,B,470.0,0.5336331010975199,10.771606548459477,7,26,60.0,5.0,0.24313725490196078,0.1641324917521111
5,10.0,B,470.0,0.5336331010975199,10.771606548459477,7,27,60.0,5.0,0.0,0.0
5,10.0,B,470.0,0.5336331010975199,10.771606548459477,7,28,60.0,5.0,0.011764705882352941,0.0345936127618576
5,10.0,B,470.0,0.5336331010975199,10.771606548459477,7,29,60.0,5.0,0.00392156862745098,0.01994638965273254
5,10.0,B,470.0,0.5336331010975199,10.771606548459477,7,30,60.0,5.0,0.0,0.0
5,10.0,B,470.0,0.5336331010975199,10.771606548459477,7,31,60.0,5.0,0.0,0.0
5,10.0,B,470.0,0.5336331010975199,10.771606548459477,7,32,60.0,5.0,0.0,0.0
5,10.0,B,470.0,0.5336331010975199,10.771606548459477,7,33,60.0,5.0,0.0,0.0
5,10.0,B,470.0,0.5336331010975199,10.771606548459477,7,34,60.0,5.0,0.0,0.0
5,10.0,B,470.0,0.5336331010975199,10.771606548459477,7,35,60.0,5.0,0.0,0.0
5,10.0,B,470.0,0.5336331010975199,10.771606548459477,8,0,60.0,5.0,0.0,0.0
5,10.0,B,470.0,0.5336331010975199,10.771606548459477,8,1,60.0,5.0,0.00392156862745098,0.01994638965273254
5,10.0,B,470.0,0.5336331010975199,10.771606548459477,8,2,60.0,5.0,0.0,0.0
5,10.0,B,470.0,0.5336331010975199,10.771606548459477,8,3,60.0,5.0,0.06274509803921569,0.08059162758159863
5,10.0,B,470.0,0.5336331010975199,10.771606548459477,8,4,60.0,5.0,0.09411764705882353,0.09925358883323245
5,10.0,B,470.0,0.5336331010975199,10.771606548459477,8,5,60.0,5.0,0.592156862745098,0.2795031214917875
5,10.0,B,470.0,0.5336331010975199,10.771606548459477,8,6,60.0,5.0,0.8509803921568627,0.37384591793517896
5,10.0,B,470.0,0.5336331010975199,10.771606548459477,8,7,60.0,5.0,0.596078431372549,0.2807741196509589
5,10.0,B,470.0,0.5336331010975199,10.771606548459477,8,8,60.0,5.0,0.4745098039215686,0.24188269985040858
5,10.0,B,470.0,0.5336331010975199,10.771606548459477,8,9,60.0,5.0,0.27058823529411763,0.17413550547828363
5,10.0,B,470.0,0.5336331010975199,10.771606548459477,8,10,60.0,5.0,0.01568627450980392,0.03997164583041206
5,10.0,B,470.0,0.5336331010975199,10.771606548459477,8,11,60.0,5.0,0.058823529411764705,0.07797913037736934
5,10.0,B,470.0,0.5336331010975199,10.771606548459477,8,12,60.0,5.0,0.403921568627451,0.21922588034904109
5,10.0,B,470.0,0.5336331010975199,10.771606548459477,8,13,60.0,5.0,0.4235294117647059,0.2255627480278026
5,10.0,B,470.0,0.5336331010975199,10.771606548459477,8,14,60.0,5.0,0.4823529411764706,0.24438159985259414
5,10.0,B,470.0,0.5336331010975199,10.771606548459477,8,15,60.0,5.0,0.47058823529411764,0.2406325369904614
5,10.0,B,470.0,0.5336331010975199,10.771606548459477,8,16,60.0,5.0,0.44313725490196076,0.23186078127719867
5,10.0,B,470.0,0.5336331010975199,10.771606548459477,8,17,60.0,5.0,0.36470588235294116,0.20639090758999576
5,10.0,B,470.0,0.5336331010975199,10.771606548459477,8,18,60.0,5.0,0.3568627450980392,0.20379153547696685
5,10.0,B,470.0,0.5336331010975199,10.771606548459477,8,19,60.0,5.0,0.5215686274509804,0.25686763838273197
5,10.0,B,470.0,0.5336331010975199,10.771606548459477,8,20,60.0,5.0,0.3686274509803922,0.2076860858214986
5,10.0,B,470.0,0.5336331010975199,10.771606548459477,8,21,60.0,5.0,0.3764705882352941,0.2102679541390965
5,10.0,B,470.0,0.5336331010975199,10.771606548459477,8,22,60.0,5.0,0.41568627450980394,0.22303326182108058
5,10.0,B,470.0,0.5336331010975199,10.771606548459477,8,23,60.0,5.0,0.10196078431372549,0.10345212448837855
5,10.0,B,470.0,0.5336331010975199,10.771606548459477,8,24,60.0,5.0,0.43137254901960786,0.22808602713867193
5,10.0,B,470.0,0.5336331010975199,10.771606548459477,8,25,60.0,5.0,0.396078431372549,0.21667782097214075
5,10.0,B,470.0,0.5336331010975199,10.771606548459477,8,26,60.0,5.0,0.13725490196078433,0.12080655096397991
5,10.0,B,470.0,0.5336331010975199,10.771606548459477,8,27,60.0,5.0,0.00784313725490196,0.028226977679718004
5,10.0,B,470.0,0.5336331010975199,10.771606548459477,8,28,60.0,5.0,0.011764705882352941,0.0345936127618576
5,10.0,B,470.0,0.5336331010975199,10.771606548459477,8,29,60.0,5.0,0.0,0.0
5,10.0,B,470.0,0.5336331010975199,10.771606548459477,8,30,60.0,5.0,0.00784313725490196,0.028226977679718004
5,10.0,B,470.0,0.5336331010975199,10.771606548459477,8,31,60.0,5.0,0.00784313725490196,0.028226977679718004
5,10.0,B,470.0,0.5336331010975199,10.771606548459477,8,32,60.0,5.0,0.00392156862745098,0.01994638965273254
5,10.0,B,470.0,0.5336331010975199,10.771606548459477,8,33,60.0,5.0,0.0,0.0
5,10.0,B,470.0,0.5336331010975199,10.771606548459477,8,34,60.0,5.0,0.0,0.0
5,10.0,B,470.0,0.5336331010975199,10.771606548459477,8,35,60.0,5.0,0.0,0.0
5,10.0,B,470.0,0.5336331010975199,10.771606548459477,9,0,60.0,5.0,0.0,0.0
5,10.0,B,470.0,0.5336331010975199,10.771606548459477,9,1,60.0,5.0,0.00392156862745098,0.01994638965273254
5,10.0,B,470.0,0.5336331010975199,10.771606548459477,9,2,60.0,5.0,0.0,0.0
5,10.0,B,470.0,0.5336331010975199,10.771606548459477,9,3,60.0,5.0,0.08235294117647059,0.09264867732636439
5,10.0,B,470.0,0.5336331010975199,10.771606548459477,9,4,60.0,5.0,0.14901960784313725,0.12615408206482107
5,10.0,B,470.0,0.5336331010975199,10.771606548459477,9,5,60.0,5.0,0.27450980392156865,0.17553721581099607
5,10.0,B,470.0,0.5336331010975199,10.771606548459477,9,6,60.0,5.0,0.26666666666666666,0.1727273908759613
5,10.0,B,470.0,0.5336331010975199,10.771606548459477,9,7,60.0,5.0,0.3411764705882353,0.19855364304052628
5,10.0,B,470.0,0.5336331010975199,10.771606548459477,9,8,60.0,5.0,0.43137254901960786,0.22808602713867193
5,10.0,B,470.0,0.5336331010975199,10.771606548459477,9,9,60.0,5.0,0.2980392156862745,0.18382343133011075
5,10.0,B,470.0,0.5336331010975199,10.771606548459477,9,10,60.0,5.0,0.08235294117647059,0.09264867732636439
5,10.0,B,470.0,0.5336331010975199,10.771606548459477,9,11,60.0,5.0,0.0196078431372549,0.04471926097515774
5,10.0,B,470.0,0.5336331010975199,10.771606548459477,9,12,60.0,5.0,0.0,0.0
5,10.0,B,470.0,0.5336331010975199,10.771606548459477,9,13,60.0,5.0,0.0,0.0
5,10.0,B,470.0,0.5336331010975199,10.771606548459477,9,14,60.0,5.0,0.0,0.0
5,10.0,B,470.0,0.5336331010975199,10.771606548459477,9,15,60.0,5.0,0.0,0.0
5,10.0,B,470.0,0.5336331010975199,10.771606548459477,9,16,60.0,5.0,0.0,0.0
5,10.0,B,470.0,0.5336331010975199,10.771606548459477,9,17,60.0,5.0,0.06666666666666667,0.08312898574059512
5,10.0,B,470.0,0.5336331010975199,10.771606548459477,9,18,60.0,5.0,0.058823529411764705,0.07797913037736934
5,10.0,B,470.0,0.5336331010975199,10.771606548459477,9,19,60.0,5.0,0.0,0.0
5,10.0,B,470.0,0.5336331010975199,10.771606548459477,9,20,60.0,5.0,0.0,0.0
5,10.0,B,470.0,0.5336331010975199,10.771606548459477,9,21,60.0,5.0,0.0392156862745098,0.06345418699423495
5,10.0,B,470.0,0.5336331010975199,10.771606548459477,9,22,60.0,5.0,0.023529411764705882,0.049020040417914766
5,10.0,B,470.0,0.5336331010975199,10.771606548459477,9,23,60.0,5.0,0.0,0.0
5,10.0,B,470.0,0.5336331010975199,10.771606548459477,9,24,60.0,5.0,0.023529411764705882,0.049020040417914766
5,10.0,B,470.0,0.5336331010975199,10.771606548459477,9,25,60.0,5.0,0.0,0.0
5,10.0,B,470.0,0.5336331010975199,10.771606548459477,9,26,60.0,5.0,0.0,0.0
5,10.0,B,470.0,0.5336331010975199,10.771606548459477,9,27,60.0,5.0,0.0,0.0
5,10.0,B,470.0,0.5336331010975199,10.771606548459477,9,28,60.0,5.0,0.0,0.0
5,10.0,B,470.0,0.5336331010975199,10.771606548459477,9,29,60.0,5.0,0.047058823529411764,0.06960448727306395
5,10.0,B,470.0,0.5336331010975199,10.771606548459477,9,30,60.0,5.0,0.0,0.0
5,10.0,B,470.0,0.5336331010975199,10.771606548459477,9,31,60.0,5.0,0.0,0.0
5,10.0,B,470.0,0.5336331010975199,10.771606548459477,9,32,60.0,5.0,0.0,0.0
5,10.0,B,470.0,0.5336331010975199,10.771606548459477,9,33,60.0,5.0,0.0,0.0
5,10.0,B,470.0,0.5336331010975199,10.771606548459477,9,34,60.0,5.0,0.0,0.0
5,10.0,B,470.0,0.5336331010975199,10.771606548459477,9,35,60.0,5.0,0.0,0.0
5,10.0,B,470.0,0.5336331010975199,10.771606548459477,10,0,60.0,5.0,0.0,0.0
5,10.0,B,470.0,0.5336331010975199,10.771606548459477,10,1,60.0,5.0,0.00392156862745098,0.01994638965273254
5,10.0,B,470.0,0.5336331010975199,10.771606548459477,10,2,60.0,5.0,0.0,0.0
5,10.0,B,470.0,0.5336331010975199,10.771606548459477,10,3,60.0,5.0,0.058823529411764705,0.07797913037736934
5,10.0,B,470.0,0.5336331010975199,10.771606548459477,10,4,60.0,5.0,0.2980392156862745,0.18382343133011075
5,10.0,B,470.0,0.5336331010975199,10.771606548459477,10,5,60.0,5.0,0.27058823529411763,0.17413550547828363
5,10.0,B,470.0,0.5336331010975199,10.771606548459477,10,6,60.0,5.0,0.19607843137254902,0.14601747052853942
5,10.0,B,470.0,0.5336331010975199,10.771606548459477,10,7,60.0,5.0,0.15294117647058825,0.12789737021175648
5,10.0,B,470.0,0.5336331010975199,10.771606548459477,10,8,60.0,5.0,0.06666666666666667,0.08312898574059512
5,10.0,B,470.0,0.5336331010975199,10.771606548459477,10,9,60.0,5.0,0.12549019607843137,0.11526243188745809
5,10.0,B,470.0,0.5336331010975199,10.771606548459477,10,10,60.0,5.0,0.0784313725490196,0.09035304440877327
5,10.0,B,470.0,0.5336331010975199,10.771606548459477,10,11,60.0,5.0,0.0392156862745098,0.06345418699423495
5,10.0,B,470.0,0.5336331010975199,10.771606548459477,10,12,60.0,5.0,0.3215686274509804,0.19192319169509703
5,10.0,B,470.0,0.5336331010975199,10.771606548459477,10,13,60.0,5.0,0.3058823529411765,0.18654239242284085
5,10.0,B,470.0,0.5336331010975199,10.771606548459477,10,14,60.0,5.0,0.23137254901960785,0.1597306585446781
5,10.0,B,470.0,0.5336331010975199,10.771606548459477,10,15,60.0,5.0,0.24313725490196078,0.1641324917521111
5,10.0,B,470.0,0.5336331010975199,10.771606548459477,10,16,60.0,5.0,0.2627450980392157,0.17131267163863242
5,10.0,B,470.0,0.5336331010975199,10.771606548459477,10,17,60.0,5.0,0.5411764705882353,0.26312173822002455
5,10.0,B,470.0,0.5336331010975199,10.771606548459477,10,18,60.0,5.0,0.3215686274509804,0.19192319169509703
5,10.0,B,470.0,0.5336331010975199,10.771606548459477,10,19,60.0,5.0,0.19607843137254902,0.14601747052853942
5,10.0,B,470.0,0.5336331010975199,10.771606548459477,10,20,60.0,5.0,0.2627450980392157,0.17131267163863242
5,10.0,B,470.0,0.5336331010975199,10.771606548459477,10,21,60.0,5.0,0.3176470588235294,0.19058476853837517
5,10.0,B,470.0,0.5336331010975199,10.771606548459477,10,22,60.0,5.0,0.18823529411764706,0.1428490794319283
5,10.0,B,470.0,0.5336331010975199,10.771606548459477,10,23,60.0,5.0,0.4549019607843137,0.23562531267856862
5,10.0,B,470.0,0.5336331010975199,10.771606548459477,10,24,60.0,5.0,0.42745098039215684,0.22682512093786292
5,10.0,B,470.0,0.5336331010975199,10.771606548459477,10,25,60.0,5.0,0.24705882352941178,0.16558349319631221
5,10.0,B,470.0,0.5336331010975199,10.771606548459477,10,26,60.0,5.0,0.13333333333333333,0.11898174462796458
5,10.0,B,470.0,0.5336331010975199,10.771606548459477,10,27,60.0,5.0,0.18823529411764706,0.1428490794319283
5,10.0,B,470.0,0.5336331010975199,10.771606548459477,10,28,60.0,5.0,0.20784313725490197,0.15068188153318207
5,10.0,B,470.0,0.5336331010975199,10.771606548459477,10,29,60.0,5.0,0.30196078431372547,0.1851854165236684
5,10.0,B,470.0,0.5336331010975199,10.771606548459477,10,30,60.0,5.0,0.19215686274509805,0.14443943567870407
5,10.0,B,470.0,0.5336331010975199,10.771606548459477,10,31,60.0,5.0,0.23529411764705882,0.1612063368033418
5,10.0,B,470.0,0.5336331010975199,10.771606548459477,10,32,60.0,5.0,0.09411764705882353,0.09925358883323245
5,10.0,B,470.0,0.5336331010975199,10.771606548459477,10,33,60.0,5.0,0.0,0.0
5,10.0,B,470.0,0.5336331010975199,10.771606548459477,10,34,60.0,5.0,0.00392156862745098,0.01994638965273254
5,10.0,B,470.0,0.5336331010975199,10.771606548459477,10,35,60.0,5.0,0.0,0.0
5,10.0,B,470.0,0.5336331010975199,10.771606548459477,11,0,60.0,5.0,0.0,0.0
5,10.0,B,470.0,0.5336331010975199,10.771606548459477,11,1,60.0,5.0,0.0,0.0
5,10.0,B,470.0,0.5336331010975199,10.771606548459477,11,2,60.0,5.0,0.00392156862745098,0.01994638965273254
5,10.0,B,470.0,0.5336331010975199,10.771606548459477,11,3,60.0,5.0,0.0,0.0
5,10.0,B,470.0,0.5336331010975199,10.771606548459477,11,4,60.0,5.0,0.0784313725490196,0.09035304440877327
5,10.0,B,470.0,0.5336331010975199,10.771606548459477,11,5,60.0,5.0,0.22745098039215686,0.15824621238176176
5,10.0,B,470.0,0.5336331010975199,10.771606548459477,11,6,60.0,5.0,0.11372549019607843,0.10949071206008622
5,10.0,B,470.0,0.5336331010975199,10.771606548459477,11,7,60.0,5.0,0.16862745098039217,0.1346956468623352
5,10.0,B,470.0,0.5336331010975199,10.771606548459477,11,8,60.0,5.0,0.17254901960784313,0.13635495410892096
5,10.0,B,470.0,0.5336331010975199,10.771606548459477,11,9,60.0,5.0,0.15294117647058825,0.12789737021175648
5,10.0,B,470.0,0.5336331010975199,10.771606548459477,11,10,60.0,5.0,0.11372549019607843,0.10949071206008622
5,10.0,B,470.0,0.5336331010975199,10.771606548459477,11,11,60.0,5.0,0.00392156862745098,0.01994638965273254
5,10.0,B,470.0,0.5336331010975199,10.771606548459477,11,12,60.0,5.0,0.5529411764705883,0.2668833473847134
5,10.0,B,470.0,0.5336331010975199,10.771606548459477,11,13,60.0,5.0,0.6588235294117647,0.3014463569594737
5,10.0,B,470.0,0.5336331010975199,10.771606548459477,11,14,60.0,5.0,0.596078431372549,0.2807741196509589
5,10.0,B,470.0,0.5336331010975199,10.771606548459477,11,15,60.0,5.0,0.6078431372549019,0.28459942396084814
5,10.0,B,470.0,0.5336331010975199,10.771606548459477,11,16,60.0,5.0,0.6039215686274509,0.2833221790278593
5,10.0,B,470.0,0.5336331010975199,10.771606548459477,11,17,60.0,5.0,0.5215686274509804,0.25686763838273197
5,10.0,B,470.0,0.5336331010975199,10.771606548459477,11,18,60.0,5.0,0.5764705882352941,0.27443725197219737
5,10.0,B,470.0,0.5336331010975199,10.771606548459477,11,19,60.0,5.0,0.5803921568627451,0.2757011764274999
5,10.0,B,470.0,0.5336331010975199,10.771606548459477,11,20,60.0,5.0,0.5843137254901961,0.2769667381789195
5,10.0,B,470.0,0.5336331010975199,10.771606548459477,11,21,60.0,5.0,0.3215686274509804,0.19192319169509703
5,10.0,B,470.0,0.5336331010975199,10.771606548459477,11,22,60.0,5.0,0.29411764705882354,0.18245628008006537
5,10.0,B,470.0,0.5336331010975199,10.771606548459477,11,23,60.0,5.0,0.5411764705882353,0.26312173822002455
5,10.0,B,470.0,0.5336331010975199,10.771606548459477,11,24,60.0,5.0,0.4745098039215686,0.24188269985040858
5,10.0,B,470.0,0.5336331010975199,10.771606548459477,11,25,60.0,5.0,0.49411764705882355,0.24812754570923665
5,10.0,B,470.0,0.5336331010975199,10.771606548459477,11,26,60.0,5.0,0.4745098039215686,0.24188269985040858
5,10.0,B,470.0,0.5336331010975199,10.771606548459477,11,27,60.0,5.0,0.4745098039215686,0.24188269985040858
5,10.0,B,470.0,0.5336331010975199,10.771606548459477,11,28,60.0,5.0,0.4549019607843137,0.23562531267856862
5,10.0,B,470.0,0.5336331010975199,10.771606548459477,11,29,60.0,5.0,0.5137254901960784,0.25436950811775705
5,10.0,B,470.0,0.5336331010975199,10.771606548459477,11,30,60.0,5.0,0.396078431372549,0.21667782097214075
5,10.0,B,470.0,0.5336331010975199,10.771606548459477,11,31,60.0,5.0,0.43137254901960786,0.22808602713867193
5,10.0,B,470.0,0.5336331010975199,10.771606548459477,11,32,60.0,5.0,0.3137254901960784,0.18924192203775808
5,10.0,B,470.0,0.5336331010975199,10.771606548459477,11,33,60.0,5.0,0.0,0.0
5,10.0,B,470.0,0.5336331010975199,10.771606548459477,11,34,60.0,5.0,0.00784313725490196,0.028226977679718004
5,10.0,B,470.0,0.5336331010975199,10.771606548459477,11,35,60.0,5.0,0.0,0.0
5,10.0,B,470.0,0.5336331010975199,10.771606548459477,12,0,60.0,5.0,0.0,0.0
5,10.0,B,470.0,0.5336331010975199,10.771606548459477,12,1,60.0,5.0,0.0,0.0
5,10.0,B,470.0,0.5336331010975199,10.771606548459477,12,2,60.0,5.0,0.0,0.0
5,10.0,B,470.0,0.5336331010975199,10.771606548459477,12,3,60.0,5.0,0.00392156862745098,0.01994638965273254
5,10.0,B,470.0,0.5336331010975199,10.771606548459477,12,4,60.0,5.0,0.0,0.0
5,10.0,B,470.0,0.5336331010975199,10.771606548459477,12,5,60.0,5.0,0.03529411764705882,0.060157486757451334
5,10.0,B,470.0,0.5336331010975199,10.771606548459477,12,6,60.0,5.0,0.30980392156862746,0.18789451147862046
5,10.0,B,470.0,0.5336331010975199,10.771606548459477,12,7,60.0,5.0,0.10980392156862745,0.10750973625166191
5,10.0,B,470.0,0.5336331010975199,10.771606548459477,12,8,60.0,5.0,0.07450980392156863,0.08800426979263411
5,10.0,B,470.0,0.5336331010975199,10.771606548459477,12,9,60.0,5.0,0.13333333333333333,0.11898174462796458
5,10.0,B,470.0,0.5336331010975199,10.771606548459477,12,10,60.0,5.0,0.01568627450980392,0.03997164583041206
5,10.0,B,470.0,0.5336331010975199,10.771606548459477,12,11,60.0,5.0,0.03529411764705882,0.060157486757451334
5,10.0,B,470.0,0.5336331010975199,10.771606548459477,12,12,60.0,5.0,0.25882352941176473,0.16989114055384089
5,10.0,B,470.0,0.5336331010975199,10.771606548459477,12,13,60.0,5.0,0.4392156862745098,0.23060377451347597
5,10.0,B,470.0,0.5336331010975199,10.771606548459477,12,14,60.0,5.0,0.4117647058823529,0.22176597605076812
5,10.0,B,470.0,0.5336331010975199,10.771606548459477,12,15,60.0,5.0,0.403921568627451,0.21922588034904109
5,10.0,B,470.0,0.5336331010975199,10.771606548459477,12,16,60.0,5.0,0.3137254901960784,0.18924192203775808
5,10.0,B,470.0,0.5336331010975199,10.771606548459477,12,17,60.0,5.0,0.23921568627450981,0.16267352538779695
5,10.0,B,470.0,0.5336331010975199,10.771606548459477,12,18,60.0,5.0,0.25882352941176473,0.16989114055384089
5,10.0,B,470.0,0.5336331010975199,10.771606548459477,12,19,60.0,5.0,0.2784313725490196,0.17693271574931582
5,10.0,B,470.0,0.5336331010975199,10.771606548459477,12,20,60.0,5.0,0.3137254901960784,0.18924192203775808
5,10.0,B,470.0,0.5336331010975199,10.771606548459477,12,21,60.0,5.0,0.20784313725490197,0.15068188153318207
5,10.0,B,470.0,0.5336331010975199,10.771606548459477,12,22,60.0,5.0,0.1803921568627451,0.13962955546331615
5,10.0,B,470.0,0.5336331010975199,10.771606548459477,12,23,60.0,5.0,0.11372549019607843,0.10949071206008622
5,10.0,B,470.0,0.5336331010975199,10.771606548459477,12,24,60.0,5.0,0.20392156862745098,0.14913829006235088
5,10.0,B,470.0,0.5336331010975199,10.771606548459477,12,25,60.0,5.0,0.2549019607843137,0.1684625831810239
5,10.0,B,470.0,0.5336331010975199,10.771606548459477,12,26,60.0,5.0,0.3568627450980392,0.20379153547696685
5,10.0,B,470.0,0.5336331010975199,10.771606548459477,12,27,60.0,5.0,0.22745098039215686,0.15824621238176176
5,10.0,B,470.0,0.5336331010975199,10.771606548459477,12,28,60.0,5.0,0.35294117647058826,0.2024871245093228
5,10.0,B,470.0,0.5336331010975199,10.771606548459477,12,29,60.0,5.0,0.28627450980392155,0.17970582947972352
5,10.0,B,470.0,0.5336331010975199,10.771606548459477,12,30,60.0,5.0,0.29411764705882354,0.18245628008006537
5,10.0,B,470.0,0.5336331010975199,10.771606548459477,12,31,60.0,5.0,0.3176470588235294,0.19058476853837517
5,10.0,B,470.0,0.5336331010975199,10.771606548459477,12,32,60.0,5.0,0.27450980392156865,0.17553721581099607
5,10.0,B,470.0,0.5336331010975199,10.771606548459477,12,33,60.0,5.0,0.0,0.0
5,10.0,B,470.0,0.5336331010975199,10.771606548459477,12,34,60.0,5.0,0.00784313725490196,0.028226977679718004
5,10.0,B,470.0,0.5336331010975199,10.771606548459477,12,35,60.0,5.0,0.0,0.0
5,10.0,B,470.0,0.5336331010975199,10.771606548459477,13,0,60.0,5.0,0.0,0.0
5,10.0,B,470.0,0.5336331010975199,10.771606548459477,13,1,60.0,5.0,0.0,0.0
5,10.0,B,470.0,0.5336331010975199,10.771606548459477,13,2,60.0,5.0,0.0,0.0
5,10.0,B,470.0,0.5336331010975199,10.771606548459477,13,3,60.0,5.0,0.0,0.0
5,10.0,B,470.0,0.5336331010975199,10.771606548459477,13,4,60.0,5.0,0.00392156862745098,0.01994638965273254
5,10.0,B,470.0,0.5336331010975199,10.771606548459477,13,5,60.0,5.0,0.01568627450980392,0.03997164583041206
5,10.0,B,470.0,0.5336331010975199,10.771606548459477,13,6,60.0,5.0,0.0392156862745098,0.06345418699423495
5,10.0,B,470.0,0.5336331010975199,10.771606548459477,13,7,60.0,5.0,0.0,0.0
5,10.0,B,470.0,0.5336331010975199,10.771606548459477,13,8,60.0,5.0,0.023529411764705882,0.049020040417914766
5,10.0,B,470.0,0.5336331010975199,10.771606548459477,13,9,60.0,5.0,0.03529411764705882,0.060157486757451334
5,10.0,B,470.0,0.5336331010975199,10.771606548459477,13,10,60.0,5.0,0.0,0.0
5,10.0,B,470.0,0.5336331010975199,10.771606548459477,13,11,60.0,5.0,0.0,0.0
5,10.0,B,470.0,0.5336331010975199,10.771606548459477,13,12,60.0,5.0,0.0,0.0
5,10.0,B,470.0,0.5336331010975199,10.771606548459477,13,13,60.0,5.0,0.00392156862745098,0.01994638965273254
5,10.0,B,470.0,0.5336331010975199,10.771606548459477,13,14,60.0,5.0,0.0196078431372549,0.04471926097515774
5,10.0,B,470.0,0.5336331010975199,10.771606548459477,13,15,60.0,5.0,0.043137254901960784,0.06659618536329842
5,10.0,B,470.0,0.5336331010975199,10.771606548459477,13,16,60.0,5.0,0.0,0.0
5,10.0,B,470.0,0.5336331010975199,10.771606548459477,13,17,60.0,5.0,0.0,0.0
5,10.0,B,470.0,0.5336331010975199,10.771606548459477,13,18,60.0,5.0,0.0,0.0
5,10.0,B,470.0,0.5336331010975199,10.771606548459477,13,19,60.0,5.0,0.0,0.0
5,10.0,B,470.0,0.5336331010975199,10.771606548459477,13,20,60.0,5.0,0.0,0.0
5,10.0,B,470.0,0.5336331010975199,10.771606548459477,13,21,60.0,5.0,0.0,0.0
5,10.0,B,470.0,0.5336331010975199,10.771606548459477,13,22,60.0,5.0,0.0,0.0
5,10.0,B,470.0,0.5336331010975199,10.771606548459477,13,23,60.0,5.0,0.0,0.0
5,10.0,B,470.0,0.5336331010975199,10.771606548459477,13,24,60.0,5.0,0.0,0.0
5,10.0,B,470.0,0.5336331010975199,10.771606548459477,13,25,60.0,5.0,0.0,0.0
5,10.0,B,470.0,0.5336331010975199,10.771606548459477,13,26,60.0,5.0,0.08627450980392157,0.09489506791887806
5,10.0,B,470.0,0.5336331010975199,10.771606548459477,13,27,60.0,5.0,0.01568627450980392,0.03997164583041206
5,10.0,B,470.0,0.5336331010975199,10.771606548459477,13,28,60.0,5.0,0.0,0.0
5,10.0,B,470.0,0.5336331010975199,10.771606548459477,13,29,60.0,5.0,0.0,0.0
5,10.0,B,470.0,0.5336331010975199,10.771606548459477,13,30,60.0,5.0,0.0,0.0
5,10.0,B,470.0,0.5336331010975199,10.771606548459477,13,31,60.0,5.0,0.00392156862745098,0.01994638965273254
5,10.0,B,470.0,0.5336331010975199,10.771606548459477,13,32,60.0,5.0,0.0,0.0
5,10.0,B,470.0,0.5336331010975199,10.771606548459477,13,33,60.0,5.0,0.0,0.0
5,10.0,B,470.0,0.5336331010975199,10.771606548459477,13,34,60.0,5.0,0.0,0.0
5,10.0,B,470.0,0.5336331010975199,10.771606548459477,13,35,60.0,5.0,0.0,0.0
5,10.0,B,470.0,0.5336331010975199,10.771606548459477,14,0,60.0,5.0,0.0,0.0
5,10.0,B,470.0,0.5336331010975199,10.771606548459477,14,1,60.0,5.0,0.0,0.0
5,10.0,B,470.0,0.5336331010975199,10.771606548459477,14,2,60.0,5.0,0.0,0.0
5,10.0,B,470.0,0.5336331010975199,10.771606548459477,14,3,60.0,5.0,0.0,0.0
5,10.0,B,470.0,0.5336331010975199,10.771606548459477,14,4,60.0,5.0,0.0,0.0
5,10.0,B,470.0,0.5336331010975199,10.771606548459477,14,5,60.0,5.0,0.0,0.0
5,10.0,B,470.0,0.5336331010975199,10.771606548459477,14,6,60.0,5.0,0.0,0.0
5,10.0,B,470.0,0.5336331010975199,10.771606548459477,14,7,60.0,5.0,0.0,0.0
5,10.0,B,470.0,0.5336331010975199,10.771606548459477,14,8,60.0,5.0,0.0,0.0
5,10.0,B,470.0,0.5336331010975199,10.771606548459477,14,9,60.0,5.0,0.0,0.0
5,10.0,B,470.0,0.5336331010975199,10.771606548459477,14,10,60.0,5.0,0.0,0.0
5,10.0,B,470.0,0.5336331010975199,10.771606548459477,14,11,60.0,5.0,0.0,0.0
5,10.0,B,470.0,0.5336331010975199,10.771606548459477,14,12,60.0,5.0,0.00784313725490196,0.028226977679718004
5,10.0,B,470.0,0.5336331010975199,10.771606548459477,14,13,60.0,5.0,0.0,0.0
5,10.0,B,470.0,0.5336331010975199,10.771606548459477,14,14,60.0,5.0,0.0,0.0
5,10.0,B,470.0,0.5336331010975199,10.771606548459477,14,15,60.0,5.0,0.0,0.0
5,10.0,B,470.0,0.5336331010975199,10.771606548459477,14,16,60.0,5.0,0.00392156862745098,0.01994638965273254
5,10.0,B,470.0,0.5336331010975199,10.771606548459477,14,17,60.0,5.0,0.00784313725490196,0.028226977679718004
5,10.0,B,470.0,0.5336331010975199,10.771606548459477,14,18,60.0,5.0,0.00784313725490196,0.028226977679718004
5,10.0,B,470.0,0.5336331010975199,10.771606548459477,14,19,60.0,5.0,0.00392156862745098,0.01994638965273254
5,10.0,B,470.0,0.5336331010975199,10.771606548459477,14,20,60.0,5.0,0.00784313725490196,0.028226977679718004
5,10.0,B,470.0,0.5336331010975199,10.771606548459477,14,21,60.0,5.0,0.00392156862745098,0.01994638965273254
5,10.0,B,470.0,0.5336331010975199,10.771606548459477,14,22,60.0,5.0,0.00392156862745098,0.01994638965273254
5,10.0,B,470.0,0.5336331010975199,10.771606548459477,14,23,60.0,5.0,0.00392156862745098,0.01994638965273254
5,10.0,B,470.0,0.5336331010975199,10.771606548459477,14,24,60.0,5.0,0.00392156862745098,0.01994638965273254
5,10.0,B,470.0,0.5336331010975199,10.771606548459477,14,25,60.0,5.0,0.00392156862745098,0.01994638965273254
5,10.0,B,470.0,0.5336331010975199,10.771606548459477,14,26,60.0,5.0,0.0,0.0
5,10.0,B,470.0,0.5336331010975199,10.771606548459477,14,27,60.0,5.0,0.0,0.0
5,10.0,B,470.0,0.5336331010975199,10.771606548459477,14,28,60.0,5.0,0.00392156862745098,0.01994638965273254
5,10.0,B,470.0,0.5336331010975199,10.771606548459477,14,29,60.0,5.0,0.00784313725490196,0.028226977679718004
5,10.0,B,470.0,0.5336331010975199,10.771606548459477,14,30,60.0,5.0,0.00392156862745098,0.01994638965273254
5,10.0,B,470.0,0.5336331010975199,10.771606548459477,14,31,60.0,5.0,0.0,0.0
5,10.0,B,470.0,0.5336331010975199,10.771606548459477,14,32,60.0,5.0,0.00392156862745098,0.01994638965273254
5,10.0,B,470.0,0.5336331010975199,10.771606548459477,14,33,60.0,5.0,0.0,0.0
5,10.0,B,470.0,0.5336331010975199,10.771606548459477,14,34,60.0,5.0,0.0,0.0
5,10.0,B,470.0,0.5336331010975199,10.771606548459477,14,35,60.0,5.0,0.0,0.0
5,10.0,B,470.0,0.5336331010975199,10.771606548459477,15,0,60.0,5.0,0.0,0.0
5,10.0,B,470.0,0.5336331010975199,10.771606548459477,15,1,60.0,5.0,0.0,0.0
5,10.0,B,470.0,0.5336331010975199,10.771606548459477,15,2,60.0,5.0,0.0,0.0
5,10.0,B,470.0,0.5336331010975199,10.771606548459477,15,3,60.0,5.0,0.0,0.0
5,10.0,B,470.0,0.5336331010975199,10.771606548459477,15,4,60.0,5.0,0.0,0.0
5,10.0,B,470.0,0.5336331010975199,10.771606548459477,15,5,60.0,5.0,0.0,0.0
5,10.0,B,470.0,0.5336331010975199,10.771606548459477,15,6,60.0,5.0,0.00392156862745098,0.01994638965273254
5,10.0,B,470.0,0.5336331010975199,10.771606548459477,15,7,60.0,5.0,0.0,0.0
5,10.0,B,470.0,0.5336331010975199,10.771606548459477,15,8,60.0,5.0,0.0,0.0
5,10.0,B,470.0,0.5336331010975199,10.771606548459477,15,9,60.0,5.0,0.0,0.0
5,10.0,B,470.0,0.5336331010975199,10.771606548459477,15,10,60.0,5.0,0.0,0.0
5,10.0,B,470.0,0.5336331010975199,10.771606548459477,15,11,60.0,5.0,0.0,0.0
5,10.0,B,470.0,0.5336331010975199,10.771606548459477,15,12,60.0,5.0,0.0,0.0
5,10.0,B,470.0,0.5336331010975199,10.771606548459477,15,13,60.0,5.0,0.0,0.0
5,10.0,B,470.0,0.5336331010975199,10.771606548459477,15,14,60.0,5.0,0.00392156862745098,0.01994638965273254
5,10.0,B,470.0,0.5336331010975199,10.771606548459477,15,15,60.0,5.0,0.00392156862745098,0.01994638965273254
5,10.0,B,470.0,0.5336331010975199,10.771606548459477,15,16,60.0,5.0,0.0,0.0
5,10.0,B,470.0,0.5336331010975199,10.771606548459477,15,17,60.0,5.0,0.0,0.0
5,10.0,B,470.0,0.5336331010975199,10.771606548459477,15,18,60.0,5.0,0.0,0.0
5,10.0,B,470.0,0.5336331010975199,10.771606548459477,15,19,60.0,5.0,0.0,0.0
5,10.0,B,470.0,0.5336331010975199,10.771606548459477,15,20,60.0,5.0,0.0,0.0
5,10.0,B,470.0,0.5336331010975199,10.771606548459477,15,21,60.0,5.0,0.0,0.0
5,10.0,B,470.0,0.5336331010975199,10.771606548459477,15,22,60.0,5.0,0.0,0.0
5,10.0,B,470.0,0.5336331010975199,10.771606548459477,15,23,60.0,5.0,0.0,0.0
5,10.0,B,470.0,0.5336331010975199,10.771606548459477,15,24,60.0,5.0,0.0,0.0
5,10.0,B,470.0,0.5336331010975199,10.771606548459477,15,25,60.0,5.0,0.0,0.0
5,10.0,B,470.0,0.5336331010975199,10.771606548459477,15,26,60.0,5.0,0.00392156862745098,0.01994638965273254
5,10.0,B,470.0,0.5336331010975199,10.771606548459477,15,27,60.0,5.0,0.0,0.0
5,10.0,B,470.0,0.5336331010975199,10.771606548459477,15,28,60.0,5.0,0.0,0.0
5,10.0,B,470.0,0.5336331010975199,10.771606548459477,15,29,60.0,5.0,0.0,0.0
5,10.0,B,470.0,0.5336331010975199,10.771606548459477,15,30,60.0,5.0,0.0,0.0
5,10.0,B,470.0,0.5336331010975199,10.771606548459477,15,31,60.0,5.0,0.0,0.0
5,10.0,B,470.0,0.5336331010975199,10.771606548459477,15,32,60.0,5.0,0.0,0.0
5,10.0,B,470.0,0.5336331010975199,10.771606548459477,15,33,60.0,5.0,0.0,0.0
5,10.0,B,470.0,0.5336331010975199,10.771606548459477,15,34,60.0,5.0,0.0,0.0
5,10.0,B,470.0,0.5336331010975199,10.771606548459477,15,35,60.0,5.0,0.0,0.0
5,10.0,B,470.0,0.5336331010975199,10.771606548459477,16,0,60.0,5.0,0.0,0.0
5,10.0,B,470.0,0.5336331010975199,10.771606548459477,16,1,60.0,5.0,0.0,0.0
5,10.0,B,470.0,0.5336331010975199,10.771606548459477,16,2,60.0,5.0,0.0,0.0
5,10.0,B,470.0,0.5336331010975199,10.771606548459477,16,3,60.0,5.0,0.0,0.0
5,10.0,B,470.0,0.5336331010975199,10.771606548459477,16,4,60.0,5.0,0.0,0.0
5,10.0,B,470.0,0.5336331010975199,10.771606548459477,16,5,60.0,5.0,0.0,0.0
5,10.0,B,470.0,0.5336331010975199,10.771606548459477,16,6,60.0,5.0,0.0,0.0
5,10.0,B,470.0,0.5336331010975199,10.771606548459477,16,7,60.0,5.0,0.0,0.0
5,10.0,B,470.0,0.5336331010975199,10.771606548459477,16,8,60.0,5.0,0.0,0.0
5,10.0,B,470.0,0.5336331010975199,10.771606548459477,16,9,60.0,5.0,0.0,0.0
5,10.0,B,470.0,0.5336331010975199,10.771606548459477,16,10,60.0,5.0,0.0,0.0
5,10.0,B,470.0,0.5336331010975199,10.771606548459477,16,11,60.0,5.0,0.0,0.0
5,10.0,B,470.0,0.5336331010975199,10.771606548459477,16,12,60.0,5.0,0.0,0.0
5,10.0,B,470.0,0.5336331010975199,10.771606548459477,16,13,60.0,5.0,0.0,0.0
5,10.0,B,470.0,0.5336331010975199,10.771606548459477,16,14,60.0,5.0,0.0,0.0
5,10.0,B,470.0,0.5336331010975199,10.771606548459477,16,15,60.0,5.0,0.0,0.0
5,10.0,B,470.0,0.5336331010975199,10.771606548459477,16,16,60.0,5.0,0.0,0.0
5,10.0,B,470.0,0.5336331010975199,10.771606548459477,16,17,60.0,5.0,0.0,0.0
5,10.0,B,470.0,0.5336331010975199,10.771606548459477,16,18,60.0,5.0,0.0,0.0
5,10.0,B,470.0,0.5336331010975199,10.771606548459477,16,19,60.0,5.0,0.0,0.0
5,10.0,B,470.0,0.5336331010975199,10.771606548459477,16,20,60.0,5.0,0.0,0.0
5,10.0,B,470.0,0.5336331010975199,10.771606548459477,16,21,60.0,5.0,0.0,0.0
5,10.0,B,470.0,0.5336331010975199,10.771606548459477,16,22,60.0,5.0,0.0,0.0
5,10.0,B,470.0,0.5336331010975199,10.771606548459477,16,23,60.0,5.0,0.0,0.0
5,10.0,B,470.0,0.5336331010975199,10.771606548459477,16,24,60.0,5.0,0.0,0.0
5,10.0,B,470.0,0.5336331010975199,10.771606548459477,16,25,60.0,5.0,0.0,0.0
5,10.0,B,470.0,0.5336331010975199,10.771606548459477,16,26,60.0,5.0,0.0,0.0
5,10.0,B,470.0,0.5336331010975199,10.771606548459477,16,27,60.0,5.0,0.0,0.0
5,10.0,B,470.0,0.5336331010975199,10.771606548459477,16,28,60.0,5.0,0.0,0.0
5,10.0,B,470.0,0.5336331010975199,10.771606548459477,16,29,60.0,5.0,0.0,0.0
5,10.0,B,470.0,0.5336331010975199,10.771606548459477,16,30,60.0,5.0,0.0,0.0
5,10.0,B,470.0,0.5336331010975199,10.771606548459477,16,31,60.0,5.0,0.0,0.0
5,10.0,B,470.0,0.5336331010975199,10.771606548459477,16,32,60.0,5.0,0.0,0.0
5,10.0,B,470.0,0.5336331010975199,10.771606548459477,16,33,60.0,5.0,0.0,0.0
5,10.0,B,470.0,0.5336331010975199,10.771606548459477,16,34,60.0,5.0,0.0,0.0
5,10.0,B,470.0,0.5336331010975199,10.771606548459477,16,35,60.0,5.0,0.0,0.0
5,10.0,B,470.0,0.5336331010975199,10.771606548459477,17,0,60.0,5.0,0.0,0.0
5,10.0,B,470.0,0.5336331010975199,10.771606548459477,17,1,60.0,5.0,0.0,0.0
5,10.0,B,470.0,0.5336331010975199,10.771606548459477,17,2,60.0,5.0,0.0,0.0
5,10.0,B,470.0,0.5336331010975199,10.771606548459477,17,3,60.0,5.0,0.0,0.0
5,10.0,B,470.0,0.5336331010975199,10.771606548459477,17,4,60.0,5.0,0.0,0.0
5,10.0,B,470.0,0.5336331010975199,10.771606548459477,17,5,60.0,5.0,0.0,0.0
5,10.0,B,470.0,0.5336331010975199,10.771606548459477,17,6,60.0,5.0,0.0,0.0
5,10.0,B,470.0,0.5336331010975199,10.771606548459477,17,7,60.0,5.0,0.0,0.0
5,10.0,B,470.0,0.5336331010975199,10.771606548459477,17,8,60.0,5.0,0.0,0.0
5,10.0,B,470.0,0.5336331010975199,10.771606548459477,17,9,60.0,5.0,0.0,0.0
5,10.0,B,470.0,0.5336331010975199,10.771606548459477,17,10,60.0,5.0,0.0,0.0
5,10.0,B,470.0,0.5336331010975199,10.771606548459477,17,11,60.0,5.0,0.0,0.0
5,10.0,B,470.0,0.5336331010975199,10.771606548459477,17,12,60.0,5.0,0.0,0.0
5,10.0,B,470.0,0.5336331010975199,10.771606548459477,17,13,60.0,5.0,0.0,0.0
5,10.0,B,470.0,0.5336331010975199,10.771606548459477,17,14,60.0,5.0,0.0,0.0
5,10.0,B,470.0,0.5336331010975199,10.771606548459477,17,15,60.0,5.0,0.0,0.0
5,10.0,B,470.0,0.5336331010975199,10.771606548459477,17,16,60.0,5.0,0.0,0.0
5,10.0,B,470.0,0.5336331010975199,10.771606548459477,17,17,60.0,5.0,0.0,0.0
5,10.0,B,470.0,0.5336331010975199,10.771606548459477,17,18,60.0,5.0,0.0,0.0
5,10.0,B,470.0,0.5336331010975199,10.771606548459477,17,19,60.0,5.0,0.0,0.0
5,10.0,B,470.0,0.5336331010975199,10.771606548459477,17,20,60.0,5.0,0.0,0.0
5,10.0,B,470.0,0.5336331010975199,10.771606548459477,17,21,60.0,5.0,0.0,0.0
5,10.0,B,470.0,0.5336331010975199,10.771606548459477,17,22,60.0,5.0,0.0,0.0
5,10.0,B,470.0,0.5336331010975199,10.771606548459477,17,23,60.0,5.0,0.0,0.0
5,10.0,B,470.0,0.5336331010975199,10.771606548459477,17,24,60.0,5.0,0.0,0.0
5,10.0,B,470.0,0.5336331010975199,10.771606548459477,17,25,60.0,5.0,0.0,0.0
5,10.0,B,470.0,0.5336331010975199,10.771606548459477,17,26,60.0,5.0,0.0,0.0
5,10.0,B,470.0,0.5336331010975199,10.771606548459477,17,27,60.0,5.0,0.0,0.0
5,10.0,B,470.0,0.5336331010975199,10.771606548459477,17,28,60.0,5.0,0.0,0.0
5,10.0,B,470.0,0.5336331010975199,10.771606548459477,17,29,60.0,5.0,0.0,0.0
5,10.0,B,470.0,0.5336331010975199,10.771606548459477,17,30,60.0,5.0,0.0,0.0
5,10.0,B,470.0,0.5336331010975199,10.771606548459477,17,31,60.0,5.0,0.0,0.0
5,10.0,B,470.0,0.5336331010975199,10.771606548459477,17,32,60.0,5.0,0.0,0.0
5,10.0,B,470.0,0.5336331010975199,10.771606548459477,17,33,60.0,5.0,0.0,0.0
5,10.0,B,470.0,0.5336331010975199,10.771606548459477,17,34,60.0,5.0,0.0,0.0
5,10.0,B,470.0,0.5336331010975199,10.771606548459477,17,35,60.0,5.0,0.0,0.0
5,10.0,B,470.0,0.5336331010975199,10.771606548459477,18,0,60.0,5.0,0.0,0.0
5,10.0,B,470.0,0.5336331010975199,10.771606548459477,18,1,60.0,5.0,0.0,0.0
5,10.0,B,470.0,0.5336331010975199,10.771606548459477,18,2,60.0,5.0,0.0,0.0
5,10.0,B,470.0,0.5336331010975199,10.771606548459477,18,3,60.0,5.0,0.0,0.0
5,10.0,B,470.0,0.5336331010975199,10.771606548459477,18,4,60.0,5.0,0.0,0.0
5,10.0,B,470.0,0.5336331010975199,10.771606548459477,18,5,60.0,5.0,0.0,0.0
5,10.0,B,470.0,0.5336331010975199,10.771606548459477,18,6,60.0,5.0,0.0,0.0
5,10.0,B,470.0,0.5336331010975199,10.771606548459477,18,7,60.0,5.0,0.0,0.0
5,10.0,B,470.0,0.5336331010975199,10.771606548459477,18,8,60.0,5.0,0.0,0.0
5,10.0,B,470.0,0.5336331010975199,10.771606548459477,18,9,60.0,5.0,0.0,0.0
5,10.0,B,470.0,0.5336331010975199,10.771606548459477,18,10,60.0,5.0,0.0,0.0
5,10.0,B,470.0,0.5336331010975199,10.771606548459477,18,11,60.0,5.0,0.0,0.0
5,10.0,B,470.0,0.5336331010975199,10.771606548459477,18,12,60.0,5.0,0.0,0.0
5,10.0,B,470.0,0.5336331010975199,10.771606548459477,18,13,60.0,5.0,0.0,0.0
5,10.0,B,470.0,0.5336331010975199,10.771606548459477,18,14,60.0,5.0,0.0,0.0
5,10.0,B,470.0,0.5336331010975199,10.771606548459477,18,15,60.0,5.0,0.0,0.0
5,10.0,B,470.0,0.5336331010975199,10.771606548459477,18,16,60.0,5.0,0.0,0.0
5,10.0,B,470.0,0.5336331010975199,10.771606548459477,18,17,60.0,5.0,0.0,0.0
5,10.0,B,470.0,0.5336331010975199,10.771606548459477,18,18,60.0,5.0,0.0,0.0
5,10.0,B,470.0,0.5336331010975199,10.771606548459477,18,19,60.0,5.0,0.0,0.0
5,10.0,B,470.0,0.5336331010975199,10.771606548459477,18,20,60.0,5.0,0.0,0.0
5,10.0,B,470.0,0.5336331010975199,10.771606548459477,18,21,60.0,5.0,0.0,0.0
5,10.0,B,470.0,0.5336331010975199,10.771606548459477,18,22,60.0,5.0,0.0,0.0
5,10.0,B,470.0,0.5336331010975199,10.771606548459477,18,23,60.0,5.0,0.0,0.0
5,10.0,B,470.0,0.5336331010975199,10.771606548459477,18,24,60.0,5.0,0.0,0.0
5,10.0,B,470.0,0.5336331010975199,10.771606548459477,18,25,60.0,5.0,0.0,0.0
5,10.0,B,470.0,0.5336331010975199,10.771606548459477,18,26,60.0,5.0,0.0,0.0
5,10.0,B,470.0,0.5336331010975199,10.771606548459477,18,27,60.0,5.0,0.0,0.0
5,10.0,B,470.0,0.5336331010975199,10.771606548459477,18,28,60.0,5.0,0.0,0.0
5,10.0,B,470.0,0.5336331010975199,10.771606548459477,18,29,60.0,5.0,0.0,0.0
5,10.0,B,470.0,0.5336331010975199,10.771606548459477,18,30,60.0,5.0,0.0,0.0
5,10.0,B,470.0,0.5336331010975199,10.771606548459477,18,31,60.0,5.0,0.0,0.0
5,10.0,B,470.0,0.5336331010975199,10.771606548459477,18,32,60.0,5.0,0.0,0.0
5,10.0,B,470.0,0.5336331010975199,10.771606548459477,18,33,60.0,5.0,0.0,0.0
5,10.0,B,470.0,0.5336331010975199,10.771606548459477,18,34,60.0,5.0,0.0,0.0
5,10.0,B,470.0,0.5336331010975199,10.771606548459477,18,35,60.0,5.0,0.0,0.0
5,10.0,B,470.0,0.5336331010975199,10.771606548459477,19,0,60.0,5.0,0.0,0.0
5,10.0,B,470.0,0.5336331010975199,10.771606548459477,19,1,60.0,5.0,0.0,0.0
5,10.0,B,470.0,0.5336331010975199,10.771606548459477,19,2,60.0,5.0,0.0,0.0
5,10.0,B,470.0,0.5336331010975199,10.771606548459477,19,3,60.0,5.0,0.0,0.0
5,10.0,B,470.0,0.5336331010975199,10.771606548459477,19,4,60.0,5.0,0.0,0.0
5,10.0,B,470.0,0.5336331010975199,10.771606548459477,19,5,60.0,5.0,0.0,0.0
5,10.0,B,470.0,0.5336331010975199,10.771606548459477,19,6,60.0,5.0,0.0,0.0
5,10.0,B,470.0,0.5336331010975199,10.771606548459477,19,7,60.0,5.0,0.0,0.0
5,10.0,B,470.0,0.5336331010975199,10.771606548459477,19,8,60.0,5.0,0.0,0.0
5,10.0,B,470.0,0.5336331010975199,10.771606548459477,19,9,60.0,5.0,0.0,0.0
5,10.0,B,470.0,0.5336331010975199,10.771606548459477,19,10,60.0,5.0,0.0,0.0
5,10.0,B,470.0,0.5336331010975199,10.771606548459477,19,11,60.0,5.0,0.0,0.0
5,10.0,B,470.0,0.5336331010975199,10.771606548459477,19,12,60.0,5.0,0.0,0.0
5,10.0,B,470.0,0.5336331010975199,10.771606548459477,19,13,60.0,5.0,0.0,0.0
5,10.0,B,470.0,0.5336331010975199,10.771606548459477,19,14,60.0,5.0,0.0,0.0
5,10.0,B,470.0,0.5336331010975199,10.771606548459477,19,15,60.0,5.0,0.0,0.0
5,10.0,B,470.0,0.5336331010975199,10.771606548459477,19,16,60.0,5.0,0.0,0.0
5,10.0,B,470.0,0.5336331010975199,10.771606548459477,19,17,60.0,5.0,0.0,0.0
5,10.0,B,470.0,0.5336331010975199,10.771606548459477,19,18,60.0,5.0,0.0,0.0
5,10.0,B,470.0,0.5336331010975199,10.771606548459477,19,19,60.0,5.0,0.0,0.0
5,10.0,B,470.0,0.5336331010975199,10.771606548459477,19,20,60.0,5.0,0.0,0.0
5,10.0,B,470.0,0.5336331010975199,10.771606548459477,19,21,60.0,5.0,0.0,0.0
5,10.0,B,470.0,0.5336331010975199,10.771606548459477,19,22,60.0,5.0,0.0,0.0
5,10.0,B,470.0,0.5336331010975199,10.771606548459477,19,23,60.0,5.0,0.0,0.0
5,10.0,B,470.0,0.5336331010975199,10.771606548459477,19,24,60.0,5.0,0.0,0.0
5,10.0,B,470.0,0.5336331010975199,10.771606548459477,19,25,60.0,5.0,0.0,0.0
5,10.0,B,470.0,0.5336331010975199,10.771606548459477,19,26,60.0,5.0,0.0,0.0
5,10.0,B,470.0,0.5336331010975199,10.771606548459477,19,27,60.0,5.0,0.0,0.0
5,10.0,B,470.0,0.5336331010975199,10.771606548459477,19,28,60.0,5.0,0.0,0.0
5,10.0,B,470.0,0.5336331010975199,10.771606548459477,19,29,60.0,5.0,0.0,0.0
5,10.0,B,470.0,0.5336331010975199,10.771606548459477,19,30,60.0,5.0,0.0,0.0
5,10.0,B,470.0,0.5336331010975199,10.771606548459477,19,31,60.0,5.0,0.0,0.0
5,10.0,B,470.0,0.5336331010975199,10.771606548459477,19,32,60.0,5.0,0.0,0.0
5,10.0,B,470.0,0.5336331010975199,10.771606548459477,19,33,60.0,5.0,0.0,0.0
5,10.0,B,470.0,0.5336331010975199,10.771606548459477,19,34,60.0,5.0,0.0,0.0
5,10.0,B,470.0,0.5336331010975199,10.771606548459477,19,35,60.0,5.0,0.0,0.0
